datetime,count
2011-01-20 00:00:00,14.855697
2011-01-20 01:00:00,9.567429
2011-01-20 02:00:00,9.176961
2011-01-20 03:00:00,7.700432
2011-01-20 04:00:00,6.90518
2011-01-20 05:00:00,8.221135
2011-01-20 06:00:00,32.314
2011-01-20 07:00:00,75.85872
2011-01-20 08:00:00,191.97476
2011-01-20 09:00:00,91.865486
2011-01-20 10:00:00,50.680695
2011-01-20 11:00:00,55.675747
2011-01-20 12:00:00,68.614105
2011-01-20 13:00:00,65.69743
2011-01-20 14:00:00,62.532166
2011-01-20 15:00:00,66.54715
2011-01-20 16:00:00,79.73927
2011-01-20 17:00:00,165.08995
2011-01-20 18:00:00,155.2616
2011-01-20 19:00:00,89.2403
2011-01-20 20:00:00,68.92787
2011-01-20 21:00:00,57.13179
2011-01-20 22:00:00,43.52068
2011-01-20 23:00:00,30.453232
2011-01-21 00:00:00,18.639746
2011-01-21 01:00:00,12.418098
2011-01-21 02:00:00,11.195628
2011-01-21 03:00:00,8.714335
2011-01-21 04:00:00,8.069462
2011-01-21 05:00:00,8.642035
2011-01-21 06:00:00,31.310497
2011-01-21 07:00:00,69.89067
2011-01-21 08:00:00,179.64708
2011-01-21 09:00:00,93.30369
2011-01-21 10:00:00,43.011078
2011-01-21 11:00:00,56.820015
2011-01-21 12:00:00,63.86805
2011-01-21 13:00:00,57.071014
2011-01-21 14:00:00,56.779835
2011-01-21 15:00:00,58.88644
2011-01-21 16:00:00,72.67114
2011-01-21 17:00:00,132.5864
2011-01-21 18:00:00,105.75091
2011-01-21 19:00:00,74.67157
2011-01-21 20:00:00,50.815372
2011-01-21 21:00:00,40.019436
2011-01-21 22:00:00,38.4446
2011-01-21 23:00:00,29.853004
2011-01-22 00:00:00,33.341614
2011-01-22 01:00:00,27.848488
2011-01-22 02:00:00,19.649757
2011-01-22 03:00:00,11.14917
2011-01-22 04:00:00,8.675246
2011-01-22 06:00:00,8.89587
2011-01-22 07:00:00,14.727633
2011-01-22 08:00:00,26.203287
2011-01-22 09:00:00,36.373016
2011-01-22 10:00:00,55.99245
2011-01-22 11:00:00,64.27241
2011-01-22 12:00:00,76.21742
2011-01-22 13:00:00,79.77019
2011-01-22 14:00:00,77.21278
2011-01-22 15:00:00,79.0641
2011-01-22 16:00:00,77.96107
2011-01-22 17:00:00,76.13336
2011-01-22 18:00:00,59.60428
2011-01-22 19:00:00,50.019863
2011-01-22 20:00:00,42.222614
2011-01-22 21:00:00,35.43713
2011-01-22 22:00:00,35.7784
2011-01-22 23:00:00,32.596325
2011-01-23 00:00:00,36.60717
2011-01-23 01:00:00,29.1701
2011-01-23 02:00:00,20.530045
2011-01-23 03:00:00,13.501905
2011-01-23 05:00:00,8.641853
2011-01-23 06:00:00,8.855795
2011-01-23 07:00:00,12.676163
2011-01-23 08:00:00,19.228611
2011-01-23 09:00:00,29.019909
2011-01-23 10:00:00,58.47162
2011-01-23 11:00:00,67.53981
2011-01-23 12:00:00,76.63535
2011-01-23 13:00:00,78.42175
2011-01-23 14:00:00,75.98404
2011-01-23 15:00:00,76.070366
2011-01-23 16:00:00,70.84065
2011-01-23 17:00:00,61.164143
2011-01-23 18:00:00,56.48703
2011-01-23 19:00:00,44.39939
2011-01-23 20:00:00,34.36847
2011-01-23 21:00:00,30.602127
2011-01-23 22:00:00,26.523537
2011-01-23 23:00:00,20.318356
2011-01-24 00:00:00,16.26597
2011-01-24 01:00:00,11.110319
2011-01-24 03:00:00,8.440556
2011-01-24 04:00:00,7.367542
2011-01-24 05:00:00,8.531471
2011-01-24 06:00:00,24.738876
2011-01-24 07:00:00,62.809383
2011-01-24 08:00:00,157.94547
2011-01-24 09:00:00,81.6596
2011-01-24 10:00:00,34.014965
2011-01-24 11:00:00,35.376457
2011-01-24 12:00:00,54.75329
2011-01-24 13:00:00,54.375664
2011-01-24 14:00:00,44.791763
2011-01-24 15:00:00,55.444252
2011-01-24 16:00:00,63.87252
2011-01-24 17:00:00,129.93565
2011-01-24 18:00:00,126.986755
2011-01-24 19:00:00,84.405334
2011-01-24 20:00:00,62.100903
2011-01-24 21:00:00,44.689663
2011-01-24 22:00:00,30.13928
2011-01-24 23:00:00,20.009535
2011-01-25 00:00:00,15.510812
2011-01-25 01:00:00,11.598305
2011-01-25 02:00:00,10.620274
2011-01-25 04:00:00,7.746353
2011-01-25 05:00:00,8.6010895
2011-01-25 06:00:00,27.721933
2011-01-25 07:00:00,69.72837
2011-01-25 08:00:00,172.89537
2011-01-25 09:00:00,89.194786
2011-01-25 10:00:00,43.694847
2011-01-25 11:00:00,50.875237
2011-01-25 12:00:00,65.46186
2011-01-25 13:00:00,64.320564
2011-01-25 14:00:00,59.45567
2011-01-25 15:00:00,63.001366
2011-01-25 16:00:00,77.88396
2011-01-25 17:00:00,178.45253
2011-01-25 18:00:00,164.21494
2011-01-25 19:00:00,92.27281
2011-01-25 20:00:00,68.82344
2011-01-25 21:00:00,55.76451
2011-01-25 22:00:00,36.57408
2011-01-25 23:00:00,18.109362
2011-01-26 00:00:00,8.8008375
2011-01-26 01:00:00,5.052163
2011-01-26 02:00:00,3.452919
2011-01-26 05:00:00,2.620608
2011-01-26 06:00:00,12.936826
2011-01-26 07:00:00,31.581968
2011-01-26 08:00:00,78.7559
2011-01-26 09:00:00,47.766502
2011-01-26 10:00:00,19.477646
2011-01-26 11:00:00,20.709373
2011-01-26 12:00:00,22.107586
2011-01-26 13:00:00,23.470167
2011-01-26 14:00:00,19.487305
2011-01-26 15:00:00,21.01364
2011-01-26 16:00:00,35.52782
2011-01-26 17:00:00,59.579815
2011-01-27 16:00:00,59.169827
2011-01-27 17:00:00,123.46214
2011-01-27 18:00:00,118.013306
2011-01-27 19:00:00,71.54642
2011-01-27 20:00:00,55.819504
2011-01-27 21:00:00,44.777786
2011-01-27 22:00:00,35.973663
2011-01-27 23:00:00,23.810097
2011-01-28 00:00:00,10.868629
2011-01-28 01:00:00,6.193552
2011-01-28 02:00:00,4.4034758
2011-01-28 03:00:00,3.6745489
2011-01-28 05:00:00,4.207954
2011-01-28 06:00:00,22.983143
2011-01-28 07:00:00,54.691822
2011-01-28 08:00:00,153.54259
2011-01-28 09:00:00,61.021637
2011-01-28 10:00:00,26.921904
2011-01-28 11:00:00,29.412493
2011-01-28 12:00:00,31.18555
2011-01-28 13:00:00,31.95022
2011-01-28 14:00:00,25.831442
2011-01-28 15:00:00,45.877293
2011-01-28 16:00:00,59.18739
2011-01-28 17:00:00,133.22214
2011-01-28 18:00:00,107.47926
2011-01-28 19:00:00,70.87951
2011-01-28 20:00:00,48.757065
2011-01-28 21:00:00,37.25009
2011-01-28 22:00:00,34.802948
2011-01-28 23:00:00,31.411257
2011-01-29 00:00:00,26.667274
2011-01-29 01:00:00,19.901997
2011-01-29 02:00:00,13.358879
2011-01-29 03:00:00,7.3677998
2011-01-29 04:00:00,3.708481
2011-01-29 06:00:00,4.1129875
2011-01-29 07:00:00,8.584114
2011-01-29 08:00:00,18.253002
2011-01-29 09:00:00,32.45404
2011-01-29 10:00:00,48.40098
2011-01-29 11:00:00,53.407955
2011-01-29 12:00:00,66.0234
2011-01-29 13:00:00,67.91261
2011-01-29 14:00:00,61.944412
2011-01-29 15:00:00,66.42631
2011-01-29 16:00:00,67.1312
2011-01-29 17:00:00,63.12325
2011-01-29 18:00:00,55.483562
2011-01-29 19:00:00,46.336956
2011-01-29 20:00:00,40.828823
2011-01-29 21:00:00,33.553307
2011-01-29 22:00:00,31.30273
2011-01-29 23:00:00,25.7734
2011-01-30 00:00:00,28.466927
2011-01-30 01:00:00,27.610384
2011-01-30 02:00:00,17.01958
2011-01-30 03:00:00,9.501072
2011-01-30 04:00:00,3.9003983
2011-01-30 05:00:00,4.0104637
2011-01-30 07:00:00,7.5120907
2011-01-30 08:00:00,15.799458
2011-01-30 09:00:00,28.889921
2011-01-30 10:00:00,52.00833
2011-01-30 11:00:00,62.365593
2011-01-30 12:00:00,78.11804
2011-01-30 13:00:00,71.106995
2011-01-30 14:00:00,69.793365
2011-01-30 15:00:00,74.30316
2011-01-30 16:00:00,74.42777
2011-01-30 17:00:00,65.17931
2011-01-30 18:00:00,53.602676
2011-01-30 19:00:00,45.889263
2011-01-30 20:00:00,33.4467
2011-01-30 21:00:00,29.162327
2011-01-30 22:00:00,24.449963
2011-01-30 23:00:00,14.290924
2011-01-31 00:00:00,8.427382
2011-01-31 01:00:00,4.721255
2011-01-31 02:00:00,3.9804325
2011-01-31 03:00:00,3.2965262
2011-01-31 04:00:00,2.810603
2011-01-31 05:00:00,3.0253222
2011-01-31 06:00:00,19.531586
2011-01-31 07:00:00,49.41612
2011-01-31 08:00:00,133.84753
2011-01-31 09:00:00,62.291252
2011-01-31 10:00:00,29.541407
2011-01-31 11:00:00,33.264835
2011-01-31 12:00:00,44.420048
2011-01-31 13:00:00,43.335648
2011-01-31 14:00:00,37.426018
2011-01-31 15:00:00,39.146534
2011-01-31 16:00:00,50.629265
2011-01-31 17:00:00,114.83995
2011-01-31 18:00:00,107.85906
2011-01-31 19:00:00,75.398056
2011-01-31 20:00:00,36.781277
2011-01-31 21:00:00,31.082714
2011-01-31 22:00:00,28.623154
2011-01-31 23:00:00,14.940563
2011-02-20 00:00:00,30.599518
2011-02-20 01:00:00,26.367552
2011-02-20 02:00:00,20.06963
2011-02-20 03:00:00,8.6064205
2011-02-20 04:00:00,5.2690735
2011-02-20 06:00:00,5.8650637
2011-02-20 07:00:00,13.939355
2011-02-20 08:00:00,21.977322
2011-02-20 09:00:00,35.734703
2011-02-20 10:00:00,61.762955
2011-02-20 11:00:00,76.06706
2011-02-20 12:00:00,108.14439
2011-02-20 13:00:00,113.13903
2011-02-20 14:00:00,114.11937
2011-02-20 15:00:00,130.37659
2011-02-20 16:00:00,117.047195
2011-02-20 17:00:00,86.1458
2011-02-20 18:00:00,69.15939
2011-02-20 19:00:00,58.662834
2011-02-20 20:00:00,46.138256
2011-02-20 21:00:00,37.763905
2011-02-20 22:00:00,37.087715
2011-02-20 23:00:00,23.65664
2011-02-21 00:00:00,26.165861
2011-02-21 01:00:00,17.529816
2011-02-21 02:00:00,11.881365
2011-02-21 03:00:00,6.3514466
2011-02-21 04:00:00,5.021513
2011-02-21 05:00:00,6.47138
2011-02-21 06:00:00,16.828075
2011-02-21 07:00:00,49.768433
2011-02-21 08:00:00,80.10348
2011-02-21 09:00:00,63.244167
2011-02-21 10:00:00,62.34513
2011-02-21 11:00:00,71.105
2011-02-21 12:00:00,76.31605
2011-02-21 13:00:00,53.239925
2011-02-21 14:00:00,70.57149
2011-02-21 15:00:00,67.949814
2011-02-21 16:00:00,56.13241
2011-02-21 17:00:00,88.46641
2011-02-21 18:00:00,66.212944
2011-02-21 19:00:00,61.606106
2011-02-21 20:00:00,33.91745
2011-02-21 21:00:00,30.238077
2011-02-21 22:00:00,24.298527
2011-02-21 23:00:00,15.537498
2011-02-22 06:00:00,24.297272
2011-02-22 07:00:00,57.822445
2011-02-22 08:00:00,163.76257
2011-02-22 09:00:00,79.96126
2011-02-22 10:00:00,43.64538
2011-02-22 11:00:00,47.754993
2011-02-22 12:00:00,57.23345
2011-02-22 13:00:00,58.210785
2011-02-22 14:00:00,54.45637
2011-02-22 15:00:00,58.501663
2011-02-22 16:00:00,62.80199
2011-02-22 17:00:00,143.0453
2011-02-22 18:00:00,139.21408
2011-02-22 19:00:00,75.25672
2011-02-22 20:00:00,60.54292
2011-02-22 21:00:00,49.88298
2011-02-22 22:00:00,35.845367
2011-02-22 23:00:00,22.993818
2011-02-23 00:00:00,12.601733
2011-02-23 01:00:00,7.7667418
2011-02-23 02:00:00,6.636228
2011-02-23 03:00:00,5.682267
2011-02-23 05:00:00,6.3963375
2011-02-23 06:00:00,28.491016
2011-02-23 07:00:00,67.93213
2011-02-23 08:00:00,177.67099
2011-02-23 09:00:00,90.6194
2011-02-23 10:00:00,45.359123
2011-02-23 11:00:00,51.97948
2011-02-23 12:00:00,62.42427
2011-02-23 13:00:00,66.940254
2011-02-23 14:00:00,59.24415
2011-02-23 15:00:00,63.99745
2011-02-23 16:00:00,70.43346
2011-02-23 17:00:00,190.74368
2011-02-23 18:00:00,175.51752
2011-02-23 19:00:00,88.82026
2011-02-23 20:00:00,65.460655
2011-02-23 21:00:00,53.559753
2011-02-23 22:00:00,40.239887
2011-02-23 23:00:00,29.247723
2011-02-24 00:00:00,13.2636795
2011-02-24 01:00:00,8.380829
2011-02-24 02:00:00,6.866027
2011-02-24 03:00:00,5.8882556
2011-02-24 05:00:00,6.7224073
2011-02-24 06:00:00,29.942549
2011-02-24 07:00:00,74.015205
2011-02-24 08:00:00,205.74573
2011-02-24 09:00:00,88.04617
2011-02-24 10:00:00,45.779133
2011-02-24 11:00:00,51.44624
2011-02-24 12:00:00,60.796177
2011-02-24 13:00:00,61.62815
2011-02-24 14:00:00,55.035343
2011-02-24 15:00:00,34.194305
2011-02-24 16:00:00,41.890846
2011-02-24 17:00:00,118.69298
2011-02-24 18:00:00,106.02892
2011-02-24 19:00:00,49.206253
2011-02-24 20:00:00,54.29608
2011-02-24 21:00:00,46.549217
2011-02-24 22:00:00,22.890009
2011-02-24 23:00:00,26.100552
2011-02-25 00:00:00,10.67377
2011-02-25 01:00:00,7.540122
2011-02-25 02:00:00,5.617985
2011-02-25 03:00:00,3.751739
2011-02-25 05:00:00,5.316503
2011-02-25 06:00:00,26.314552
2011-02-25 07:00:00,48.185123
2011-02-25 08:00:00,129.71368
2011-02-25 09:00:00,55.599163
2011-02-25 10:00:00,25.897543
2011-02-25 11:00:00,75.86328
2011-02-25 12:00:00,79.07431
2011-02-25 13:00:00,74.14619
2011-02-25 14:00:00,74.39823
2011-02-25 15:00:00,88.14443
2011-02-25 16:00:00,68.82822
2011-02-25 17:00:00,146.82678
2011-02-25 18:00:00,114.84549
2011-02-25 19:00:00,68.75346
2011-02-25 20:00:00,46.07252
2011-02-25 21:00:00,43.36289
2011-02-25 22:00:00,36.22612
2011-02-25 23:00:00,30.586836
2011-02-26 00:00:00,26.489742
2011-02-26 01:00:00,18.890266
2011-02-26 02:00:00,13.679258
2011-02-26 03:00:00,7.5491886
2011-02-26 04:00:00,3.7344213
2011-02-26 05:00:00,3.8990493
2011-02-26 06:00:00,4.185049
2011-02-26 07:00:00,15.576079
2011-02-26 08:00:00,26.362751
2011-02-26 09:00:00,45.762653
2011-02-26 10:00:00,62.858498
2011-02-26 11:00:00,77.04479
2011-02-26 12:00:00,95.12904
2011-02-26 13:00:00,101.16539
2011-02-26 14:00:00,87.879524
2011-02-26 15:00:00,102.1555
2011-02-26 16:00:00,101.30556
2011-02-26 17:00:00,89.19184
2011-02-26 18:00:00,69.019966
2011-02-26 19:00:00,55.773506
2011-02-26 20:00:00,49.038914
2011-02-26 21:00:00,40.190212
2011-02-26 22:00:00,40.137943
2011-02-26 23:00:00,30.42431
2011-02-27 00:00:00,30.765192
2011-02-27 01:00:00,28.51668
2011-02-27 02:00:00,20.672403
2011-02-27 03:00:00,10.737743
2011-02-27 04:00:00,3.8667254
2011-02-27 06:00:00,4.150135
2011-02-27 07:00:00,13.922426
2011-02-27 08:00:00,25.914581
2011-02-27 09:00:00,44.62298
2011-02-27 10:00:00,64.43427
2011-02-27 11:00:00,89.39543
2011-02-27 12:00:00,129.243
2011-02-27 13:00:00,134.0054
2011-02-27 14:00:00,144.29263
2011-02-27 15:00:00,175.45135
2011-02-27 16:00:00,185.83365
2011-02-27 17:00:00,105.88985
2011-02-27 18:00:00,71.49482
2011-02-27 19:00:00,59.63182
2011-02-27 20:00:00,51.074142
2011-02-27 21:00:00,44.47432
2011-02-27 22:00:00,35.990704
2011-02-27 23:00:00,24.857924
2011-02-28 00:00:00,11.332047
2011-02-28 01:00:00,4.7272344
2011-02-28 03:00:00,3.4528275
2011-02-28 05:00:00,4.6291485
2011-02-28 06:00:00,27.592468
2011-02-28 07:00:00,69.19745
2011-02-28 08:00:00,164.91129
2011-02-28 09:00:00,88.002235
2011-02-28 10:00:00,56.12481
2011-02-28 11:00:00,67.1087
2011-02-28 12:00:00,80.35471
2011-02-28 13:00:00,48.403355
2011-02-28 14:00:00,28.178497
2011-02-28 15:00:00,28.610378
2011-02-28 16:00:00,49.43894
2011-02-28 17:00:00,66.59982
2011-02-28 18:00:00,80.40963
2011-02-28 19:00:00,50.057957
2011-02-28 20:00:00,33.048954
2011-02-28 21:00:00,42.30182
2011-02-28 22:00:00,16.25196
2011-02-28 23:00:00,13.9556265
2011-03-20 00:00:00,41.72393
2011-03-20 01:00:00,39.118694
2011-03-20 02:00:00,28.574566
2011-03-20 03:00:00,17.994184
2011-03-20 04:00:00,10.64146
2011-03-20 05:00:00,10.911419
2011-03-20 06:00:00,11.808963
2011-03-20 07:00:00,24.169193
2011-03-20 08:00:00,41.715485
2011-03-20 09:00:00,78.870674
2011-03-20 10:00:00,109.57084
2011-03-20 11:00:00,150.07227
2011-03-20 12:00:00,188.48744
2011-03-20 13:00:00,189.44147
2011-03-20 14:00:00,187.13297
2011-03-20 15:00:00,202.91061
2011-03-20 16:00:00,196.66226
2011-03-20 17:00:00,165.464
2011-03-20 18:00:00,132.51375
2011-03-20 19:00:00,96.55887
2011-03-20 20:00:00,76.29224
2011-03-20 21:00:00,62.646244
2011-03-20 22:00:00,50.291
2011-03-20 23:00:00,31.237803
2011-03-21 00:00:00,24.578358
2011-03-21 01:00:00,16.78147
2011-03-21 02:00:00,16.346514
2011-03-21 03:00:00,11.81
2011-03-21 05:00:00,11.673197
2011-03-21 06:00:00,30.133577
2011-03-21 07:00:00,69.14837
2011-03-21 08:00:00,222.69878
2011-03-21 09:00:00,106.8599
2011-03-21 10:00:00,65.39227
2011-03-21 11:00:00,77.64064
2011-03-21 12:00:00,93.68123
2011-03-21 13:00:00,108.94758
2011-03-21 14:00:00,100.351395
2011-03-21 15:00:00,118.12351
2011-03-21 16:00:00,145.54788
2011-03-21 17:00:00,298.89093
2011-03-21 18:00:00,290.21014
2011-03-21 19:00:00,232.9578
2011-03-21 20:00:00,155.96207
2011-03-21 21:00:00,81.05603
2011-03-21 22:00:00,65.93059
2011-03-21 23:00:00,45.74804
2011-03-22 00:00:00,34.538727
2011-03-22 01:00:00,18.209154
2011-03-22 02:00:00,17.589598
2011-03-22 03:00:00,11.708549
2011-03-22 04:00:00,9.673391
2011-03-22 05:00:00,14.6847
2011-03-22 06:00:00,51.138515
2011-03-22 07:00:00,126.573875
2011-03-22 08:00:00,272.7095
2011-03-22 09:00:00,125.3361
2011-03-22 10:00:00,81.139946
2011-03-22 11:00:00,85.3453
2011-03-22 12:00:00,109.48857
2011-03-22 13:00:00,112.22875
2011-03-22 14:00:00,100.464096
2011-03-22 15:00:00,107.08471
2011-03-22 16:00:00,156.31561
2011-03-22 17:00:00,312.64896
2011-03-22 18:00:00,292.33862
2011-03-22 19:00:00,176.12169
2011-03-22 20:00:00,109.15905
2011-03-22 21:00:00,86.80197
2011-03-22 22:00:00,67.27188
2011-03-22 23:00:00,40.798397
2011-03-23 00:00:00,25.826067
2011-03-23 01:00:00,18.144194
2011-03-23 02:00:00,17.434685
2011-03-23 03:00:00,11.933747
2011-03-23 05:00:00,13.733049
2011-03-23 06:00:00,38.031635
2011-03-23 07:00:00,99.59638
2011-03-23 08:00:00,252.38158
2011-03-23 09:00:00,116.53241
2011-03-23 10:00:00,56.874012
2011-03-23 11:00:00,64.58888
2011-03-23 12:00:00,71.443756
2011-03-23 13:00:00,72.56583
2011-03-23 14:00:00,70.81566
2011-03-23 15:00:00,78.761215
2011-03-23 16:00:00,107.7715
2011-03-23 17:00:00,236.59744
2011-03-23 18:00:00,141.82826
2011-03-23 19:00:00,101.530334
2011-03-23 20:00:00,44.250565
2011-03-23 21:00:00,40.46629
2011-03-23 22:00:00,46.095535
2011-03-23 23:00:00,29.747957
2011-03-24 00:00:00,23.78077
2011-03-24 01:00:00,18.42893
2011-03-24 02:00:00,17.90101
2011-03-24 03:00:00,13.030413
2011-03-24 04:00:00,10.599611
2011-03-24 05:00:00,12.63448
2011-03-24 06:00:00,40.046535
2011-03-24 07:00:00,76.91304
2011-03-24 08:00:00,141.1386
2011-03-24 09:00:00,114.28649
2011-03-24 10:00:00,57.944542
2011-03-24 11:00:00,64.65287
2011-03-24 12:00:00,82.4043
2011-03-24 13:00:00,87.49626
2011-03-24 14:00:00,81.50441
2011-03-24 15:00:00,80.5481
2011-03-24 16:00:00,102.70749
2011-03-24 17:00:00,208.94629
2011-03-24 18:00:00,191.81053
2011-03-24 19:00:00,131.82387
2011-03-24 20:00:00,94.253365
2011-03-24 21:00:00,80.41463
2011-03-24 22:00:00,65.58571
2011-03-24 23:00:00,43.497124
2011-03-25 00:00:00,26.506748
2011-03-25 01:00:00,18.494368
2011-03-25 02:00:00,17.408413
2011-03-25 03:00:00,12.358713
2011-03-25 04:00:00,10.041852
2011-03-25 05:00:00,12.533073
2011-03-25 06:00:00,35.15309
2011-03-25 07:00:00,103.824615
2011-03-25 08:00:00,250.78421
2011-03-25 09:00:00,131.93428
2011-03-25 10:00:00,76.41922
2011-03-25 11:00:00,85.02997
2011-03-25 12:00:00,103.17642
2011-03-25 13:00:00,104.96921
2011-03-25 14:00:00,101.478424
2011-03-25 15:00:00,100.10633
2011-03-25 16:00:00,122.74293
2011-03-25 17:00:00,225.00943
2011-03-25 18:00:00,191.51971
2011-03-25 19:00:00,115.769295
2011-03-25 20:00:00,87.35122
2011-03-25 21:00:00,73.54866
2011-03-25 22:00:00,51.931366
2011-03-25 23:00:00,33.20578
2011-03-26 00:00:00,28.090229
2011-03-26 01:00:00,20.928837
2011-03-26 02:00:00,13.548406
2011-03-26 03:00:00,6.7085805
2011-03-26 04:00:00,3.6358664
2011-03-26 05:00:00,3.898305
2011-03-26 06:00:00,7.3366547
2011-03-26 07:00:00,18.195148
2011-03-26 08:00:00,31.443573
2011-03-26 09:00:00,58.887024
2011-03-26 10:00:00,73.62096
2011-03-26 11:00:00,87.13096
2011-03-26 12:00:00,132.37018
2011-03-26 13:00:00,147.87222
2011-03-26 14:00:00,149.73845
2011-03-26 15:00:00,160.1464
2011-03-26 16:00:00,141.08354
2011-03-26 17:00:00,121.234436
2011-03-26 18:00:00,94.11784
2011-03-26 19:00:00,61.944183
2011-03-26 20:00:00,49.569904
2011-03-26 21:00:00,43.29586
2011-03-26 22:00:00,40.6958
2011-03-26 23:00:00,27.577833
2011-03-27 00:00:00,31.698845
2011-03-27 01:00:00,23.542412
2011-03-27 02:00:00,16.50528
2011-03-27 03:00:00,8.060024
2011-03-27 04:00:00,3.8617334
2011-03-27 06:00:00,6.3385525
2011-03-27 07:00:00,18.118624
2011-03-27 08:00:00,26.429298
2011-03-27 09:00:00,50.00276
2011-03-27 10:00:00,69.278206
2011-03-27 11:00:00,88.11598
2011-03-27 12:00:00,117.80198
2011-03-27 13:00:00,136.49863
2011-03-27 14:00:00,135.83292
2011-03-27 15:00:00,135.05371
2011-03-27 16:00:00,135.90036
2011-03-27 17:00:00,122.55704
2011-03-27 18:00:00,81.45295
2011-03-27 19:00:00,63.59682
2011-03-27 20:00:00,47.762886
2011-03-27 21:00:00,39.8243
2011-03-27 22:00:00,33.416695
2011-03-27 23:00:00,21.828009
2011-03-28 00:00:00,9.8705015
2011-03-28 01:00:00,4.990607
2011-03-28 02:00:00,4.516196
2011-03-28 03:00:00,3.2621777
2011-03-28 05:00:00,5.6499443
2011-03-28 06:00:00,25.05867
2011-03-28 07:00:00,71.014275
2011-03-28 08:00:00,193.04643
2011-03-28 09:00:00,82.27987
2011-03-28 10:00:00,47.094833
2011-03-28 11:00:00,49.998432
2011-03-28 12:00:00,60.432312
2011-03-28 13:00:00,60.648056
2011-03-28 14:00:00,58.024242
2011-03-28 15:00:00,58.276882
2011-03-28 16:00:00,69.918274
2011-03-28 17:00:00,190.1346
2011-03-28 18:00:00,170.38994
2011-03-28 19:00:00,124.64062
2011-03-28 20:00:00,66.523926
2011-03-28 21:00:00,55.827915
2011-03-28 22:00:00,40.39562
2011-03-28 23:00:00,21.462702
2011-03-29 00:00:00,9.291956
2011-03-29 01:00:00,4.396491
2011-03-29 02:00:00,4.4356527
2011-03-29 03:00:00,3.066681
2011-03-29 04:00:00,2.8120468
2011-03-29 05:00:00,5.7437897
2011-03-29 06:00:00,29.783436
2011-03-29 07:00:00,75.39628
2011-03-29 08:00:00,216.08194
2011-03-29 09:00:00,94.0093
2011-03-29 10:00:00,49.038654
2011-03-29 11:00:00,52.67698
2011-03-29 12:00:00,66.41535
2011-03-29 13:00:00,62.034233
2011-03-29 14:00:00,59.951683
2011-03-29 15:00:00,60.518806
2011-03-29 16:00:00,86.01723
2011-03-29 17:00:00,234.22202
2011-03-29 18:00:00,216.23682
2011-03-29 19:00:00,130.11296
2011-03-29 20:00:00,76.85304
2011-03-29 21:00:00,54.797493
2011-03-29 22:00:00,46.30661
2011-03-29 23:00:00,27.990416
2011-03-30 00:00:00,10.50965
2011-03-30 01:00:00,6.456575
2011-03-30 02:00:00,4.896424
2011-03-30 03:00:00,3.345131
2011-03-30 04:00:00,3.0963452
2011-03-30 05:00:00,7.193819
2011-03-30 06:00:00,32.85419
2011-03-30 07:00:00,85.978546
2011-03-30 08:00:00,230.53552
2011-03-30 09:00:00,99.637566
2011-03-30 10:00:00,48.073456
2011-03-30 11:00:00,49.704185
2011-03-30 12:00:00,62.51646
2011-03-30 13:00:00,60.823627
2011-03-30 14:00:00,51.19441
2011-03-30 15:00:00,36.601852
2011-03-30 16:00:00,42.21864
2011-03-30 17:00:00,88.532875
2011-03-30 18:00:00,89.66981
2011-03-30 19:00:00,62.43487
2011-03-30 20:00:00,38.42419
2011-03-30 21:00:00,41.241756
2011-03-30 22:00:00,26.065634
2011-03-30 23:00:00,15.0181
2011-03-31 00:00:00,8.944823
2011-03-31 01:00:00,5.973554
2011-03-31 02:00:00,5.8646755
2011-03-31 03:00:00,3.71545
2011-03-31 04:00:00,3.1778302
2011-03-31 05:00:00,5.9074197
2011-03-31 06:00:00,22.5808
2011-03-31 07:00:00,51.363365
2011-03-31 08:00:00,176.25099
2011-03-31 09:00:00,52.76096
2011-03-31 10:00:00,34.002277
2011-03-31 11:00:00,41.093826
2011-03-31 12:00:00,45.27494
2011-03-31 13:00:00,51.320404
2011-03-31 14:00:00,43.685635
2011-03-31 15:00:00,34.036198
2011-03-31 16:00:00,58.17648
2011-03-31 17:00:00,136.12927
2011-03-31 18:00:00,141.71967
2011-03-31 19:00:00,94.551506
2011-03-31 20:00:00,41.167503
2011-03-31 21:00:00,47.976906
2011-03-31 22:00:00,27.535501
2011-03-31 23:00:00,21.703836
2011-04-20 00:00:00,46.94921
2011-04-20 01:00:00,27.818563
2011-04-20 02:00:00,26.826654
2011-04-20 03:00:00,17.557701
2011-04-20 04:00:00,12.529484
2011-04-20 05:00:00,17.997795
2011-04-20 06:00:00,68.57464
2011-04-20 07:00:00,171.73271
2011-04-20 08:00:00,361.6395
2011-04-20 09:00:00,169.3862
2011-04-20 10:00:00,106.91478
2011-04-20 11:00:00,121.5751
2011-04-20 12:00:00,159.38416
2011-04-20 13:00:00,153.64117
2011-04-20 14:00:00,132.4546
2011-04-20 15:00:00,138.07544
2011-04-20 16:00:00,193.21712
2011-04-20 17:00:00,355.2789
2011-04-20 18:00:00,343.58508
2011-04-20 19:00:00,264.97006
2011-04-20 20:00:00,194.77753
2011-04-20 21:00:00,158.51797
2011-04-20 22:00:00,123.53006
2011-04-20 23:00:00,77.10503
2011-04-21 00:00:00,59.743153
2011-04-21 01:00:00,38.456383
2011-04-21 02:00:00,36.301907
2011-04-21 03:00:00,23.02088
2011-04-21 04:00:00,15.3903
2011-04-21 05:00:00,22.009212
2011-04-21 06:00:00,61.024727
2011-04-21 07:00:00,178.79213
2011-04-21 08:00:00,330.24713
2011-04-21 09:00:00,167.64482
2011-04-21 10:00:00,99.79217
2011-04-21 11:00:00,114.67775
2011-04-21 12:00:00,154.90018
2011-04-21 13:00:00,149.77803
2011-04-21 14:00:00,135.52513
2011-04-21 15:00:00,144.87029
2011-04-21 16:00:00,187.61475
2011-04-21 17:00:00,364.05835
2011-04-21 18:00:00,344.69086
2011-04-21 19:00:00,216.38269
2011-04-21 20:00:00,171.6506
2011-04-21 21:00:00,136.81868
2011-04-21 22:00:00,106.51485
2011-04-21 23:00:00,71.373505
2011-04-22 00:00:00,58.535843
2011-04-22 01:00:00,40.98131
2011-04-22 02:00:00,36.77367
2011-04-22 03:00:00,23.9569
2011-04-22 04:00:00,14.918245
2011-04-22 05:00:00,20.200874
2011-04-22 06:00:00,57.758717
2011-04-22 07:00:00,158.99995
2011-04-22 08:00:00,316.86484
2011-04-22 09:00:00,134.20076
2011-04-22 10:00:00,105.25091
2011-04-22 11:00:00,87.12403
2011-04-22 12:00:00,101.30652
2011-04-22 13:00:00,92.941
2011-04-22 14:00:00,62.651714
2011-04-22 15:00:00,86.655754
2011-04-22 16:00:00,127.259895
2011-04-22 17:00:00,155.99283
2011-04-22 18:00:00,130.79279
2011-04-22 19:00:00,112.805695
2011-04-22 20:00:00,95.472336
2011-04-22 21:00:00,79.70596
2011-04-22 22:00:00,70.999466
2011-04-22 23:00:00,62.29491
2011-04-23 00:00:00,61.383728
2011-04-23 01:00:00,57.191246
2011-04-23 02:00:00,59.529633
2011-04-23 03:00:00,34.747604
2011-04-23 04:00:00,20.27461
2011-04-23 05:00:00,20.23283
2011-04-23 06:00:00,21.196146
2011-04-23 07:00:00,42.318233
2011-04-23 08:00:00,52.99625
2011-04-23 09:00:00,87.21915
2011-04-23 10:00:00,151.8808
2011-04-23 11:00:00,173.87067
2011-04-23 12:00:00,209.0873
2011-04-23 13:00:00,211.11482
2011-04-23 14:00:00,235.90244
2011-04-23 15:00:00,280.7165
2011-04-23 16:00:00,268.95828
2011-04-23 17:00:00,257.94305
2011-04-23 18:00:00,215.00497
2011-04-23 19:00:00,155.33318
2011-04-23 20:00:00,129.33975
2011-04-23 21:00:00,111.62631
2011-04-23 22:00:00,113.45199
2011-04-23 23:00:00,87.7905
2011-04-24 00:00:00,84.561966
2011-04-24 01:00:00,72.24777
2011-04-24 02:00:00,62.869305
2011-04-24 03:00:00,36.78886
2011-04-24 04:00:00,17.682175
2011-04-24 05:00:00,18.07015
2011-04-24 06:00:00,20.777481
2011-04-24 07:00:00,38.544453
2011-04-24 08:00:00,75.465935
2011-04-24 09:00:00,132.30418
2011-04-24 10:00:00,201.02284
2011-04-24 11:00:00,298.62723
2011-04-24 12:00:00,322.6839
2011-04-24 13:00:00,321.05457
2011-04-24 14:00:00,305.59845
2011-04-24 15:00:00,309.44354
2011-04-24 16:00:00,321.14453
2011-04-24 17:00:00,298.86002
2011-04-24 18:00:00,254.43292
2011-04-24 19:00:00,138.08813
2011-04-24 20:00:00,120.037506
2011-04-24 21:00:00,82.56213
2011-04-24 22:00:00,62.78736
2011-04-24 23:00:00,60.07281
2011-04-25 00:00:00,52.31726
2011-04-25 01:00:00,39.472813
2011-04-25 02:00:00,34.82086
2011-04-25 03:00:00,22.971033
2011-04-25 04:00:00,15.359034
2011-04-25 05:00:00,19.14206
2011-04-25 06:00:00,64.95436
2011-04-25 07:00:00,166.58342
2011-04-25 08:00:00,313.08273
2011-04-25 09:00:00,164.20831
2011-04-25 10:00:00,100.91055
2011-04-25 11:00:00,100.56942
2011-04-25 12:00:00,129.65268
2011-04-25 13:00:00,119.15311
2011-04-25 14:00:00,95.59924
2011-04-25 15:00:00,100.13108
2011-04-25 16:00:00,171.24751
2011-04-25 17:00:00,333.84723
2011-04-25 18:00:00,327.0815
2011-04-25 19:00:00,244.71039
2011-04-25 20:00:00,164.86911
2011-04-25 21:00:00,106.76947
2011-04-25 22:00:00,67.088455
2011-04-25 23:00:00,50.2082
2011-04-26 00:00:00,29.47469
2011-04-26 01:00:00,16.060637
2011-04-26 02:00:00,9.36108
2011-04-26 03:00:00,6.1047053
2011-04-26 04:00:00,5.97987
2011-04-26 05:00:00,13.097011
2011-04-26 06:00:00,59.450245
2011-04-26 07:00:00,185.46442
2011-04-26 08:00:00,315.34158
2011-04-26 09:00:00,137.24341
2011-04-26 10:00:00,72.03723
2011-04-26 11:00:00,79.32123
2011-04-26 12:00:00,117.95523
2011-04-26 13:00:00,107.455
2011-04-26 14:00:00,89.69247
2011-04-26 15:00:00,98.374306
2011-04-26 16:00:00,175.53812
2011-04-26 17:00:00,332.44196
2011-04-26 18:00:00,320.14206
2011-04-26 19:00:00,222.35393
2011-04-26 20:00:00,153.20193
2011-04-26 21:00:00,119.27512
2011-04-26 22:00:00,69.689064
2011-04-26 23:00:00,50.735718
2011-04-27 00:00:00,28.296432
2011-04-27 01:00:00,14.568133
2011-04-27 02:00:00,10.375059
2011-04-27 03:00:00,6.233347
2011-04-27 04:00:00,5.712996
2011-04-27 05:00:00,9.800688
2011-04-27 06:00:00,55.564884
2011-04-27 07:00:00,155.2217
2011-04-27 08:00:00,295.9806
2011-04-27 09:00:00,116.854065
2011-04-27 10:00:00,66.52084
2011-04-27 11:00:00,69.98745
2011-04-27 12:00:00,90.97615
2011-04-27 13:00:00,86.37471
2011-04-27 14:00:00,88.75929
2011-04-27 15:00:00,88.27513
2011-04-27 16:00:00,154.10594
2011-04-27 17:00:00,186.47707
2011-04-27 18:00:00,173.79044
2011-04-27 19:00:00,202.0272
2011-04-27 20:00:00,107.23511
2011-04-27 21:00:00,80.001434
2011-04-27 22:00:00,61.932217
2011-04-27 23:00:00,44.978535
2011-04-28 00:00:00,31.418789
2011-04-28 01:00:00,14.084674
2011-04-28 02:00:00,9.72437
2011-04-28 03:00:00,6.773439
2011-04-28 04:00:00,6.166855
2011-04-28 05:00:00,13.378251
2011-04-28 06:00:00,58.601395
2011-04-28 07:00:00,176.30684
2011-04-28 08:00:00,317.90213
2011-04-28 09:00:00,107.91584
2011-04-28 10:00:00,69.97607
2011-04-28 11:00:00,69.89314
2011-04-28 12:00:00,99.61179
2011-04-28 13:00:00,80.9969
2011-04-28 14:00:00,71.275345
2011-04-28 15:00:00,101.34585
2011-04-28 16:00:00,148.43697
2011-04-28 17:00:00,316.1538
2011-04-28 18:00:00,302.10504
2011-04-28 19:00:00,206.67764
2011-04-28 20:00:00,173.54071
2011-04-28 21:00:00,128.36197
2011-04-28 22:00:00,77.13512
2011-04-28 23:00:00,65.999214
2011-04-29 00:00:00,42.59536
2011-04-29 01:00:00,21.211071
2011-04-29 02:00:00,16.45821
2011-04-29 03:00:00,9.4474
2011-04-29 04:00:00,7.713718
2011-04-29 05:00:00,17.298836
2011-04-29 06:00:00,57.994038
2011-04-29 07:00:00,175.25381
2011-04-29 08:00:00,327.7697
2011-04-29 09:00:00,163.10071
2011-04-29 10:00:00,92.95744
2011-04-29 11:00:00,119.48459
2011-04-29 12:00:00,160.48863
2011-04-29 13:00:00,159.11536
2011-04-29 14:00:00,147.89035
2011-04-29 15:00:00,146.381
2011-04-29 16:00:00,196.69627
2011-04-29 17:00:00,322.46564
2011-04-29 18:00:00,297.57852
2011-04-29 19:00:00,177.18642
2011-04-29 20:00:00,127.87875
2011-04-29 21:00:00,84.39314
2011-04-29 22:00:00,76.99994
2011-04-29 23:00:00,64.04702
2011-04-30 00:00:00,55.866653
2011-04-30 01:00:00,50.573566
2011-04-30 02:00:00,37.37351
2011-04-30 03:00:00,20.031898
2011-04-30 04:00:00,8.5853195
2011-04-30 05:00:00,8.471212
2011-04-30 06:00:00,16.302841
2011-04-30 07:00:00,33.551968
2011-04-30 08:00:00,61.845074
2011-04-30 09:00:00,101.27476
2011-04-30 10:00:00,179.55983
2011-04-30 11:00:00,219.77603
2011-04-30 12:00:00,281.1493
2011-04-30 13:00:00,277.34305
2011-04-30 14:00:00,271.21045
2011-04-30 15:00:00,290.85687
2011-04-30 16:00:00,282.26102
2011-04-30 17:00:00,276.21967
2011-04-30 18:00:00,205.472
2011-04-30 19:00:00,166.516
2011-04-30 20:00:00,103.70474
2011-04-30 21:00:00,77.73013
2011-04-30 22:00:00,72.340294
2011-04-30 23:00:00,71.385574
2011-05-20 00:00:00,59.66919
2011-05-20 01:00:00,38.982124
2011-05-20 02:00:00,35.84219
2011-05-20 03:00:00,23.562044
2011-05-20 04:00:00,16.474022
2011-05-20 05:00:00,27.90802
2011-05-20 06:00:00,103.2033
2011-05-20 07:00:00,269.29083
2011-05-20 08:00:00,450.25903
2011-05-20 09:00:00,231.38486
2011-05-20 10:00:00,163.72101
2011-05-20 11:00:00,187.61575
2011-05-20 12:00:00,240.61526
2011-05-20 13:00:00,224.3806
2011-05-20 14:00:00,222.94278
2011-05-20 15:00:00,240.70728
2011-05-20 16:00:00,333.32745
2011-05-20 17:00:00,434.5124
2011-05-20 18:00:00,431.7312
2011-05-20 19:00:00,333.1111
2011-05-20 20:00:00,249.94176
2011-05-20 21:00:00,192.86389
2011-05-20 22:00:00,157.91823
2011-05-20 23:00:00,135.2069
2011-05-21 00:00:00,112.89219
2011-05-21 01:00:00,88.32245
2011-05-21 02:00:00,77.46907
2011-05-21 03:00:00,47.753838
2011-05-21 04:00:00,24.235184
2011-05-21 05:00:00,24.979643
2011-05-21 06:00:00,39.081646
2011-05-21 07:00:00,79.499245
2011-05-21 08:00:00,146.86806
2011-05-21 09:00:00,212.64723
2011-05-21 10:00:00,293.7684
2011-05-21 11:00:00,376.5176
2011-05-21 12:00:00,410.1062
2011-05-21 13:00:00,409.83713
2011-05-21 14:00:00,400.67294
2011-05-21 15:00:00,397.06592
2011-05-21 16:00:00,398.93008
2011-05-21 17:00:00,385.58807
2011-05-21 18:00:00,351.15533
2011-05-21 19:00:00,313.9159
2011-05-21 20:00:00,231.63301
2011-05-21 21:00:00,207.30093
2011-05-21 22:00:00,177.48022
2011-05-21 23:00:00,140.83978
2011-05-22 00:00:00,118.06697
2011-05-22 01:00:00,90.55932
2011-05-22 02:00:00,77.407196
2011-05-22 03:00:00,46.76377
2011-05-22 04:00:00,26.018177
2011-05-22 05:00:00,25.920998
2011-05-22 06:00:00,27.204012
2011-05-22 07:00:00,54.588104
2011-05-22 08:00:00,110.88903
2011-05-22 09:00:00,188.47072
2011-05-22 10:00:00,288.79428
2011-05-22 11:00:00,364.71103
2011-05-22 12:00:00,383.88348
2011-05-22 13:00:00,388.49097
2011-05-22 14:00:00,317.21698
2011-05-22 15:00:00,363.33682
2011-05-22 16:00:00,395.61072
2011-05-22 17:00:00,366.76053
2011-05-22 18:00:00,345.48303
2011-05-22 19:00:00,309.3605
2011-05-22 20:00:00,230.74066
2011-05-22 21:00:00,188.30606
2011-05-22 22:00:00,129.65102
2011-05-22 23:00:00,98.754814
2011-05-23 00:00:00,63.33249
2011-05-23 01:00:00,42.194183
2011-05-23 02:00:00,50.393578
2011-05-23 03:00:00,36.706463
2011-05-23 04:00:00,18.56683
2011-05-23 05:00:00,26.221914
2011-05-23 06:00:00,92.953514
2011-05-23 07:00:00,226.36348
2011-05-23 08:00:00,398.01178
2011-05-23 09:00:00,189.05605
2011-05-23 10:00:00,124.30481
2011-05-23 11:00:00,152.20502
2011-05-23 12:00:00,190.6855
2011-05-23 13:00:00,183.78262
2011-05-23 14:00:00,166.3267
2011-05-23 15:00:00,170.63841
2011-05-23 16:00:00,267.33188
2011-05-23 17:00:00,406.9103
2011-05-23 18:00:00,416.1193
2011-05-23 19:00:00,346.1835
2011-05-23 20:00:00,218.12585
2011-05-23 21:00:00,147.7982
2011-05-23 22:00:00,101.698265
2011-05-23 23:00:00,82.63232
2011-05-24 00:00:00,54.623516
2011-05-24 01:00:00,39.817196
2011-05-24 02:00:00,37.676945
2011-05-24 03:00:00,26.374811
2011-05-24 04:00:00,19.147001
2011-05-24 05:00:00,24.675438
2011-05-24 06:00:00,95.15566
2011-05-24 07:00:00,213.74966
2011-05-24 08:00:00,353.36902
2011-05-24 09:00:00,219.28362
2011-05-24 10:00:00,128.4239
2011-05-24 11:00:00,150.35672
2011-05-24 12:00:00,193.5473
2011-05-24 13:00:00,179.9709
2011-05-24 14:00:00,156.80994
2011-05-24 15:00:00,173.658
2011-05-24 16:00:00,282.0965
2011-05-24 17:00:00,469.71844
2011-05-24 18:00:00,450.31912
2011-05-24 19:00:00,361.05368
2011-05-24 20:00:00,277.4835
2011-05-24 21:00:00,208.70877
2011-05-24 22:00:00,127.930084
2011-05-24 23:00:00,117.45619
2011-05-25 00:00:00,67.82471
2011-05-25 01:00:00,56.081604
2011-05-25 02:00:00,37.954147
2011-05-25 03:00:00,26.110096
2011-05-25 04:00:00,18.676527
2011-05-25 05:00:00,32.57492
2011-05-25 06:00:00,103.840935
2011-05-25 07:00:00,326.57724
2011-05-25 08:00:00,457.05603
2011-05-25 09:00:00,210.07216
2011-05-25 10:00:00,133.35663
2011-05-25 11:00:00,151.28749
2011-05-25 12:00:00,195.77943
2011-05-25 13:00:00,187.73929
2011-05-25 14:00:00,168.14125
2011-05-25 15:00:00,169.0608
2011-05-25 16:00:00,267.99976
2011-05-25 17:00:00,475.58926
2011-05-25 18:00:00,455.72095
2011-05-25 19:00:00,376.17587
2011-05-25 20:00:00,301.9447
2011-05-25 21:00:00,219.20972
2011-05-25 22:00:00,155.55803
2011-05-25 23:00:00,94.443596
2011-05-26 00:00:00,42.567524
2011-05-26 01:00:00,20.144957
2011-05-26 02:00:00,10.046378
2011-05-26 03:00:00,5.0859385
2011-05-26 04:00:00,4.5625772
2011-05-26 05:00:00,17.682312
2011-05-26 06:00:00,59.62612
2011-05-26 07:00:00,164.5061
2011-05-26 08:00:00,342.2873
2011-05-26 09:00:00,160.23035
2011-05-26 10:00:00,78.8647
2011-05-26 11:00:00,107.13427
2011-05-26 12:00:00,134.24847
2011-05-26 13:00:00,128.228
2011-05-26 14:00:00,106.908226
2011-05-26 15:00:00,106.23062
2011-05-26 16:00:00,197.28426
2011-05-26 17:00:00,369.68088
2011-05-26 18:00:00,345.1073
2011-05-26 19:00:00,297.09885
2011-05-26 20:00:00,231.07307
2011-05-26 21:00:00,181.29544
2011-05-26 22:00:00,129.53165
2011-05-26 23:00:00,78.27684
2011-05-27 00:00:00,52.23213
2011-05-27 01:00:00,26.625542
2011-05-27 02:00:00,18.211023
2011-05-27 03:00:00,9.5130625
2011-05-27 04:00:00,9.209478
2011-05-27 05:00:00,28.248468
2011-05-27 06:00:00,66.240974
2011-05-27 07:00:00,213.59091
2011-05-27 08:00:00,347.3358
2011-05-27 09:00:00,190.44199
2011-05-27 10:00:00,117.84649
2011-05-27 11:00:00,130.29164
2011-05-27 12:00:00,166.0474
2011-05-27 13:00:00,180.23282
2011-05-27 14:00:00,150.52919
2011-05-27 15:00:00,163.74484
2011-05-27 16:00:00,247.29169
2011-05-27 17:00:00,365.9306
2011-05-27 18:00:00,308.29205
2011-05-27 19:00:00,206.65483
2011-05-27 20:00:00,177.36899
2011-05-27 21:00:00,107.94946
2011-05-27 22:00:00,123.99329
2011-05-27 23:00:00,83.09229
2011-05-28 00:00:00,70.14641
2011-05-28 01:00:00,60.084396
2011-05-28 02:00:00,43.214104
2011-05-28 03:00:00,22.918476
2011-05-28 04:00:00,9.7006035
2011-05-28 05:00:00,10.154111
2011-05-28 06:00:00,24.348257
2011-05-28 07:00:00,47.5616
2011-05-28 08:00:00,74.682816
2011-05-28 09:00:00,155.00021
2011-05-28 10:00:00,207.25038
2011-05-28 11:00:00,291.62872
2011-05-28 12:00:00,296.69827
2011-05-28 13:00:00,299.73444
2011-05-28 14:00:00,292.75244
2011-05-28 15:00:00,292.86566
2011-05-28 16:00:00,298.7983
2011-05-28 17:00:00,312.69086
2011-05-28 18:00:00,284.89404
2011-05-28 19:00:00,227.83563
2011-05-28 20:00:00,174.54468
2011-05-28 21:00:00,140.80725
2011-05-28 22:00:00,127.25359
2011-05-28 23:00:00,83.50923
2011-05-29 00:00:00,71.34609
2011-05-29 01:00:00,63.596046
2011-05-29 02:00:00,51.14462
2011-05-29 03:00:00,25.780525
2011-05-29 04:00:00,8.859514
2011-05-29 05:00:00,8.385011
2011-05-29 06:00:00,17.000563
2011-05-29 07:00:00,32.520676
2011-05-29 08:00:00,59.46153
2011-05-29 09:00:00,68.6968
2011-05-29 10:00:00,177.92668
2011-05-29 11:00:00,191.56065
2011-05-29 12:00:00,276.9678
2011-05-29 13:00:00,297.35913
2011-05-29 14:00:00,274.67438
2011-05-29 15:00:00,274.83844
2011-05-29 16:00:00,267.7489
2011-05-29 17:00:00,257.00885
2011-05-29 18:00:00,217.36026
2011-05-29 19:00:00,186.62582
2011-05-29 20:00:00,142.85742
2011-05-29 21:00:00,112.29504
2011-05-29 22:00:00,67.3603
2011-05-29 23:00:00,64.0159
2011-05-30 00:00:00,62.870148
2011-05-30 01:00:00,49.5801
2011-05-30 02:00:00,32.124756
2011-05-30 03:00:00,17.603174
2011-05-30 04:00:00,11.62548
2011-05-30 05:00:00,21.32033
2011-05-30 06:00:00,34.35724
2011-05-30 07:00:00,66.14077
2011-05-30 08:00:00,125.60089
2011-05-30 09:00:00,151.72394
2011-05-30 10:00:00,163.928
2011-05-30 11:00:00,215.7236
2011-05-30 12:00:00,215.21945
2011-05-30 13:00:00,222.60689
2011-05-30 14:00:00,218.22733
2011-05-30 15:00:00,209.19571
2011-05-30 16:00:00,240.3816
2011-05-30 17:00:00,332.4765
2011-05-30 18:00:00,324.66098
2011-05-30 19:00:00,247.47917
2011-05-30 20:00:00,262.49603
2011-05-30 21:00:00,182.8952
2011-05-30 22:00:00,113.94989
2011-05-30 23:00:00,57.431385
2011-05-31 00:00:00,32.626812
2011-05-31 01:00:00,17.223185
2011-05-31 02:00:00,7.378492
2011-05-31 03:00:00,4.144712
2011-05-31 04:00:00,5.5371146
2011-05-31 05:00:00,20.248463
2011-05-31 06:00:00,67.58967
2011-05-31 07:00:00,245.49637
2011-05-31 08:00:00,352.068
2011-05-31 09:00:00,144.36006
2011-05-31 10:00:00,68.1014
2011-05-31 11:00:00,75.22168
2011-05-31 12:00:00,108.73927
2011-05-31 13:00:00,104.77764
2011-05-31 14:00:00,75.04959
2011-05-31 15:00:00,95.125404
2011-05-31 16:00:00,186.32678
2011-05-31 17:00:00,360.6028
2011-05-31 18:00:00,349.93933
2011-05-31 19:00:00,304.36884
2011-05-31 20:00:00,218.61418
2011-05-31 21:00:00,160.48885
2011-05-31 22:00:00,108.52367
2011-05-31 23:00:00,67.27918
2011-06-20 00:00:00,55.92009
2011-06-20 01:00:00,40.057907
2011-06-20 02:00:00,35.294453
2011-06-20 03:00:00,25.607224
2011-06-20 04:00:00,20.974934
2011-06-20 05:00:00,34.40645
2011-06-20 06:00:00,85.807655
2011-06-20 07:00:00,166.66197
2011-06-20 08:00:00,302.18964
2011-06-20 09:00:00,202.1476
2011-06-20 10:00:00,116.9198
2011-06-20 11:00:00,130.97815
2011-06-20 12:00:00,174.54901
2011-06-20 13:00:00,179.86838
2011-06-20 14:00:00,165.99214
2011-06-20 15:00:00,182.19038
2011-06-20 16:00:00,266.68634
2011-06-20 17:00:00,459.7749
2011-06-20 18:00:00,452.9526
2011-06-20 19:00:00,364.84158
2011-06-20 20:00:00,267.0668
2011-06-20 21:00:00,200.43427
2011-06-20 22:00:00,145.16066
2011-06-20 23:00:00,93.72998
2011-06-21 00:00:00,58.87731
2011-06-21 01:00:00,42.40609
2011-06-21 02:00:00,39.28727
2011-06-21 03:00:00,28.758192
2011-06-21 04:00:00,19.945934
2011-06-21 05:00:00,29.111067
2011-06-21 06:00:00,105.60911
2011-06-21 07:00:00,229.76671
2011-06-21 08:00:00,415.0187
2011-06-21 09:00:00,197.25128
2011-06-21 10:00:00,110.97245
2011-06-21 11:00:00,129.16826
2011-06-21 12:00:00,176.57346
2011-06-21 13:00:00,173.75998
2011-06-21 14:00:00,160.03044
2011-06-21 15:00:00,170.30133
2011-06-21 16:00:00,256.6677
2011-06-21 17:00:00,466.42493
2011-06-21 18:00:00,403.2875
2011-06-21 19:00:00,327.97385
2011-06-21 20:00:00,212.4201
2011-06-21 21:00:00,216.73486
2011-06-21 22:00:00,160.54343
2011-06-21 23:00:00,105.577896
2011-06-22 00:00:00,62.365562
2011-06-22 01:00:00,45.48552
2011-06-22 02:00:00,37.397663
2011-06-22 03:00:00,26.384867
2011-06-22 04:00:00,18.775635
2011-06-22 05:00:00,32.19245
2011-06-22 06:00:00,111.1206
2011-06-22 07:00:00,308.43463
2011-06-22 08:00:00,434.3079
2011-06-22 09:00:00,208.27837
2011-06-22 10:00:00,110.14968
2011-06-22 11:00:00,138.92365
2011-06-22 12:00:00,177.23232
2011-06-22 13:00:00,158.93787
2011-06-22 14:00:00,153.8794
2011-06-22 15:00:00,144.05695
2011-06-22 16:00:00,230.43057
2011-06-22 17:00:00,443.23737
2011-06-22 18:00:00,419.38864
2011-06-22 19:00:00,351.16187
2011-06-22 20:00:00,265.3405
2011-06-22 21:00:00,209.6225
2011-06-22 22:00:00,154.30588
2011-06-22 23:00:00,105.93499
2011-06-23 00:00:00,71.74155
2011-06-23 01:00:00,47.38791
2011-06-23 02:00:00,39.228344
2011-06-23 03:00:00,28.057287
2011-06-23 04:00:00,19.972576
2011-06-23 05:00:00,35.95311
2011-06-23 06:00:00,121.7224
2011-06-23 07:00:00,309.80292
2011-06-23 08:00:00,431.55093
2011-06-23 09:00:00,205.78691
2011-06-23 10:00:00,128.43289
2011-06-23 11:00:00,128.25598
2011-06-23 12:00:00,179.17581
2011-06-23 13:00:00,170.63412
2011-06-23 14:00:00,147.91695
2011-06-23 15:00:00,167.96692
2011-06-23 16:00:00,243.40652
2011-06-23 17:00:00,373.40527
2011-06-23 18:00:00,390.74036
2011-06-23 19:00:00,286.70685
2011-06-23 20:00:00,263.9678
2011-06-23 21:00:00,218.20653
2011-06-23 22:00:00,162.37234
2011-06-23 23:00:00,120.44406
2011-06-24 00:00:00,79.55308
2011-06-24 01:00:00,51.2962
2011-06-24 02:00:00,40.81061
2011-06-24 03:00:00,26.779396
2011-06-24 04:00:00,19.256496
2011-06-24 05:00:00,31.702589
2011-06-24 06:00:00,105.325226
2011-06-24 07:00:00,270.30118
2011-06-24 08:00:00,433.1079
2011-06-24 09:00:00,229.50842
2011-06-24 10:00:00,153.0712
2011-06-24 11:00:00,181.49057
2011-06-24 12:00:00,226.55139
2011-06-24 13:00:00,231.09528
2011-06-24 14:00:00,205.28587
2011-06-24 15:00:00,218.48425
2011-06-24 16:00:00,313.1549
2011-06-24 17:00:00,464.89526
2011-06-24 18:00:00,429.41058
2011-06-24 19:00:00,346.88647
2011-06-24 20:00:00,269.6095
2011-06-24 21:00:00,224.75993
2011-06-24 22:00:00,201.00584
2011-06-24 23:00:00,170.70251
2011-06-25 00:00:00,132.6011
2011-06-25 01:00:00,102.43352
2011-06-25 02:00:00,87.37055
2011-06-25 03:00:00,50.787304
2011-06-25 04:00:00,26.625196
2011-06-25 05:00:00,27.546698
2011-06-25 06:00:00,44.327915
2011-06-25 07:00:00,80.79812
2011-06-25 08:00:00,161.59627
2011-06-25 09:00:00,209.93567
2011-06-25 10:00:00,249.43889
2011-06-25 11:00:00,317.51013
2011-06-25 12:00:00,318.66562
2011-06-25 13:00:00,314.07843
2011-06-25 14:00:00,292.06274
2011-06-25 15:00:00,288.29013
2011-06-25 16:00:00,305.84302
2011-06-25 17:00:00,312.68552
2011-06-25 18:00:00,291.15927
2011-06-25 19:00:00,262.65433
2011-06-25 20:00:00,197.57178
2011-06-25 21:00:00,170.2403
2011-06-25 22:00:00,148.75659
2011-06-25 23:00:00,86.78154
2011-06-26 00:00:00,75.03417
2011-06-26 01:00:00,72.27655
2011-06-26 02:00:00,60.433907
2011-06-26 03:00:00,30.158813
2011-06-26 04:00:00,11.513247
2011-06-26 05:00:00,9.965386
2011-06-26 06:00:00,16.542307
2011-06-26 07:00:00,43.566986
2011-06-26 08:00:00,70.82829
2011-06-26 09:00:00,139.28229
2011-06-26 10:00:00,215.68178
2011-06-26 11:00:00,298.19434
2011-06-26 12:00:00,311.43207
2011-06-26 13:00:00,307.78848
2011-06-26 14:00:00,298.24203
2011-06-26 15:00:00,284.11267
2011-06-26 16:00:00,300.9915
2011-06-26 17:00:00,291.4726
2011-06-26 18:00:00,266.84576
2011-06-26 19:00:00,245.28236
2011-06-26 20:00:00,180.6735
2011-06-26 21:00:00,132.87093
2011-06-26 22:00:00,122.8918
2011-06-26 23:00:00,70.97259
2011-06-27 00:00:00,26.040258
2011-06-27 01:00:00,12.072335
2011-06-27 02:00:00,8.705898
2011-06-27 03:00:00,5.471946
2011-06-27 04:00:00,4.6289144
2011-06-27 05:00:00,16.507935
2011-06-27 06:00:00,64.253296
2011-06-27 07:00:00,208.53749
2011-06-27 08:00:00,300.4517
2011-06-27 09:00:00,142.88185
2011-06-27 10:00:00,71.195175
2011-06-27 11:00:00,94.10321
2011-06-27 12:00:00,132.71283
2011-06-27 13:00:00,127.12202
2011-06-27 14:00:00,114.38206
2011-06-27 15:00:00,114.86233
2011-06-27 16:00:00,203.02682
2011-06-27 17:00:00,360.97925
2011-06-27 18:00:00,361.88504
2011-06-27 19:00:00,297.52966
2011-06-27 20:00:00,201.72406
2011-06-27 21:00:00,147.48529
2011-06-27 22:00:00,86.580505
2011-06-27 23:00:00,57.43844
2011-06-28 00:00:00,28.167263
2011-06-28 01:00:00,13.6020975
2011-06-28 02:00:00,8.220989
2011-06-28 03:00:00,5.0376096
2011-06-28 04:00:00,4.527544
2011-06-28 05:00:00,18.353676
2011-06-28 06:00:00,63.688328
2011-06-28 07:00:00,233.42006
2011-06-28 08:00:00,317.5182
2011-06-28 09:00:00,147.88689
2011-06-28 10:00:00,74.91847
2011-06-28 11:00:00,90.90896
2011-06-28 12:00:00,124.399086
2011-06-28 13:00:00,120.002075
2011-06-28 14:00:00,91.93888
2011-06-28 15:00:00,96.299385
2011-06-28 16:00:00,187.02292
2011-06-28 17:00:00,300.64102
2011-06-28 18:00:00,298.71735
2011-06-28 19:00:00,284.7668
2011-06-28 20:00:00,204.08897
2011-06-28 21:00:00,147.19481
2011-06-28 22:00:00,82.89973
2011-06-28 23:00:00,55.83484
2011-06-29 00:00:00,27.717346
2011-06-29 01:00:00,15.205617
2011-06-29 02:00:00,8.706604
2011-06-29 03:00:00,5.3341837
2011-06-29 04:00:00,4.7648115
2011-06-29 05:00:00,19.636595
2011-06-29 06:00:00,66.31754
2011-06-29 07:00:00,248.09354
2011-06-29 08:00:00,350.65668
2011-06-29 09:00:00,155.70824
2011-06-29 10:00:00,71.29
2011-06-29 11:00:00,113.16794
2011-06-29 12:00:00,148.03702
2011-06-29 13:00:00,125.12994
2011-06-29 14:00:00,116.39079
2011-06-29 15:00:00,127.31993
2011-06-29 16:00:00,200.69273
2011-06-29 17:00:00,370.28064
2011-06-29 18:00:00,370.4822
2011-06-29 19:00:00,301.1709
2011-06-29 20:00:00,216.9808
2011-06-29 21:00:00,181.07841
2011-06-29 22:00:00,132.98509
2011-06-29 23:00:00,69.990204
2011-06-30 00:00:00,40.419346
2011-06-30 01:00:00,18.707382
2011-06-30 02:00:00,10.038039
2011-06-30 03:00:00,6.6313443
2011-06-30 04:00:00,6.6067266
2011-06-30 05:00:00,26.341349
2011-06-30 06:00:00,67.788925
2011-06-30 07:00:00,256.69748
2011-06-30 08:00:00,351.02545
2011-06-30 09:00:00,157.01613
2011-06-30 10:00:00,76.89284
2011-06-30 11:00:00,118.1123
2011-06-30 12:00:00,150.78691
2011-06-30 13:00:00,145.14667
2011-06-30 14:00:00,122.180725
2011-06-30 15:00:00,131.60667
2011-06-30 16:00:00,206.21764
2011-06-30 17:00:00,373.79785
2011-06-30 18:00:00,371.45456
2011-06-30 19:00:00,299.3686
2011-06-30 20:00:00,227.95956
2011-06-30 21:00:00,181.39378
2011-06-30 22:00:00,139.96016
2011-06-30 23:00:00,83.59479
2011-07-20 00:00:00,55.376408
2011-07-20 01:00:00,39.669483
2011-07-20 02:00:00,33.79675
2011-07-20 03:00:00,22.467726
2011-07-20 04:00:00,16.131731
2011-07-20 05:00:00,29.64563
2011-07-20 06:00:00,113.147064
2011-07-20 07:00:00,287.42975
2011-07-20 08:00:00,427.0815
2011-07-20 09:00:00,200.73634
2011-07-20 10:00:00,119.70739
2011-07-20 11:00:00,133.29199
2011-07-20 12:00:00,166.85219
2011-07-20 13:00:00,164.67543
2011-07-20 14:00:00,150.40688
2011-07-20 15:00:00,158.11813
2011-07-20 16:00:00,234.15147
2011-07-20 17:00:00,450.00256
2011-07-20 18:00:00,421.63513
2011-07-20 19:00:00,337.14575
2011-07-20 20:00:00,267.42432
2011-07-20 21:00:00,226.11171
2011-07-20 22:00:00,165.52428
2011-07-20 23:00:00,112.07735
2011-07-21 00:00:00,73.02534
2011-07-21 01:00:00,45.281326
2011-07-21 02:00:00,38.469208
2011-07-21 03:00:00,27.384945
2011-07-21 04:00:00,19.275602
2011-07-21 05:00:00,35.64827
2011-07-21 06:00:00,119.24694
2011-07-21 07:00:00,299.5468
2011-07-21 08:00:00,418.7195
2011-07-21 09:00:00,197.71835
2011-07-21 10:00:00,120.38202
2011-07-21 11:00:00,142.79659
2011-07-21 12:00:00,169.84818
2011-07-21 13:00:00,166.25851
2011-07-21 14:00:00,154.04543
2011-07-21 15:00:00,155.51352
2011-07-21 16:00:00,238.02238
2011-07-21 17:00:00,431.01804
2011-07-21 18:00:00,417.0282
2011-07-21 19:00:00,296.2769
2011-07-21 20:00:00,266.0782
2011-07-21 21:00:00,221.37222
2011-07-21 22:00:00,174.86742
2011-07-21 23:00:00,121.84508
2011-07-22 00:00:00,85.65904
2011-07-22 01:00:00,49.514297
2011-07-22 02:00:00,46.93113
2011-07-22 03:00:00,29.73752
2011-07-22 04:00:00,22.444296
2011-07-22 05:00:00,38.31675
2011-07-22 06:00:00,112.57341
2011-07-22 07:00:00,272.99652
2011-07-22 08:00:00,397.9232
2011-07-22 09:00:00,199.5569
2011-07-22 10:00:00,137.22282
2011-07-22 11:00:00,157.54526
2011-07-22 12:00:00,195.34425
2011-07-22 13:00:00,191.86272
2011-07-22 14:00:00,174.31769
2011-07-22 15:00:00,183.72223
2011-07-22 16:00:00,231.17473
2011-07-22 17:00:00,415.75662
2011-07-22 18:00:00,389.9417
2011-07-22 19:00:00,303.4025
2011-07-22 20:00:00,250.24858
2011-07-22 21:00:00,220.71338
2011-07-22 22:00:00,184.34846
2011-07-22 23:00:00,148.17735
2011-07-23 00:00:00,124.05252
2011-07-23 01:00:00,105.73601
2011-07-23 02:00:00,84.7721
2011-07-23 03:00:00,57.587166
2011-07-23 04:00:00,30.374296
2011-07-23 05:00:00,33.256706
2011-07-23 06:00:00,50.431995
2011-07-23 07:00:00,92.33001
2011-07-23 08:00:00,152.52368
2011-07-23 09:00:00,206.837
2011-07-23 10:00:00,266.62488
2011-07-23 11:00:00,302.80698
2011-07-23 12:00:00,315.12314
2011-07-23 13:00:00,308.75766
2011-07-23 14:00:00,287.77667
2011-07-23 15:00:00,268.22693
2011-07-23 16:00:00,265.87866
2011-07-23 17:00:00,288.31552
2011-07-23 18:00:00,291.36975
2011-07-23 19:00:00,282.0598
2011-07-23 20:00:00,264.6481
2011-07-23 21:00:00,226.52371
2011-07-23 22:00:00,206.30042
2011-07-23 23:00:00,160.65726
2011-07-24 00:00:00,134.27802
2011-07-24 01:00:00,112.028305
2011-07-24 02:00:00,97.07267
2011-07-24 03:00:00,59.849453
2011-07-24 04:00:00,34.84361
2011-07-24 05:00:00,37.6542
2011-07-24 06:00:00,43.954655
2011-07-24 07:00:00,80.58697
2011-07-24 08:00:00,125.56883
2011-07-24 09:00:00,183.6908
2011-07-24 10:00:00,271.01477
2011-07-24 11:00:00,319.85037
2011-07-24 12:00:00,324.09723
2011-07-24 13:00:00,351.95593
2011-07-24 14:00:00,328.22302
2011-07-24 15:00:00,306.00723
2011-07-24 16:00:00,303.78772
2011-07-24 17:00:00,302.84076
2011-07-24 18:00:00,305.7502
2011-07-24 19:00:00,296.75308
2011-07-24 20:00:00,268.5455
2011-07-24 21:00:00,205.82034
2011-07-24 22:00:00,153.986
2011-07-24 23:00:00,117.00634
2011-07-25 00:00:00,63.13286
2011-07-25 01:00:00,51.312653
2011-07-25 02:00:00,44.16161
2011-07-25 03:00:00,27.658995
2011-07-25 04:00:00,24.644947
2011-07-25 05:00:00,38.51996
2011-07-25 06:00:00,116.170746
2011-07-25 07:00:00,288.15576
2011-07-25 08:00:00,391.81265
2011-07-25 09:00:00,181.02911
2011-07-25 10:00:00,113.3671
2011-07-25 11:00:00,136.88834
2011-07-25 12:00:00,170.11964
2011-07-25 13:00:00,161.2644
2011-07-25 14:00:00,138.54886
2011-07-25 15:00:00,132.01486
2011-07-25 16:00:00,195.55228
2011-07-25 17:00:00,404.51706
2011-07-25 18:00:00,407.5832
2011-07-25 19:00:00,342.53607
2011-07-25 20:00:00,264.25012
2011-07-25 21:00:00,175.96173
2011-07-25 22:00:00,132.06158
2011-07-25 23:00:00,78.34597
2011-07-26 00:00:00,37.707596
2011-07-26 01:00:00,14.87686
2011-07-26 02:00:00,8.378435
2011-07-26 03:00:00,4.971588
2011-07-26 04:00:00,4.495155
2011-07-26 05:00:00,20.806883
2011-07-26 06:00:00,63.29724
2011-07-26 07:00:00,242.59967
2011-07-26 08:00:00,341.5642
2011-07-26 09:00:00,151.4723
2011-07-26 10:00:00,74.25198
2011-07-26 11:00:00,90.00109
2011-07-26 12:00:00,131.0609
2011-07-26 13:00:00,127.15485
2011-07-26 14:00:00,107.70591
2011-07-26 15:00:00,116.193016
2011-07-26 16:00:00,196.08179
2011-07-26 17:00:00,382.70377
2011-07-26 18:00:00,375.28442
2011-07-26 19:00:00,303.10114
2011-07-26 20:00:00,222.01318
2011-07-26 21:00:00,182.02269
2011-07-26 22:00:00,125.849045
2011-07-26 23:00:00,67.85404
2011-07-27 00:00:00,34.530922
2011-07-27 01:00:00,15.75456
2011-07-27 02:00:00,8.902173
2011-07-27 03:00:00,5.378118
2011-07-27 04:00:00,6.584128
2011-07-27 05:00:00,24.623182
2011-07-27 06:00:00,69.808876
2011-07-27 07:00:00,246.1263
2011-07-27 08:00:00,347.00613
2011-07-27 09:00:00,152.69832
2011-07-27 10:00:00,67.19597
2011-07-27 11:00:00,90.95585
2011-07-27 12:00:00,136.95511
2011-07-27 13:00:00,128.32166
2011-07-27 14:00:00,117.68154
2011-07-27 15:00:00,120.659775
2011-07-27 16:00:00,202.55127
2011-07-27 17:00:00,374.3924
2011-07-27 18:00:00,374.0946
2011-07-27 19:00:00,302.89145
2011-07-27 20:00:00,229.87546
2011-07-27 21:00:00,175.65671
2011-07-27 22:00:00,125.77379
2011-07-27 23:00:00,67.51912
2011-07-28 00:00:00,41.297195
2011-07-28 01:00:00,15.725714
2011-07-28 02:00:00,10.303492
2011-07-28 03:00:00,4.7755985
2011-07-28 04:00:00,5.2367864
2011-07-28 05:00:00,19.97096
2011-07-28 06:00:00,66.392105
2011-07-28 07:00:00,239.5679
2011-07-28 08:00:00,338.73618
2011-07-28 09:00:00,148.58472
2011-07-28 10:00:00,72.38143
2011-07-28 11:00:00,83.3356
2011-07-28 12:00:00,127.08005
2011-07-28 13:00:00,120.18076
2011-07-28 14:00:00,107.93543
2011-07-28 15:00:00,111.83879
2011-07-28 16:00:00,189.60762
2011-07-28 17:00:00,364.55414
2011-07-28 18:00:00,342.7411
2011-07-28 19:00:00,296.86987
2011-07-28 20:00:00,201.74323
2011-07-28 21:00:00,154.83356
2011-07-28 22:00:00,91.71369
2011-07-28 23:00:00,80.29196
2011-07-29 00:00:00,51.73718
2011-07-29 01:00:00,26.566017
2011-07-29 02:00:00,16.928284
2011-07-29 03:00:00,7.349093
2011-07-29 04:00:00,7.8861876
2011-07-29 05:00:00,22.620789
2011-07-29 06:00:00,64.02706
2011-07-29 07:00:00,206.53525
2011-07-29 08:00:00,328.36075
2011-07-29 09:00:00,151.03308
2011-07-29 10:00:00,98.32307
2011-07-29 11:00:00,120.00879
2011-07-29 12:00:00,134.80772
2011-07-29 13:00:00,123.47037
2011-07-29 14:00:00,118.08018
2011-07-29 15:00:00,126.18988
2011-07-29 16:00:00,180.46025
2011-07-29 17:00:00,355.72055
2011-07-29 18:00:00,309.0124
2011-07-29 19:00:00,225.34006
2011-07-29 20:00:00,186.50674
2011-07-29 21:00:00,175.8632
2011-07-29 22:00:00,151.14308
2011-07-29 23:00:00,109.488
2011-07-30 00:00:00,80.67767
2011-07-30 01:00:00,69.51623
2011-07-30 02:00:00,57.476856
2011-07-30 03:00:00,30.9459
2011-07-30 04:00:00,11.428558
2011-07-30 05:00:00,13.981264
2011-07-30 06:00:00,24.42388
2011-07-30 07:00:00,55.029495
2011-07-30 08:00:00,105.02844
2011-07-30 09:00:00,151.5153
2011-07-30 10:00:00,211.58167
2011-07-30 11:00:00,284.86078
2011-07-30 12:00:00,296.4296
2011-07-30 13:00:00,292.27115
2011-07-30 14:00:00,250.41962
2011-07-30 15:00:00,258.06824
2011-07-30 16:00:00,273.55353
2011-07-30 17:00:00,284.4749
2011-07-30 18:00:00,284.17828
2011-07-30 19:00:00,278.30914
2011-07-30 20:00:00,195.22636
2011-07-30 21:00:00,179.7509
2011-07-30 22:00:00,146.45615
2011-07-30 23:00:00,116.76757
2011-07-31 00:00:00,83.08914
2011-07-31 01:00:00,72.45308
2011-07-31 02:00:00,62.18244
2011-07-31 03:00:00,27.00546
2011-07-31 04:00:00,9.846099
2011-07-31 05:00:00,10.77284
2011-07-31 06:00:00,16.20393
2011-07-31 07:00:00,50.096508
2011-07-31 08:00:00,76.1243
2011-07-31 09:00:00,136.81552
2011-07-31 10:00:00,198.92355
2011-07-31 11:00:00,258.68927
2011-07-31 12:00:00,282.35986
2011-07-31 13:00:00,285.36472
2011-07-31 14:00:00,269.4939
2011-07-31 15:00:00,253.53087
2011-07-31 16:00:00,264.25494
2011-07-31 17:00:00,258.75427
2011-07-31 18:00:00,267.25555
2011-07-31 19:00:00,241.39667
2011-07-31 20:00:00,187.37674
2011-07-31 21:00:00,144.6596
2011-07-31 22:00:00,77.10053
2011-07-31 23:00:00,66.38706
2011-08-20 00:00:00,105.89613
2011-08-20 01:00:00,87.73302
2011-08-20 02:00:00,71.7826
2011-08-20 03:00:00,36.705532
2011-08-20 04:00:00,15.785355
2011-08-20 05:00:00,16.658243
2011-08-20 06:00:00,22.615755
2011-08-20 07:00:00,51.79791
2011-08-20 08:00:00,105.19351
2011-08-20 09:00:00,172.77975
2011-08-20 10:00:00,228.14343
2011-08-20 11:00:00,293.31885
2011-08-20 12:00:00,306.9966
2011-08-20 13:00:00,304.61563
2011-08-20 14:00:00,304.06396
2011-08-20 15:00:00,301.6863
2011-08-20 16:00:00,301.19934
2011-08-20 17:00:00,308.50348
2011-08-20 18:00:00,277.70328
2011-08-20 19:00:00,250.2432
2011-08-20 20:00:00,202.91159
2011-08-20 21:00:00,153.37254
2011-08-20 22:00:00,123.067406
2011-08-20 23:00:00,114.26684
2011-08-21 00:00:00,113.86239
2011-08-21 01:00:00,95.72785
2011-08-21 02:00:00,83.16821
2011-08-21 03:00:00,44.044895
2011-08-21 04:00:00,16.757994
2011-08-21 05:00:00,18.175518
2011-08-21 06:00:00,23.2896
2011-08-21 07:00:00,42.66681
2011-08-21 08:00:00,84.744934
2011-08-21 09:00:00,141.48691
2011-08-21 10:00:00,200.47119
2011-08-21 11:00:00,278.80038
2011-08-21 12:00:00,303.84775
2011-08-21 13:00:00,304.3437
2011-08-21 14:00:00,181.32028
2011-08-21 15:00:00,201.83348
2011-08-21 16:00:00,209.01326
2011-08-21 17:00:00,200.36653
2011-08-21 18:00:00,200.16641
2011-08-21 19:00:00,201.89532
2011-08-21 20:00:00,149.30168
2011-08-21 21:00:00,124.56337
2011-08-21 22:00:00,106.9756
2011-08-21 23:00:00,87.35976
2011-08-22 00:00:00,48.50929
2011-08-22 01:00:00,31.40043
2011-08-22 02:00:00,27.847582
2011-08-22 03:00:00,19.262424
2011-08-22 04:00:00,12.000001
2011-08-22 05:00:00,26.019295
2011-08-22 06:00:00,94.905106
2011-08-22 07:00:00,237.64005
2011-08-22 08:00:00,316.52255
2011-08-22 09:00:00,166.49379
2011-08-22 10:00:00,109.97663
2011-08-22 11:00:00,126.92505
2011-08-22 12:00:00,167.66316
2011-08-22 13:00:00,153.01753
2011-08-22 14:00:00,146.76773
2011-08-22 15:00:00,147.91638
2011-08-22 16:00:00,223.57295
2011-08-22 17:00:00,398.1746
2011-08-22 18:00:00,395.6288
2011-08-22 19:00:00,315.41406
2011-08-22 20:00:00,222.74223
2011-08-22 21:00:00,171.18071
2011-08-22 22:00:00,118.1199
2011-08-22 23:00:00,86.006516
2011-08-23 00:00:00,51.245117
2011-08-23 01:00:00,31.07529
2011-08-23 02:00:00,25.55407
2011-08-23 03:00:00,17.057938
2011-08-23 04:00:00,12.668219
2011-08-23 05:00:00,28.82133
2011-08-23 06:00:00,103.09188
2011-08-23 07:00:00,266.87677
2011-08-23 08:00:00,355.90247
2011-08-23 09:00:00,175.62273
2011-08-23 10:00:00,111.59892
2011-08-23 11:00:00,132.90337
2011-08-23 12:00:00,168.74603
2011-08-23 13:00:00,176.39061
2011-08-23 14:00:00,152.9411
2011-08-23 15:00:00,159.01077
2011-08-23 16:00:00,238.70633
2011-08-23 17:00:00,413.12494
2011-08-23 18:00:00,389.33105
2011-08-23 19:00:00,312.37613
2011-08-23 20:00:00,225.46428
2011-08-23 21:00:00,170.27664
2011-08-23 22:00:00,138.3622
2011-08-23 23:00:00,88.288315
2011-08-24 00:00:00,52.51904
2011-08-24 01:00:00,31.06512
2011-08-24 02:00:00,26.171421
2011-08-24 03:00:00,17.605959
2011-08-24 04:00:00,12.591271
2011-08-24 05:00:00,27.134823
2011-08-24 06:00:00,100.69011
2011-08-24 07:00:00,266.24136
2011-08-24 08:00:00,352.92365
2011-08-24 09:00:00,173.01631
2011-08-24 10:00:00,110.70906
2011-08-24 11:00:00,131.08832
2011-08-24 12:00:00,154.75156
2011-08-24 13:00:00,155.3787
2011-08-24 14:00:00,145.97562
2011-08-24 15:00:00,143.49266
2011-08-24 16:00:00,204.33022
2011-08-24 17:00:00,383.44266
2011-08-24 18:00:00,378.69302
2011-08-24 19:00:00,304.30832
2011-08-24 20:00:00,217.79424
2011-08-24 21:00:00,167.95007
2011-08-24 22:00:00,123.03734
2011-08-24 23:00:00,82.972046
2011-08-25 00:00:00,54.507755
2011-08-25 01:00:00,34.264908
2011-08-25 02:00:00,25.855242
2011-08-25 03:00:00,17.33009
2011-08-25 04:00:00,13.287833
2011-08-25 05:00:00,25.931944
2011-08-25 06:00:00,96.99466
2011-08-25 07:00:00,229.42714
2011-08-25 08:00:00,325.2724
2011-08-25 09:00:00,167.7133
2011-08-25 10:00:00,107.14676
2011-08-25 11:00:00,103.82371
2011-08-25 12:00:00,107.79121
2011-08-25 13:00:00,115.74816
2011-08-25 14:00:00,112.993744
2011-08-25 15:00:00,117.962204
2011-08-25 16:00:00,146.41113
2011-08-25 17:00:00,268.6015
2011-08-25 18:00:00,224.5231
2011-08-25 19:00:00,209.70865
2011-08-25 20:00:00,174.032
2011-08-25 21:00:00,153.48747
2011-08-25 22:00:00,99.20961
2011-08-25 23:00:00,78.76547
2011-08-26 00:00:00,53.12664
2011-08-26 01:00:00,21.126017
2011-08-26 02:00:00,10.763978
2011-08-26 03:00:00,5.7635565
2011-08-26 04:00:00,5.0075197
2011-08-26 05:00:00,15.538986
2011-08-26 06:00:00,61.944763
2011-08-26 07:00:00,189.8818
2011-08-26 08:00:00,301.13855
2011-08-26 09:00:00,162.27441
2011-08-26 10:00:00,107.42578
2011-08-26 11:00:00,119.36313
2011-08-26 12:00:00,149.1098
2011-08-26 13:00:00,155.30553
2011-08-26 14:00:00,122.13516
2011-08-26 15:00:00,150.23114
2011-08-26 16:00:00,213.23268
2011-08-26 17:00:00,282.69852
2011-08-26 18:00:00,268.12122
2011-08-26 19:00:00,173.24295
2011-08-26 20:00:00,143.88913
2011-08-26 21:00:00,114.59825
2011-08-26 22:00:00,96.38785
2011-08-26 23:00:00,76.654236
2011-08-27 00:00:00,76.248474
2011-08-27 01:00:00,66.182205
2011-08-27 02:00:00,52.07492
2011-08-27 03:00:00,26.214703
2011-08-27 04:00:00,8.956303
2011-08-27 05:00:00,8.395952
2011-08-27 06:00:00,16.591976
2011-08-27 07:00:00,34.67218
2011-08-27 08:00:00,61.812572
2011-08-27 09:00:00,105.21408
2011-08-27 10:00:00,160.23767
2011-08-27 11:00:00,132.76265
2011-08-27 12:00:00,154.0385
2011-08-27 13:00:00,144.43274
2011-08-27 14:00:00,108.1899
2011-08-27 15:00:00,110.62103
2011-08-27 16:00:00,114.271904
2011-08-27 17:00:00,85.53722
2011-08-28 07:00:00,35.128555
2011-08-28 08:00:00,49.50747
2011-08-28 09:00:00,107.06953
2011-08-28 10:00:00,184.25098
2011-08-28 11:00:00,260.98358
2011-08-28 12:00:00,290.48636
2011-08-28 13:00:00,305.74966
2011-08-28 14:00:00,283.05417
2011-08-28 15:00:00,280.80966
2011-08-28 16:00:00,280.6793
2011-08-28 17:00:00,301.36414
2011-08-28 18:00:00,281.46835
2011-08-28 19:00:00,244.58209
2011-08-28 20:00:00,174.10052
2011-08-28 21:00:00,123.83417
2011-08-28 22:00:00,72.84392
2011-08-28 23:00:00,56.183025
2011-08-29 00:00:00,28.972725
2011-08-29 01:00:00,11.442763
2011-08-29 02:00:00,8.036917
2011-08-29 03:00:00,4.9719973
2011-08-29 04:00:00,4.4807673
2011-08-29 05:00:00,17.017403
2011-08-29 06:00:00,65.14396
2011-08-29 07:00:00,211.87332
2011-08-29 08:00:00,301.40012
2011-08-29 09:00:00,139.51215
2011-08-29 10:00:00,70.44597
2011-08-29 11:00:00,95.62133
2011-08-29 12:00:00,141.5165
2011-08-29 13:00:00,134.38704
2011-08-29 14:00:00,119.38176
2011-08-29 15:00:00,129.79987
2011-08-29 16:00:00,199.81035
2011-08-29 17:00:00,366.18262
2011-08-29 18:00:00,356.80014
2011-08-29 19:00:00,293.50974
2011-08-29 20:00:00,198.21063
2011-08-29 21:00:00,145.00403
2011-08-29 22:00:00,90.393974
2011-08-29 23:00:00,56.57243
2011-08-30 00:00:00,28.398956
2011-08-30 01:00:00,11.011399
2011-08-30 02:00:00,7.745534
2011-08-30 03:00:00,5.20575
2011-08-30 04:00:00,4.6377454
2011-08-30 05:00:00,19.558092
2011-08-30 06:00:00,65.0586
2011-08-30 07:00:00,238.53656
2011-08-30 08:00:00,337.29993
2011-08-30 09:00:00,147.5276
2011-08-30 10:00:00,77.25935
2011-08-30 11:00:00,108.3018
2011-08-30 12:00:00,137.70349
2011-08-30 13:00:00,141.98561
2011-08-30 14:00:00,121.37095
2011-08-30 15:00:00,127.32663
2011-08-30 16:00:00,206.43741
2011-08-30 17:00:00,388.58176
2011-08-30 18:00:00,368.92856
2011-08-30 19:00:00,289.99304
2011-08-30 20:00:00,198.05466
2011-08-30 21:00:00,136.74062
2011-08-30 22:00:00,94.07546
2011-08-30 23:00:00,58.324524
2011-08-31 00:00:00,27.525255
2011-08-31 01:00:00,10.738567
2011-08-31 02:00:00,7.12288
2011-08-31 03:00:00,5.264101
2011-08-31 04:00:00,4.590326
2011-08-31 05:00:00,17.211418
2011-08-31 06:00:00,65.12011
2011-08-31 07:00:00,235.22818
2011-08-31 08:00:00,329.9463
2011-08-31 09:00:00,146.09802
2011-08-31 10:00:00,71.834984
2011-08-31 11:00:00,102.42979
2011-08-31 12:00:00,135.85411
2011-08-31 13:00:00,140.11877
2011-08-31 14:00:00,117.19415
2011-08-31 15:00:00,123.80037
2011-08-31 16:00:00,195.60713
2011-08-31 17:00:00,371.36295
2011-08-31 18:00:00,361.80823
2011-08-31 19:00:00,293.63077
2011-08-31 20:00:00,198.81326
2011-08-31 21:00:00,146.19072
2011-08-31 22:00:00,78.83103
2011-08-31 23:00:00,55.285824
2011-09-20 00:00:00,53.822044
2011-09-20 01:00:00,36.92003
2011-09-20 02:00:00,33.74724
2011-09-20 03:00:00,23.182817
2011-09-20 04:00:00,17.047367
2011-09-20 05:00:00,30.27283
2011-09-20 06:00:00,106.94443
2011-09-20 07:00:00,271.4688
2011-09-20 08:00:00,231.07126
2011-09-20 09:00:00,129.21736
2011-09-20 10:00:00,98.21839
2011-09-20 11:00:00,106.10148
2011-09-20 12:00:00,106.659485
2011-09-20 13:00:00,102.61699
2011-09-20 14:00:00,115.714
2011-09-20 15:00:00,148.27571
2011-09-20 16:00:00,192.76959
2011-09-20 17:00:00,342.2846
2011-09-20 18:00:00,325.3131
2011-09-20 19:00:00,246.6981
2011-09-20 20:00:00,173.86691
2011-09-20 21:00:00,133.93129
2011-09-20 22:00:00,117.05127
2011-09-20 23:00:00,83.28567
2011-09-21 00:00:00,55.96298
2011-09-21 01:00:00,38.558643
2011-09-21 02:00:00,35.88289
2011-09-21 03:00:00,24.752987
2011-09-21 04:00:00,18.582823
2011-09-21 05:00:00,24.669338
2011-09-21 06:00:00,96.015495
2011-09-21 07:00:00,250.32578
2011-09-21 08:00:00,357.70065
2011-09-21 09:00:00,149.50563
2011-09-21 10:00:00,100.41528
2011-09-21 11:00:00,115.08731
2011-09-21 12:00:00,153.78798
2011-09-21 13:00:00,162.53336
2011-09-21 14:00:00,148.74654
2011-09-21 15:00:00,148.96498
2011-09-21 16:00:00,226.90387
2011-09-21 17:00:00,340.03427
2011-09-21 18:00:00,267.20398
2011-09-21 19:00:00,164.33044
2011-09-21 20:00:00,123.150085
2011-09-21 21:00:00,117.23749
2011-09-21 22:00:00,102.739105
2011-09-21 23:00:00,86.57687
2011-09-22 00:00:00,58.657196
2011-09-22 01:00:00,39.516212
2011-09-22 02:00:00,36.595978
2011-09-22 03:00:00,26.148266
2011-09-22 04:00:00,18.875053
2011-09-22 05:00:00,25.513212
2011-09-22 06:00:00,96.32523
2011-09-22 07:00:00,255.18959
2011-09-22 08:00:00,347.2618
2011-09-22 09:00:00,165.98705
2011-09-22 10:00:00,112.11068
2011-09-22 11:00:00,122.24454
2011-09-22 12:00:00,143.88986
2011-09-22 13:00:00,138.41002
2011-09-22 14:00:00,126.08146
2011-09-22 15:00:00,150.02534
2011-09-22 16:00:00,232.31831
2011-09-22 17:00:00,366.13315
2011-09-22 18:00:00,281.83423
2011-09-22 19:00:00,203.14926
2011-09-22 20:00:00,134.43973
2011-09-22 21:00:00,129.60786
2011-09-22 22:00:00,106.0625
2011-09-22 23:00:00,86.32398
2011-09-23 00:00:00,59.84349
2011-09-23 01:00:00,42.278725
2011-09-23 02:00:00,37.904083
2011-09-23 03:00:00,26.73185
2011-09-23 04:00:00,24.141186
2011-09-23 05:00:00,27.230667
2011-09-23 06:00:00,89.86021
2011-09-23 07:00:00,145.69373
2011-09-23 08:00:00,266.68915
2011-09-23 09:00:00,134.63004
2011-09-23 10:00:00,105.01758
2011-09-23 11:00:00,116.13482
2011-09-23 12:00:00,130.47685
2011-09-23 13:00:00,118.21147
2011-09-23 14:00:00,112.9317
2011-09-23 15:00:00,128.86678
2011-09-23 16:00:00,171.81845
2011-09-23 17:00:00,250.18167
2011-09-23 18:00:00,235.6546
2011-09-23 19:00:00,195.42476
2011-09-23 20:00:00,149.48282
2011-09-23 21:00:00,124.6593
2011-09-23 22:00:00,126.29569
2011-09-23 23:00:00,102.49158
2011-09-24 00:00:00,116.052864
2011-09-24 01:00:00,93.39989
2011-09-24 02:00:00,78.2099
2011-09-24 03:00:00,48.987076
2011-09-24 04:00:00,26.855286
2011-09-24 05:00:00,28.197145
2011-09-24 06:00:00,29.142162
2011-09-24 07:00:00,66.384514
2011-09-24 08:00:00,97.618
2011-09-24 09:00:00,176.09065
2011-09-24 10:00:00,244.33426
2011-09-24 11:00:00,288.05536
2011-09-24 12:00:00,321.00507
2011-09-24 13:00:00,333.97235
2011-09-24 14:00:00,309.02582
2011-09-24 15:00:00,329.1192
2011-09-24 16:00:00,323.2424
2011-09-24 17:00:00,317.98917
2011-09-24 18:00:00,284.57007
2011-09-24 19:00:00,206.78647
2011-09-24 20:00:00,166.60808
2011-09-24 21:00:00,153.7669
2011-09-24 22:00:00,131.83032
2011-09-24 23:00:00,123.22212
2011-09-25 00:00:00,109.867195
2011-09-25 01:00:00,98.61725
2011-09-25 02:00:00,83.3433
2011-09-25 03:00:00,53.59658
2011-09-25 04:00:00,32.538486
2011-09-25 05:00:00,29.77444
2011-09-25 06:00:00,28.53055
2011-09-25 07:00:00,44.53548
2011-09-25 08:00:00,97.13678
2011-09-25 09:00:00,161.2981
2011-09-25 10:00:00,212.30542
2011-09-25 11:00:00,260.46384
2011-09-25 12:00:00,267.44577
2011-09-25 13:00:00,259.00305
2011-09-25 14:00:00,196.4363
2011-09-25 15:00:00,216.8373
2011-09-25 16:00:00,275.93015
2011-09-25 17:00:00,246.99107
2011-09-25 18:00:00,213.5416
2011-09-25 19:00:00,139.29482
2011-09-25 20:00:00,117.963326
2011-09-25 21:00:00,84.15046
2011-09-25 22:00:00,78.39531
2011-09-25 23:00:00,64.56532
2011-09-26 00:00:00,24.927746
2011-09-26 01:00:00,13.576505
2011-09-26 02:00:00,10.530528
2011-09-26 03:00:00,7.745086
2011-09-26 04:00:00,7.4631033
2011-09-26 05:00:00,20.98591
2011-09-26 06:00:00,70.89706
2011-09-26 07:00:00,185.16452
2011-09-26 08:00:00,266.83267
2011-09-26 09:00:00,140.23332
2011-09-26 10:00:00,74.51605
2011-09-26 11:00:00,95.87289
2011-09-26 12:00:00,127.50299
2011-09-26 13:00:00,134.34991
2011-09-26 14:00:00,134.81514
2011-09-26 15:00:00,146.83678
2011-09-26 16:00:00,212.68207
2011-09-26 17:00:00,375.0733
2011-09-26 18:00:00,256.47913
2011-09-26 19:00:00,217.18303
2011-09-26 20:00:00,136.069
2011-09-26 21:00:00,96.72289
2011-09-26 22:00:00,72.52381
2011-09-26 23:00:00,53.217358
2011-09-27 00:00:00,27.53615
2011-09-27 01:00:00,13.607296
2011-09-27 02:00:00,10.461619
2011-09-27 03:00:00,7.46584
2011-09-27 04:00:00,9.351347
2011-09-27 05:00:00,19.254913
2011-09-27 06:00:00,71.74952
2011-09-27 07:00:00,195.50711
2011-09-27 08:00:00,310.94434
2011-09-27 09:00:00,125.774254
2011-09-27 10:00:00,75.2099
2011-09-27 11:00:00,79.75227
2011-09-27 12:00:00,103.573524
2011-09-27 13:00:00,130.34917
2011-09-27 14:00:00,105.62366
2011-09-27 15:00:00,96.028885
2011-09-27 16:00:00,149.29362
2011-09-27 17:00:00,242.79993
2011-09-27 18:00:00,225.75703
2011-09-27 19:00:00,188.7105
2011-09-27 20:00:00,192.48395
2011-09-27 21:00:00,111.62801
2011-09-27 22:00:00,85.97956
2011-09-27 23:00:00,65.24071
2011-09-28 00:00:00,30.753246
2011-09-28 01:00:00,13.778932
2011-09-28 02:00:00,10.3512125
2011-09-28 03:00:00,7.737878
2011-09-28 04:00:00,7.4088736
2011-09-28 05:00:00,16.587568
2011-09-28 06:00:00,55.140408
2011-09-28 07:00:00,83.6995
2011-09-28 08:00:00,201.46347
2011-09-28 09:00:00,109.871
2011-09-28 10:00:00,66.36705
2011-09-28 11:00:00,81.68582
2011-09-28 12:00:00,117.28306
2011-09-28 13:00:00,128.27324
2011-09-28 14:00:00,132.67511
2011-09-28 15:00:00,135.71016
2011-09-28 16:00:00,194.12523
2011-09-28 17:00:00,369.80194
2011-09-28 18:00:00,208.40814
2011-09-28 19:00:00,151.3919
2011-09-28 20:00:00,89.22512
2011-09-28 21:00:00,69.49239
2011-09-28 22:00:00,85.079865
2011-09-28 23:00:00,59.352623
2011-09-29 00:00:00,32.960426
2011-09-29 01:00:00,14.64856
2011-09-29 02:00:00,10.748504
2011-09-29 03:00:00,8.609281
2011-09-29 04:00:00,7.5909824
2011-09-29 05:00:00,19.570265
2011-09-29 06:00:00,74.01142
2011-09-29 07:00:00,231.71437
2011-09-29 08:00:00,337.56195
2011-09-29 09:00:00,176.80667
2011-09-29 10:00:00,90.21426
2011-09-29 11:00:00,124.54338
2011-09-29 12:00:00,153.24484
2011-09-29 13:00:00,152.02112
2011-09-29 14:00:00,134.58511
2011-09-29 15:00:00,141.66393
2011-09-29 16:00:00,205.32497
2011-09-29 17:00:00,372.92358
2011-09-29 18:00:00,368.72156
2011-09-29 19:00:00,286.344
2011-09-29 20:00:00,202.24126
2011-09-29 21:00:00,153.60786
2011-09-29 22:00:00,101.97346
2011-09-29 23:00:00,71.80941
2011-09-30 00:00:00,49.40422
2011-09-30 01:00:00,27.976013
2011-09-30 02:00:00,16.106789
2011-09-30 03:00:00,9.964385
2011-09-30 04:00:00,8.417438
2011-09-30 05:00:00,24.267958
2011-09-30 06:00:00,72.87755
2011-09-30 07:00:00,203.18756
2011-09-30 08:00:00,329.02618
2011-09-30 09:00:00,179.69165
2011-09-30 10:00:00,130.3585
2011-09-30 11:00:00,152.0216
2011-09-30 12:00:00,187.3132
2011-09-30 13:00:00,178.37936
2011-09-30 14:00:00,161.26093
2011-09-30 15:00:00,178.76744
2011-09-30 16:00:00,259.24756
2011-09-30 17:00:00,363.56897
2011-09-30 18:00:00,331.493
2011-09-30 19:00:00,202.64386
2011-09-30 20:00:00,163.31305
2011-09-30 21:00:00,139.61353
2011-09-30 22:00:00,107.68678
2011-09-30 23:00:00,92.2169
2011-10-20 00:00:00,41.389225
2011-10-20 01:00:00,27.797947
2011-10-20 02:00:00,23.634167
2011-10-20 03:00:00,16.400396
2011-10-20 04:00:00,12.515816
2011-10-20 05:00:00,28.509542
2011-10-20 06:00:00,101.83891
2011-10-20 07:00:00,237.47012
2011-10-20 08:00:00,381.3414
2011-10-20 09:00:00,169.08234
2011-10-20 10:00:00,118.18534
2011-10-20 11:00:00,138.62943
2011-10-20 12:00:00,164.29253
2011-10-20 13:00:00,152.29103
2011-10-20 14:00:00,139.13025
2011-10-20 15:00:00,143.27237
2011-10-20 16:00:00,198.46878
2011-10-20 17:00:00,373.21487
2011-10-20 18:00:00,336.1748
2011-10-20 19:00:00,234.25891
2011-10-20 20:00:00,161.7044
2011-10-20 21:00:00,141.8031
2011-10-20 22:00:00,115.19309
2011-10-20 23:00:00,90.09859
2011-10-21 00:00:00,62.556187
2011-10-21 01:00:00,41.910385
2011-10-21 02:00:00,30.899508
2011-10-21 03:00:00,19.76361
2011-10-21 04:00:00,14.164385
2011-10-21 05:00:00,26.43932
2011-10-21 06:00:00,88.833244
2011-10-21 07:00:00,213.89743
2011-10-21 08:00:00,377.02545
2011-10-21 09:00:00,202.04689
2011-10-21 10:00:00,139.9403
2011-10-21 11:00:00,159.15674
2011-10-21 12:00:00,188.26993
2011-10-21 13:00:00,173.83356
2011-10-21 14:00:00,174.68137
2011-10-21 15:00:00,182.02988
2011-10-21 16:00:00,260.6606
2011-10-21 17:00:00,361.13672
2011-10-21 18:00:00,328.79346
2011-10-21 19:00:00,194.91893
2011-10-21 20:00:00,147.899
2011-10-21 21:00:00,140.34047
2011-10-21 22:00:00,127.2209
2011-10-21 23:00:00,98.85596
2011-10-22 00:00:00,96.233505
2011-10-22 01:00:00,79.1371
2011-10-22 02:00:00,64.73863
2011-10-22 03:00:00,38.364143
2011-10-22 04:00:00,16.947886
2011-10-22 05:00:00,16.022142
2011-10-22 06:00:00,21.855497
2011-10-22 07:00:00,53.72746
2011-10-22 08:00:00,98.63612
2011-10-22 09:00:00,164.1722
2011-10-22 10:00:00,193.887
2011-10-22 11:00:00,221.01358
2011-10-22 12:00:00,307.84354
2011-10-22 13:00:00,322.5411
2011-10-22 14:00:00,278.18216
2011-10-22 15:00:00,299.1031
2011-10-22 16:00:00,308.14578
2011-10-22 17:00:00,252.41936
2011-10-22 18:00:00,213.57571
2011-10-22 19:00:00,155.74377
2011-10-22 20:00:00,141.7675
2011-10-22 21:00:00,120.38237
2011-10-22 22:00:00,114.07171
2011-10-22 23:00:00,94.02778
2011-10-23 00:00:00,93.77616
2011-10-23 01:00:00,84.13796
2011-10-23 02:00:00,72.32316
2011-10-23 03:00:00,40.71376
2011-10-23 04:00:00,17.23627
2011-10-23 05:00:00,16.419147
2011-10-23 06:00:00,20.122852
2011-10-23 07:00:00,43.538063
2011-10-23 08:00:00,79.61948
2011-10-23 09:00:00,142.79031
2011-10-23 10:00:00,196.36786
2011-10-23 11:00:00,223.10855
2011-10-23 12:00:00,312.45972
2011-10-23 13:00:00,310.5186
2011-10-23 14:00:00,303.38345
2011-10-23 15:00:00,300.44086
2011-10-23 16:00:00,298.8511
2011-10-23 17:00:00,266.27136
2011-10-23 18:00:00,218.81755
2011-10-23 19:00:00,146.96283
2011-10-23 20:00:00,134.43915
2011-10-23 21:00:00,112.500175
2011-10-23 22:00:00,94.87566
2011-10-23 23:00:00,73.43727
2011-10-24 00:00:00,49.552532
2011-10-24 01:00:00,31.821072
2011-10-24 02:00:00,27.697298
2011-10-24 03:00:00,19.336273
2011-10-24 04:00:00,13.81921
2011-10-24 05:00:00,26.256203
2011-10-24 06:00:00,97.35323
2011-10-24 07:00:00,208.15886
2011-10-24 08:00:00,348.60526
2011-10-24 09:00:00,174.71385
2011-10-24 10:00:00,111.63936
2011-10-24 11:00:00,129.92776
2011-10-24 12:00:00,163.33797
2011-10-24 13:00:00,160.08694
2011-10-24 14:00:00,145.77054
2011-10-24 15:00:00,155.74445
2011-10-24 16:00:00,223.52264
2011-10-24 17:00:00,409.1065
2011-10-24 18:00:00,385.1458
2011-10-24 19:00:00,159.11885
2011-10-24 20:00:00,163.53775
2011-10-24 21:00:00,132.10135
2011-10-24 22:00:00,112.945435
2011-10-24 23:00:00,71.63375
2011-10-25 00:00:00,50.98962
2011-10-25 01:00:00,32.533375
2011-10-25 02:00:00,27.928818
2011-10-25 03:00:00,18.31972
2011-10-25 04:00:00,14.087088
2011-10-25 05:00:00,28.882656
2011-10-25 06:00:00,100.32986
2011-10-25 07:00:00,239.04398
2011-10-25 08:00:00,382.10425
2011-10-25 09:00:00,196.88379
2011-10-25 10:00:00,119.91674
2011-10-25 11:00:00,138.4814
2011-10-25 12:00:00,164.90318
2011-10-25 13:00:00,158.96527
2011-10-25 14:00:00,150.29977
2011-10-25 15:00:00,160.69037
2011-10-25 16:00:00,246.74458
2011-10-25 17:00:00,432.4582
2011-10-25 18:00:00,390.0952
2011-10-25 19:00:00,262.96036
2011-10-25 20:00:00,182.26534
2011-10-25 21:00:00,149.64352
2011-10-25 22:00:00,100.01503
2011-10-25 23:00:00,62.550484
2011-10-26 00:00:00,31.54911
2011-10-26 01:00:00,10.426012
2011-10-26 02:00:00,6.7369857
2011-10-26 03:00:00,4.0664616
2011-10-26 04:00:00,3.5316546
2011-10-26 05:00:00,18.469357
2011-10-26 06:00:00,64.406944
2011-10-26 07:00:00,215.14952
2011-10-26 08:00:00,338.00223
2011-10-26 09:00:00,153.05782
2011-10-26 10:00:00,69.56046
2011-10-26 11:00:00,100.7054
2011-10-26 12:00:00,114.439545
2011-10-26 13:00:00,91.81663
2011-10-26 14:00:00,78.59721
2011-10-26 15:00:00,92.27858
2011-10-26 16:00:00,154.12782
2011-10-26 17:00:00,302.47708
2011-10-26 18:00:00,322.12195
2011-10-26 19:00:00,182.1706
2011-10-26 20:00:00,115.22446
2011-10-26 21:00:00,104.152695
2011-10-26 22:00:00,64.594215
2011-10-26 23:00:00,49.067677
2011-10-27 00:00:00,27.30065
2011-10-27 01:00:00,10.051643
2011-10-27 02:00:00,5.7166653
2011-10-27 03:00:00,4.0330133
2011-10-27 04:00:00,3.3984606
2011-10-27 05:00:00,12.496763
2011-10-27 06:00:00,44.812004
2011-10-27 07:00:00,186.85498
2011-10-27 08:00:00,191.07698
2011-10-27 09:00:00,146.55112
2011-10-27 10:00:00,60.68963
2011-10-27 11:00:00,59.86019
2011-10-27 12:00:00,61.34584
2011-10-27 13:00:00,89.60597
2011-10-27 14:00:00,69.20426
2011-10-27 15:00:00,79.5084
2011-10-27 16:00:00,167.72882
2011-10-27 17:00:00,298.06525
2011-10-27 18:00:00,297.81247
2011-10-27 19:00:00,176.9528
2011-10-27 20:00:00,117.17537
2011-10-27 21:00:00,89.4323
2011-10-27 22:00:00,59.6144
2011-10-27 23:00:00,48.82939
2011-10-28 00:00:00,33.038258
2011-10-28 01:00:00,13.037656
2011-10-28 02:00:00,8.46753
2011-10-28 03:00:00,3.9212399
2011-10-28 04:00:00,3.768793
2011-10-28 05:00:00,15.315641
2011-10-28 06:00:00,60.112167
2011-10-28 07:00:00,171.42883
2011-10-28 08:00:00,349.0975
2011-10-28 09:00:00,161.34624
2011-10-28 10:00:00,87.946625
2011-10-28 11:00:00,103.80248
2011-10-28 12:00:00,136.3678
2011-10-28 13:00:00,127.82638
2011-10-28 14:00:00,115.9618
2011-10-28 15:00:00,123.43144
2011-10-28 16:00:00,172.62419
2011-10-28 17:00:00,305.72375
2011-10-28 18:00:00,280.2429
2011-10-28 19:00:00,166.6528
2011-10-28 20:00:00,66.53887
2011-10-28 21:00:00,51.98074
2011-10-28 22:00:00,43.032516
2011-10-28 23:00:00,29.145231
2011-10-29 00:00:00,43.687943
2011-10-29 01:00:00,34.959
2011-10-29 02:00:00,28.533623
2011-10-29 03:00:00,9.284851
2011-10-29 04:00:00,4.489867
2011-10-29 05:00:00,5.8634496
2011-10-29 06:00:00,8.922583
2011-10-29 07:00:00,27.97004
2011-10-29 08:00:00,47.80992
2011-10-29 09:00:00,58.924168
2011-10-29 10:00:00,71.13735
2011-10-29 11:00:00,83.07217
2011-10-29 12:00:00,79.8069
2011-10-29 13:00:00,74.58766
2011-10-29 14:00:00,84.27374
2011-10-29 15:00:00,95.57182
2011-10-29 16:00:00,96.1566
2011-10-29 17:00:00,71.179276
2011-10-29 18:00:00,59.89922
2011-10-29 19:00:00,64.32052
2011-10-29 20:00:00,61.460968
2011-10-29 21:00:00,54.412895
2011-10-29 22:00:00,52.22439
2011-10-29 23:00:00,44.81536
2011-10-30 00:00:00,54.294903
2011-10-30 01:00:00,48.70679
2011-10-30 02:00:00,35.517117
2011-10-30 03:00:00,14.456515
2011-10-30 04:00:00,4.9373417
2011-10-30 05:00:00,4.642965
2011-10-30 06:00:00,7.3033977
2011-10-30 07:00:00,22.547863
2011-10-30 08:00:00,44.0045
2011-10-30 09:00:00,81.36952
2011-10-30 10:00:00,147.3653
2011-10-30 11:00:00,183.82623
2011-10-30 12:00:00,232.163
2011-10-30 13:00:00,247.86281
2011-10-30 14:00:00,256.6819
2011-10-30 15:00:00,256.70456
2011-10-30 16:00:00,260.07135
2011-10-30 17:00:00,184.23796
2011-10-30 18:00:00,149.72844
2011-10-30 19:00:00,174.54286
2011-10-30 20:00:00,76.72671
2011-10-30 21:00:00,61.06484
2011-10-30 22:00:00,51.812084
2011-10-30 23:00:00,40.613327
2011-10-31 00:00:00,16.918278
2011-10-31 01:00:00,7.5309553
2011-10-31 02:00:00,4.7452984
2011-10-31 03:00:00,3.7634656
2011-10-31 04:00:00,3.3073545
2011-10-31 05:00:00,15.172661
2011-10-31 06:00:00,58.735794
2011-10-31 07:00:00,190.09598
2011-10-31 08:00:00,321.30954
2011-10-31 09:00:00,137.68791
2011-10-31 10:00:00,66.34875
2011-10-31 11:00:00,82.55056
2011-10-31 12:00:00,126.539444
2011-10-31 13:00:00,119.90225
2011-10-31 14:00:00,99.12086
2011-10-31 15:00:00,118.54465
2011-10-31 16:00:00,184.06891
2011-10-31 17:00:00,381.18317
2011-10-31 18:00:00,329.6626
2011-10-31 19:00:00,204.29352
2011-10-31 20:00:00,131.1434
2011-10-31 21:00:00,77.931465
2011-10-31 22:00:00,60.431
2011-10-31 23:00:00,40.339596
2011-11-20 00:00:00,92.49527
2011-11-20 01:00:00,79.525085
2011-11-20 02:00:00,67.65354
2011-11-20 03:00:00,41.027416
2011-11-20 04:00:00,14.892628
2011-11-20 05:00:00,14.483388
2011-11-20 06:00:00,19.653755
2011-11-20 07:00:00,45.823303
2011-11-20 08:00:00,73.688484
2011-11-20 09:00:00,143.27475
2011-11-20 10:00:00,175.3065
2011-11-20 11:00:00,260.04898
2011-11-20 12:00:00,295.46826
2011-11-20 13:00:00,290.26596
2011-11-20 14:00:00,286.42157
2011-11-20 15:00:00,244.29099
2011-11-20 16:00:00,252.72952
2011-11-20 17:00:00,204.47504
2011-11-20 18:00:00,199.36792
2011-11-20 19:00:00,156.57785
2011-11-20 20:00:00,148.43486
2011-11-20 21:00:00,121.994354
2011-11-20 22:00:00,74.518234
2011-11-20 23:00:00,63.762756
2011-11-21 00:00:00,51.471554
2011-11-21 01:00:00,33.691257
2011-11-21 02:00:00,31.57234
2011-11-21 03:00:00,21.221746
2011-11-21 04:00:00,14.6886635
2011-11-21 05:00:00,21.851114
2011-11-21 06:00:00,87.109344
2011-11-21 07:00:00,208.80667
2011-11-21 08:00:00,343.77313
2011-11-21 09:00:00,154.51709
2011-11-21 10:00:00,106.04167
2011-11-21 11:00:00,118.31052
2011-11-21 12:00:00,153.52321
2011-11-21 13:00:00,150.8386
2011-11-21 14:00:00,126.330154
2011-11-21 15:00:00,88.70421
2011-11-21 16:00:00,117.23271
2011-11-21 17:00:00,151.39676
2011-11-21 18:00:00,177.4151
2011-11-21 19:00:00,142.14151
2011-11-21 20:00:00,119.547745
2011-11-21 21:00:00,100.58176
2011-11-21 22:00:00,76.09512
2011-11-21 23:00:00,53.81551
2011-11-22 00:00:00,44.227596
2011-11-22 01:00:00,32.05848
2011-11-22 02:00:00,30.711206
2011-11-22 03:00:00,21.145086
2011-11-22 04:00:00,14.460436
2011-11-22 05:00:00,20.685396
2011-11-22 06:00:00,85.37693
2011-11-22 07:00:00,110.70128
2011-11-22 08:00:00,205.96225
2011-11-22 09:00:00,112.50548
2011-11-22 10:00:00,75.08354
2011-11-22 11:00:00,85.26591
2011-11-22 12:00:00,95.717125
2011-11-22 13:00:00,90.30456
2011-11-22 14:00:00,80.14559
2011-11-22 15:00:00,73.77771
2011-11-22 16:00:00,108.78833
2011-11-22 17:00:00,172.14859
2011-11-22 18:00:00,154.06699
2011-11-22 19:00:00,145.12384
2011-11-22 20:00:00,137.96916
2011-11-22 21:00:00,114.12273
2011-11-22 22:00:00,100.95402
2011-11-22 23:00:00,68.65374
2011-11-23 00:00:00,49.102898
2011-11-23 01:00:00,33.1667
2011-11-23 02:00:00,32.307957
2011-11-23 03:00:00,23.050644
2011-11-23 04:00:00,16.14737
2011-11-23 05:00:00,22.792803
2011-11-23 06:00:00,85.30847
2011-11-23 07:00:00,217.80936
2011-11-23 08:00:00,344.09677
2011-11-23 09:00:00,157.87762
2011-11-23 10:00:00,97.138245
2011-11-23 11:00:00,124.600395
2011-11-23 12:00:00,156.94359
2011-11-23 13:00:00,138.16609
2011-11-23 14:00:00,130.60641
2011-11-23 15:00:00,133.03284
2011-11-23 16:00:00,153.53395
2011-11-23 17:00:00,217.96117
2011-11-23 18:00:00,322.46185
2011-11-23 19:00:00,205.44722
2011-11-23 20:00:00,154.75911
2011-11-23 21:00:00,125.828575
2011-11-23 22:00:00,95.598625
2011-11-23 23:00:00,63.13569
2011-11-24 00:00:00,70.64363
2011-11-24 01:00:00,53.939022
2011-11-24 02:00:00,44.1529
2011-11-24 03:00:00,28.68553
2011-11-24 04:00:00,18.959066
2011-11-24 05:00:00,25.454182
2011-11-24 06:00:00,46.467743
2011-11-24 07:00:00,101.000595
2011-11-24 08:00:00,206.26091
2011-11-24 09:00:00,177.6039
2011-11-24 10:00:00,153.07257
2011-11-24 11:00:00,191.74474
2011-11-24 12:00:00,220.87274
2011-11-24 13:00:00,219.87509
2011-11-24 14:00:00,227.6381
2011-11-24 15:00:00,220.85378
2011-11-24 16:00:00,220.4526
2011-11-24 17:00:00,291.79892
2011-11-24 18:00:00,229.65129
2011-11-24 19:00:00,187.99118
2011-11-24 20:00:00,151.00465
2011-11-24 21:00:00,128.52055
2011-11-24 22:00:00,108.96857
2011-11-24 23:00:00,81.65514
2011-11-25 00:00:00,58.811916
2011-11-25 01:00:00,38.526875
2011-11-25 02:00:00,34.60869
2011-11-25 03:00:00,22.346594
2011-11-25 04:00:00,14.116312
2011-11-25 05:00:00,24.144136
2011-11-25 06:00:00,82.24293
2011-11-25 07:00:00,205.24298
2011-11-25 08:00:00,361.14227
2011-11-25 09:00:00,187.5561
2011-11-25 10:00:00,117.46092
2011-11-25 11:00:00,128.61702
2011-11-25 12:00:00,145.62535
2011-11-25 13:00:00,147.17572
2011-11-25 14:00:00,135.47313
2011-11-25 15:00:00,152.64099
2011-11-25 16:00:00,201.2319
2011-11-25 17:00:00,340.10388
2011-11-25 18:00:00,297.28616
2011-11-25 19:00:00,161.24908
2011-11-25 20:00:00,119.45049
2011-11-25 21:00:00,72.54716
2011-11-25 22:00:00,66.158875
2011-11-25 23:00:00,57.396492
2011-11-26 00:00:00,63.071083
2011-11-26 01:00:00,51.81081
2011-11-26 02:00:00,39.488895
2011-11-26 03:00:00,17.860237
2011-11-26 04:00:00,5.774112
2011-11-26 05:00:00,6.211307
2011-11-26 06:00:00,13.263092
2011-11-26 07:00:00,30.592123
2011-11-26 08:00:00,60.6983
2011-11-26 09:00:00,119.42587
2011-11-26 10:00:00,141.16376
2011-11-26 11:00:00,190.7729
2011-11-26 12:00:00,249.2225
2011-11-26 13:00:00,283.44107
2011-11-26 14:00:00,247.39339
2011-11-26 15:00:00,269.71307
2011-11-26 16:00:00,219.72551
2011-11-26 17:00:00,181.29434
2011-11-26 18:00:00,156.96289
2011-11-26 19:00:00,122.01874
2011-11-26 20:00:00,98.73114
2011-11-26 21:00:00,65.12923
2011-11-26 22:00:00,65.26509
2011-11-26 23:00:00,54.205044
2011-11-27 00:00:00,65.01846
2011-11-27 01:00:00,58.064358
2011-11-27 02:00:00,45.827396
2011-11-27 03:00:00,23.763844
2011-11-27 04:00:00,6.550954
2011-11-27 05:00:00,5.4195194
2011-11-27 06:00:00,11.395596
2011-11-27 07:00:00,26.024931
2011-11-27 08:00:00,54.780136
2011-11-27 09:00:00,107.84812
2011-11-27 10:00:00,167.4982
2011-11-27 11:00:00,237.09912
2011-11-27 12:00:00,283.35703
2011-11-27 13:00:00,280.59634
2011-11-27 14:00:00,293.66113
2011-11-27 15:00:00,278.62552
2011-11-27 16:00:00,277.73694
2011-11-27 17:00:00,205.65959
2011-11-27 18:00:00,175.42368
2011-11-27 19:00:00,121.89174
2011-11-27 20:00:00,110.079636
2011-11-27 21:00:00,64.27842
2011-11-27 22:00:00,63.02952
2011-11-27 23:00:00,48.844543
2011-11-28 00:00:00,26.803486
2011-11-28 01:00:00,9.605607
2011-11-28 03:00:00,3.7043166
2011-11-28 04:00:00,4.507154
2011-11-28 05:00:00,17.682613
2011-11-28 06:00:00,63.639
2011-11-28 07:00:00,200.59473
2011-11-28 08:00:00,314.309
2011-11-28 09:00:00,135.71379
2011-11-28 10:00:00,67.61537
2011-11-28 11:00:00,92.42929
2011-11-28 12:00:00,129.59186
2011-11-28 13:00:00,115.92292
2011-11-28 14:00:00,113.61753
2011-11-28 15:00:00,126.02421
2011-11-28 16:00:00,185.0136
2011-11-28 17:00:00,366.64908
2011-11-28 18:00:00,346.27454
2011-11-28 19:00:00,204.55151
2011-11-28 20:00:00,138.55016
2011-11-28 21:00:00,108.95119
2011-11-28 22:00:00,64.91246
2011-11-28 23:00:00,47.66667
2011-11-29 00:00:00,24.717102
2011-11-29 01:00:00,10.136561
2011-11-29 02:00:00,6.100795
2011-11-29 03:00:00,3.8148315
2011-11-29 04:00:00,3.325733
2011-11-29 05:00:00,19.19725
2011-11-29 06:00:00,63.442474
2011-11-29 07:00:00,231.7875
2011-11-29 08:00:00,336.902
2011-11-29 09:00:00,109.65234
2011-11-29 10:00:00,63.600094
2011-11-29 11:00:00,57.87738
2011-11-29 12:00:00,58.30139
2011-11-29 13:00:00,54.21669
2011-11-29 14:00:00,47.665127
2011-11-29 15:00:00,48.551945
2011-11-29 16:00:00,60.500458
2011-11-29 17:00:00,189.01509
2011-11-29 18:00:00,209.93954
2011-11-29 19:00:00,140.82129
2011-11-29 20:00:00,103.312485
2011-11-29 21:00:00,66.73216
2011-11-29 22:00:00,61.312504
2011-11-29 23:00:00,38.911568
2011-11-30 00:00:00,25.330963
2011-11-30 01:00:00,8.992133
2011-11-30 02:00:00,5.546286
2011-11-30 03:00:00,4.012468
2011-11-30 04:00:00,3.6306453
2011-11-30 05:00:00,16.452806
2011-11-30 06:00:00,58.340897
2011-11-30 07:00:00,192.49464
2011-11-30 08:00:00,342.85468
2011-11-30 09:00:00,138.81587
2011-11-30 10:00:00,64.58181
2011-11-30 11:00:00,78.756165
2011-11-30 12:00:00,95.215965
2011-11-30 13:00:00,96.25609
2011-11-30 14:00:00,75.782455
2011-11-30 15:00:00,91.61034
2011-11-30 16:00:00,128.72633
2011-11-30 17:00:00,276.78647
2011-11-30 18:00:00,257.82446
2011-11-30 19:00:00,152.16313
2011-11-30 20:00:00,107.884995
2011-11-30 21:00:00,67.19634
2011-11-30 22:00:00,61.1437
2011-11-30 23:00:00,36.589256
2011-12-20 00:00:00,46.466675
2011-12-20 01:00:00,29.75989
2011-12-20 02:00:00,28.82573
2011-12-20 03:00:00,19.545246
2011-12-20 04:00:00,13.692624
2011-12-20 05:00:00,26.66199
2011-12-20 06:00:00,90.92624
2011-12-20 07:00:00,233.5726
2011-12-20 08:00:00,392.42682
2011-12-20 09:00:00,173.53693
2011-12-20 10:00:00,113.910034
2011-12-20 11:00:00,127.38037
2011-12-20 12:00:00,161.73175
2011-12-20 13:00:00,156.7715
2011-12-20 14:00:00,137.28981
2011-12-20 15:00:00,138.99533
2011-12-20 16:00:00,185.875
2011-12-20 17:00:00,363.18246
2011-12-20 18:00:00,334.16803
2011-12-20 19:00:00,220.80707
2011-12-20 20:00:00,163.78659
2011-12-20 21:00:00,141.93166
2011-12-20 22:00:00,103.19912
2011-12-20 23:00:00,76.40667
2011-12-21 00:00:00,63.228207
2011-12-21 01:00:00,42.36583
2011-12-21 02:00:00,36.736095
2011-12-21 03:00:00,23.14458
2011-12-21 04:00:00,14.848047
2011-12-21 05:00:00,29.263859
2011-12-21 06:00:00,88.88265
2011-12-21 07:00:00,228.06291
2011-12-21 08:00:00,220.30559
2011-12-21 09:00:00,171.79898
2011-12-21 10:00:00,112.78032
2011-12-21 11:00:00,119.35466
2011-12-21 12:00:00,94.190285
2011-12-21 13:00:00,76.77788
2011-12-21 14:00:00,113.8748
2011-12-21 15:00:00,119.68167
2011-12-21 16:00:00,89.17306
2011-12-21 17:00:00,123.73386
2011-12-21 18:00:00,187.24356
2011-12-21 19:00:00,152.52518
2011-12-21 20:00:00,133.64102
2011-12-21 21:00:00,141.23526
2011-12-21 22:00:00,113.47786
2011-12-21 23:00:00,79.11439
2011-12-22 00:00:00,59.8104
2011-12-22 01:00:00,39.322914
2011-12-22 02:00:00,35.69951
2011-12-22 03:00:00,22.335848
2011-12-22 04:00:00,15.649961
2011-12-22 05:00:00,30.058249
2011-12-22 06:00:00,93.529915
2011-12-22 07:00:00,235.26636
2011-12-22 08:00:00,401.8174
2011-12-22 09:00:00,187.5305
2011-12-22 10:00:00,111.509735
2011-12-22 11:00:00,121.58891
2011-12-22 12:00:00,161.01541
2011-12-22 13:00:00,147.59557
2011-12-22 14:00:00,127.879135
2011-12-22 15:00:00,140.46335
2011-12-22 16:00:00,174.34177
2011-12-22 17:00:00,343.54068
2011-12-22 18:00:00,345.11945
2011-12-22 19:00:00,232.39607
2011-12-22 20:00:00,127.488754
2011-12-22 21:00:00,101.98313
2011-12-22 22:00:00,77.753975
2011-12-22 23:00:00,60.756252
2011-12-23 00:00:00,62.824783
2011-12-23 01:00:00,42.380974
2011-12-23 02:00:00,37.182377
2011-12-23 03:00:00,25.373798
2011-12-23 04:00:00,18.40849
2011-12-23 05:00:00,25.72242
2011-12-23 06:00:00,88.19884
2011-12-23 07:00:00,222.97398
2011-12-23 08:00:00,399.94073
2011-12-23 09:00:00,203.19937
2011-12-23 10:00:00,135.36617
2011-12-23 11:00:00,148.05334
2011-12-23 12:00:00,170.97864
2011-12-23 13:00:00,165.30833
2011-12-23 14:00:00,159.26762
2011-12-23 15:00:00,164.52734
2011-12-23 16:00:00,185.50467
2011-12-23 17:00:00,335.62488
2011-12-23 18:00:00,275.09265
2011-12-23 19:00:00,190.99286
2011-12-23 20:00:00,142.4925
2011-12-23 21:00:00,121.16083
2011-12-23 22:00:00,105.647095
2011-12-23 23:00:00,93.00291
2011-12-24 00:00:00,88.90315
2011-12-24 01:00:00,77.68921
2011-12-24 02:00:00,71.58602
2011-12-24 03:00:00,39.915573
2011-12-24 04:00:00,17.990828
2011-12-24 05:00:00,18.053211
2011-12-24 06:00:00,21.091043
2011-12-24 07:00:00,40.840015
2011-12-24 08:00:00,80.671425
2011-12-24 09:00:00,129.18956
2011-12-24 10:00:00,165.02971
2011-12-24 11:00:00,194.03674
2011-12-24 12:00:00,236.00235
2011-12-24 13:00:00,231.82697
2011-12-24 14:00:00,224.23035
2011-12-24 15:00:00,220.35443
2011-12-24 16:00:00,208.64403
2011-12-24 17:00:00,166.22885
2011-12-24 18:00:00,167.30685
2011-12-24 19:00:00,156.9353
2011-12-24 20:00:00,112.365234
2011-12-24 21:00:00,96.06173
2011-12-24 22:00:00,96.341286
2011-12-24 23:00:00,77.8517
2011-12-25 00:00:00,85.68146
2011-12-25 01:00:00,75.46143
2011-12-25 02:00:00,70.83966
2011-12-25 03:00:00,38.47135
2011-12-25 05:00:00,17.161598
2011-12-25 06:00:00,17.512327
2011-12-25 07:00:00,27.706741
2011-12-25 08:00:00,50.972885
2011-12-25 09:00:00,107.41103
2011-12-25 10:00:00,153.9326
2011-12-25 11:00:00,193.4306
2011-12-25 12:00:00,205.79144
2011-12-25 13:00:00,225.76187
2011-12-25 14:00:00,210.44156
2011-12-25 15:00:00,217.29987
2011-12-25 16:00:00,216.64091
2011-12-25 17:00:00,182.00288
2011-12-25 18:00:00,158.06004
2011-12-25 19:00:00,150.60661
2011-12-25 20:00:00,112.089836
2011-12-25 21:00:00,94.27902
2011-12-25 22:00:00,74.848595
2011-12-25 23:00:00,46.56759
2011-12-26 00:00:00,41.22527
2011-12-26 01:00:00,30.63866
2011-12-26 02:00:00,18.447973
2011-12-26 04:00:00,6.9179187
2011-12-26 05:00:00,15.467448
2011-12-26 06:00:00,25.581951
2011-12-26 07:00:00,69.579865
2011-12-26 08:00:00,137.2111
2011-12-26 09:00:00,131.87057
2011-12-26 10:00:00,131.73007
2011-12-26 11:00:00,134.46031
2011-12-26 12:00:00,164.15604
2011-12-26 13:00:00,173.70842
2011-12-26 14:00:00,168.28593
2011-12-26 15:00:00,158.8004
2011-12-26 16:00:00,157.15134
2011-12-26 17:00:00,169.10808
2011-12-26 18:00:00,163.3347
2011-12-26 19:00:00,135.89937
2011-12-26 20:00:00,99.85069
2011-12-26 21:00:00,68.95254
2011-12-26 22:00:00,59.90618
2011-12-26 23:00:00,36.392456
2011-12-27 00:00:00,22.532259
2011-12-27 01:00:00,12.216264
2011-12-27 02:00:00,9.342066
2011-12-27 03:00:00,7.3966265
2011-12-27 04:00:00,6.560443
2011-12-27 05:00:00,19.787395
2011-12-27 06:00:00,67.29621
2011-12-27 07:00:00,194.54623
2011-12-27 08:00:00,352.68118
2011-12-27 09:00:00,82.43539
2011-12-27 10:00:00,76.528336
2011-12-27 11:00:00,60.148327
2011-12-27 12:00:00,60.478508
2011-12-27 13:00:00,61.09107
2011-12-27 14:00:00,57.535744
2011-12-27 15:00:00,60.242065
2011-12-27 16:00:00,67.8748
2011-12-27 17:00:00,145.69147
2011-12-27 18:00:00,195.71338
2011-12-27 19:00:00,153.76926
2011-12-27 20:00:00,127.94597
2011-12-27 21:00:00,87.37719
2011-12-27 22:00:00,74.81802
2011-12-27 23:00:00,48.88219
2011-12-28 00:00:00,27.167809
2011-12-28 01:00:00,13.922846
2011-12-28 02:00:00,9.913675
2011-12-28 03:00:00,7.1769524
2011-12-28 05:00:00,20.626875
2011-12-28 06:00:00,69.313484
2011-12-28 07:00:00,200.09877
2011-12-28 08:00:00,371.41174
2011-12-28 09:00:00,159.77477
2011-12-28 10:00:00,77.695816
2011-12-28 11:00:00,83.704315
2011-12-28 12:00:00,109.050995
2011-12-28 13:00:00,94.639534
2011-12-28 14:00:00,84.40059
2011-12-28 15:00:00,92.01277
2011-12-28 16:00:00,129.05426
2011-12-28 17:00:00,276.01428
2011-12-28 18:00:00,243.66873
2011-12-28 19:00:00,164.44914
2011-12-28 20:00:00,122.865265
2011-12-28 21:00:00,78.32626
2011-12-28 22:00:00,68.31949
2011-12-28 23:00:00,41.965015
2011-12-29 00:00:00,21.69487
2011-12-29 01:00:00,11.864339
2011-12-29 02:00:00,9.673002
2011-12-29 03:00:00,7.340597
2011-12-29 04:00:00,6.7330065
2011-12-29 05:00:00,16.341797
2011-12-29 06:00:00,65.116035
2011-12-29 07:00:00,179.47525
2011-12-29 08:00:00,337.62265
2011-12-29 09:00:00,151.96622
2011-12-29 10:00:00,73.170815
2011-12-29 11:00:00,78.066284
2011-12-29 12:00:00,91.32796
2011-12-29 13:00:00,96.69807
2011-12-29 14:00:00,82.963425
2011-12-29 15:00:00,98.21555
2011-12-29 16:00:00,141.37991
2011-12-29 17:00:00,284.6887
2011-12-29 18:00:00,271.9323
2011-12-29 19:00:00,175.58403
2011-12-29 20:00:00,130.54198
2011-12-29 21:00:00,84.161095
2011-12-29 22:00:00,75.3544
2011-12-29 23:00:00,60.834988
2011-12-30 00:00:00,35.401585
2011-12-30 01:00:00,16.53438
2011-12-30 02:00:00,12.207121
2011-12-30 03:00:00,7.6465836
2011-12-30 04:00:00,6.778989
2011-12-30 05:00:00,15.715003
2011-12-30 06:00:00,63.590034
2011-12-30 07:00:00,161.32654
2011-12-30 08:00:00,325.21747
2011-12-30 09:00:00,160.04823
2011-12-30 10:00:00,83.46405
2011-12-30 11:00:00,102.47845
2011-12-30 12:00:00,139.37445
2011-12-30 13:00:00,135.39012
2011-12-30 14:00:00,124.94795
2011-12-30 15:00:00,130.62228
2011-12-30 16:00:00,187.29333
2011-12-30 17:00:00,307.65356
2011-12-30 18:00:00,259.71317
2011-12-30 19:00:00,144.79768
2011-12-30 20:00:00,122.2395
2011-12-30 21:00:00,86.10013
2011-12-30 22:00:00,74.92534
2011-12-30 23:00:00,63.65974
2011-12-31 00:00:00,66.82962
2011-12-31 01:00:00,59.527317
2011-12-31 02:00:00,51.530518
2011-12-31 03:00:00,24.118742
2011-12-31 04:00:00,9.23606
2011-12-31 05:00:00,9.995298
2011-12-31 06:00:00,15.649568
2011-12-31 07:00:00,30.31851
2011-12-31 08:00:00,72.16179
2011-12-31 09:00:00,130.1263
2011-12-31 10:00:00,170.44598
2011-12-31 11:00:00,203.94688
2011-12-31 12:00:00,314.61246
2011-12-31 13:00:00,298.79437
2011-12-31 14:00:00,263.23627
2011-12-31 15:00:00,260.33585
2011-12-31 16:00:00,236.9079
2011-12-31 17:00:00,185.82501
2011-12-31 18:00:00,181.43504
2011-12-31 19:00:00,145.77783
2011-12-31 20:00:00,120.54822
2011-12-31 21:00:00,84.90918
2011-12-31 22:00:00,78.79914
2011-12-31 23:00:00,67.57973
2012-01-20 00:00:00,45.332737
2012-01-20 01:00:00,30.06973
2012-01-20 02:00:00,29.209417
2012-01-20 03:00:00,18.638006
2012-01-20 04:00:00,11.303322
2012-01-20 05:00:00,21.518875
2012-01-20 06:00:00,77.96753
2012-01-20 07:00:00,172.52489
2012-01-20 08:00:00,391.86148
2012-01-20 09:00:00,193.35092
2012-01-20 10:00:00,114.03224
2012-01-20 11:00:00,122.79369
2012-01-20 12:00:00,151.08762
2012-01-20 13:00:00,152.36302
2012-01-20 14:00:00,134.07936
2012-01-20 15:00:00,149.09035
2012-01-20 16:00:00,160.74994
2012-01-20 17:00:00,308.44803
2012-01-20 18:00:00,256.14148
2012-01-20 19:00:00,168.08344
2012-01-20 20:00:00,139.75815
2012-01-20 21:00:00,106.381615
2012-01-20 22:00:00,91.0262
2012-01-20 23:00:00,62.568214
2012-01-21 00:00:00,61.939697
2012-01-21 01:00:00,59.94881
2012-01-21 02:00:00,58.442623
2012-01-21 03:00:00,34.501816
2012-01-21 04:00:00,19.56433
2012-01-21 05:00:00,19.094465
2012-01-21 06:00:00,20.624474
2012-01-21 07:00:00,40.01318
2012-01-21 08:00:00,80.93826
2012-01-21 09:00:00,114.7265
2012-01-21 10:00:00,121.59042
2012-01-21 11:00:00,173.17471
2012-01-21 12:00:00,201.3563
2012-01-21 13:00:00,181.36133
2012-01-21 14:00:00,139.02856
2012-01-21 15:00:00,141.79031
2012-01-21 16:00:00,158.20456
2012-01-21 17:00:00,146.37657
2012-01-21 18:00:00,142.39174
2012-01-21 19:00:00,115.979355
2012-01-21 20:00:00,94.55713
2012-01-21 21:00:00,84.22183
2012-01-21 22:00:00,79.474335
2012-01-21 23:00:00,69.61214
2012-01-22 00:00:00,74.13604
2012-01-22 01:00:00,65.93572
2012-01-22 02:00:00,59.543415
2012-01-22 03:00:00,36.1516
2012-01-22 04:00:00,19.108273
2012-01-22 05:00:00,17.70875
2012-01-22 06:00:00,17.004255
2012-01-22 07:00:00,27.70509
2012-01-22 08:00:00,56.33049
2012-01-22 09:00:00,95.0279
2012-01-22 10:00:00,133.84027
2012-01-22 11:00:00,114.814644
2012-01-22 12:00:00,176.52744
2012-01-22 13:00:00,188.63065
2012-01-22 14:00:00,161.16109
2012-01-22 15:00:00,161.75946
2012-01-22 16:00:00,155.58408
2012-01-22 17:00:00,142.32489
2012-01-22 18:00:00,116.39141
2012-01-22 19:00:00,105.3406
2012-01-22 20:00:00,83.249306
2012-01-22 21:00:00,75.992165
2012-01-22 22:00:00,76.36412
2012-01-22 23:00:00,53.600452
2012-01-23 00:00:00,48.084988
2012-01-23 01:00:00,35.99141
2012-01-23 02:00:00,34.102734
2012-01-23 03:00:00,23.24713
2012-01-23 04:00:00,14.731496
2012-01-23 05:00:00,23.123507
2012-01-23 06:00:00,76.6004
2012-01-23 07:00:00,120.3866
2012-01-23 08:00:00,233.23611
2012-01-23 09:00:00,170.99763
2012-01-23 10:00:00,100.77392
2012-01-23 11:00:00,102.99377
2012-01-23 12:00:00,116.45178
2012-01-23 13:00:00,87.64259
2012-01-23 14:00:00,80.11283
2012-01-23 15:00:00,105.36637
2012-01-23 16:00:00,138.65623
2012-01-23 17:00:00,195.80704
2012-01-23 18:00:00,197.98038
2012-01-23 19:00:00,169.30498
2012-01-23 20:00:00,132.41983
2012-01-23 21:00:00,101.70886
2012-01-23 22:00:00,79.8547
2012-01-23 23:00:00,46.63046
2012-01-24 00:00:00,49.01086
2012-01-24 01:00:00,35.831013
2012-01-24 02:00:00,34.70485
2012-01-24 03:00:00,22.298206
2012-01-24 04:00:00,14.499393
2012-01-24 05:00:00,21.858343
2012-01-24 06:00:00,82.76783
2012-01-24 07:00:00,204.20209
2012-01-24 08:00:00,406.71176
2012-01-24 09:00:00,186.02257
2012-01-24 10:00:00,111.018715
2012-01-24 11:00:00,113.45106
2012-01-24 12:00:00,128.55435
2012-01-24 13:00:00,126.04941
2012-01-24 14:00:00,112.028564
2012-01-24 15:00:00,137.73445
2012-01-24 16:00:00,177.46625
2012-01-24 17:00:00,383.06287
2012-01-24 18:00:00,371.05032
2012-01-24 19:00:00,285.45505
2012-01-24 20:00:00,159.23561
2012-01-24 21:00:00,138.69896
2012-01-24 22:00:00,103.24333
2012-01-24 23:00:00,63.96974
2012-01-25 00:00:00,52.02057
2012-01-25 01:00:00,38.467636
2012-01-25 02:00:00,35.497963
2012-01-25 03:00:00,23.18444
2012-01-25 04:00:00,14.813409
2012-01-25 05:00:00,24.82016
2012-01-25 06:00:00,86.461174
2012-01-25 07:00:00,225.0815
2012-01-25 08:00:00,416.13843
2012-01-25 09:00:00,188.33725
2012-01-25 10:00:00,104.63969
2012-01-25 11:00:00,103.643776
2012-01-25 12:00:00,149.37083
2012-01-25 13:00:00,145.91228
2012-01-25 14:00:00,127.185074
2012-01-25 15:00:00,143.94215
2012-01-25 16:00:00,166.46121
2012-01-25 17:00:00,363.57474
2012-01-25 18:00:00,345.61563
2012-01-25 19:00:00,217.69373
2012-01-25 20:00:00,160.1353
2012-01-25 21:00:00,136.50424
2012-01-25 22:00:00,99.60019
2012-01-25 23:00:00,50.600758
2012-01-26 00:00:00,21.101337
2012-01-26 01:00:00,7.332741
2012-01-26 02:00:00,5.789308
2012-01-26 03:00:00,3.8781602
2012-01-26 04:00:00,3.6239312
2012-01-26 05:00:00,15.514799
2012-01-26 06:00:00,58.687195
2012-01-26 07:00:00,180.9418
2012-01-26 08:00:00,384.97156
2012-01-26 09:00:00,164.50662
2012-01-26 10:00:00,62.58704
2012-01-26 11:00:00,66.17445
2012-01-26 12:00:00,100.50566
2012-01-26 13:00:00,95.51504
2012-01-26 14:00:00,80.28876
2012-01-26 15:00:00,106.18674
2012-01-26 16:00:00,135.87372
2012-01-26 17:00:00,328.12207
2012-01-26 18:00:00,323.42426
2012-01-26 19:00:00,192.70102
2012-01-26 20:00:00,121.14053
2012-01-26 21:00:00,105.612686
2012-01-26 22:00:00,70.09032
2012-01-26 23:00:00,56.15978
2012-01-27 00:00:00,29.31227
2012-01-27 01:00:00,14.7827215
2012-01-27 02:00:00,11.282435
2012-01-27 03:00:00,3.736713
2012-01-27 04:00:00,3.0244007
2012-01-27 05:00:00,14.167405
2012-01-27 06:00:00,56.193466
2012-01-27 07:00:00,149.45288
2012-01-27 08:00:00,193.29605
2012-01-27 09:00:00,95.994934
2012-01-27 10:00:00,57.717648
2012-01-27 11:00:00,90.35575
2012-01-27 12:00:00,125.07758
2012-01-27 13:00:00,156.27039
2012-01-27 14:00:00,136.621
2012-01-27 15:00:00,140.61284
2012-01-27 16:00:00,185.67549
2012-01-27 17:00:00,332.90347
2012-01-27 18:00:00,304.6742
2012-01-27 19:00:00,169.16862
2012-01-27 20:00:00,113.36009
2012-01-27 21:00:00,71.5802
2012-01-27 22:00:00,66.070145
2012-01-27 23:00:00,54.58026
2012-01-28 00:00:00,48.51843
2012-01-28 01:00:00,43.12469
2012-01-28 02:00:00,33.323936
2012-01-28 03:00:00,15.908955
2012-01-28 04:00:00,5.025387
2012-01-28 05:00:00,5.2917194
2012-01-28 06:00:00,6.968128
2012-01-28 07:00:00,26.840542
2012-01-28 08:00:00,58.466934
2012-01-28 09:00:00,81.71536
2012-01-28 10:00:00,131.10626
2012-01-28 11:00:00,171.95683
2012-01-28 12:00:00,183.28839
2012-01-28 13:00:00,217.35329
2012-01-28 14:00:00,239.48993
2012-01-28 15:00:00,264.68436
2012-01-28 16:00:00,286.3467
2012-01-28 17:00:00,195.84117
2012-01-28 18:00:00,174.77628
2012-01-28 19:00:00,123.86942
2012-01-28 20:00:00,92.09461
2012-01-28 21:00:00,63.671867
2012-01-28 22:00:00,64.37941
2012-01-28 23:00:00,56.752
2012-01-29 00:00:00,51.27829
2012-01-29 01:00:00,44.27481
2012-01-29 02:00:00,32.415234
2012-01-29 03:00:00,16.787199
2012-01-29 04:00:00,4.088045
2012-01-29 05:00:00,3.987893
2012-01-29 06:00:00,6.842429
2012-01-29 07:00:00,20.605965
2012-01-29 08:00:00,38.599266
2012-01-29 09:00:00,63.390545
2012-01-29 10:00:00,113.52153
2012-01-29 11:00:00,131.84537
2012-01-29 12:00:00,184.89827
2012-01-29 13:00:00,185.96114
2012-01-29 14:00:00,172.28136
2012-01-29 15:00:00,190.14691
2012-01-29 16:00:00,172.34384
2012-01-29 17:00:00,139.58286
2012-01-29 18:00:00,106.12605
2012-01-29 19:00:00,82.70046
2012-01-29 20:00:00,63.615154
2012-01-29 21:00:00,55.344414
2012-01-29 22:00:00,48.452034
2012-01-29 23:00:00,30.455765
2012-01-30 00:00:00,22.452713
2012-01-30 01:00:00,5.17334
2012-01-30 02:00:00,4.8462152
2012-01-30 03:00:00,3.298892
2012-01-30 04:00:00,2.8976176
2012-01-30 05:00:00,11.15544
2012-01-30 06:00:00,54.028187
2012-01-30 07:00:00,148.49823
2012-01-30 08:00:00,337.49982
2012-01-30 09:00:00,140.547
2012-01-30 10:00:00,61.996227
2012-01-30 11:00:00,66.845314
2012-01-30 12:00:00,92.11247
2012-01-30 13:00:00,89.37034
2012-01-30 14:00:00,74.52119
2012-01-30 15:00:00,90.53631
2012-01-30 16:00:00,134.1534
2012-01-30 17:00:00,325.25616
2012-01-30 18:00:00,320.92706
2012-01-30 19:00:00,187.30478
2012-01-30 20:00:00,128.00168
2012-01-30 21:00:00,85.85266
2012-01-30 22:00:00,53.93113
2012-01-30 23:00:00,31.106728
2012-01-31 00:00:00,14.22911
2012-01-31 01:00:00,5.34425
2012-01-31 02:00:00,4.925919
2012-01-31 03:00:00,3.3679867
2012-01-31 04:00:00,2.9307344
2012-01-31 05:00:00,15.793238
2012-01-31 06:00:00,57.92314
2012-01-31 07:00:00,188.03542
2012-01-31 08:00:00,379.15543
2012-01-31 09:00:00,153.72241
2012-01-31 10:00:00,63.457474
2012-01-31 11:00:00,71.99427
2012-01-31 12:00:00,112.60777
2012-01-31 13:00:00,121.63824
2012-01-31 14:00:00,101.38713
2012-01-31 15:00:00,110.75229
2012-01-31 16:00:00,177.4702
2012-01-31 17:00:00,390.19293
2012-01-31 18:00:00,369.29993
2012-01-31 19:00:00,265.37988
2012-01-31 20:00:00,135.67686
2012-01-31 21:00:00,114.874825
2012-01-31 22:00:00,65.85234
2012-01-31 23:00:00,50.139698
2012-02-20 00:00:00,42.531574
2012-02-20 01:00:00,34.767334
2012-02-20 02:00:00,27.130507
2012-02-20 03:00:00,15.100978
2012-02-20 05:00:00,14.028982
2012-02-20 06:00:00,23.79521
2012-02-20 07:00:00,71.04122
2012-02-20 08:00:00,133.84315
2012-02-20 09:00:00,118.288635
2012-02-20 10:00:00,118.315056
2012-02-20 11:00:00,133.23724
2012-02-20 12:00:00,146.80498
2012-02-20 13:00:00,155.29578
2012-02-20 14:00:00,148.4833
2012-02-20 15:00:00,154.00858
2012-02-20 16:00:00,178.41481
2012-02-20 17:00:00,230.1678
2012-02-20 18:00:00,188.69054
2012-02-20 19:00:00,142.32497
2012-02-20 20:00:00,110.37599
2012-02-20 21:00:00,78.40437
2012-02-20 22:00:00,70.80069
2012-02-20 23:00:00,41.12198
2012-02-21 00:00:00,21.669775
2012-02-21 01:00:00,12.079979
2012-02-21 02:00:00,11.049572
2012-02-21 04:00:00,7.0957346
2012-02-21 05:00:00,17.940056
2012-02-21 06:00:00,73.988235
2012-02-21 07:00:00,205.0151
2012-02-21 08:00:00,394.63882
2012-02-21 09:00:00,192.7273
2012-02-21 10:00:00,80.20798
2012-02-21 11:00:00,81.31537
2012-02-21 12:00:00,103.1138
2012-02-21 13:00:00,121.14691
2012-02-21 14:00:00,87.381065
2012-02-21 15:00:00,114.41359
2012-02-21 16:00:00,154.36882
2012-02-21 17:00:00,359.01645
2012-02-21 18:00:00,356.97925
2012-02-21 19:00:00,207.85861
2012-02-21 20:00:00,142.82957
2012-02-21 21:00:00,116.90843
2012-02-21 22:00:00,79.586685
2012-02-21 23:00:00,54.196854
2012-02-22 00:00:00,27.153713
2012-02-22 01:00:00,14.112934
2012-02-22 02:00:00,11.206019
2012-02-22 03:00:00,8.398704
2012-02-22 04:00:00,7.5108585
2012-02-22 05:00:00,21.286182
2012-02-22 06:00:00,76.42753
2012-02-22 07:00:00,222.13425
2012-02-22 08:00:00,431.41483
2012-02-22 09:00:00,196.23401
2012-02-22 10:00:00,89.445366
2012-02-22 11:00:00,100.18268
2012-02-22 12:00:00,135.44022
2012-02-22 13:00:00,137.0548
2012-02-22 14:00:00,116.41492
2012-02-22 15:00:00,132.86473
2012-02-22 16:00:00,199.22923
2012-02-22 17:00:00,407.13644
2012-02-22 18:00:00,356.41516
2012-02-22 19:00:00,261.4435
2012-02-22 20:00:00,162.36638
2012-02-22 21:00:00,129.00424
2012-02-22 22:00:00,80.54181
2012-02-22 23:00:00,64.30182
2012-02-23 00:00:00,34.71696
2012-02-23 01:00:00,16.561768
2012-02-23 02:00:00,13.32125
2012-02-23 03:00:00,7.905247
2012-02-23 04:00:00,7.7334023
2012-02-23 05:00:00,23.927792
2012-02-23 06:00:00,79.036674
2012-02-23 07:00:00,225.56693
2012-02-23 08:00:00,427.54004
2012-02-23 09:00:00,197.01701
2012-02-23 10:00:00,98.331665
2012-02-23 11:00:00,130.2398
2012-02-23 12:00:00,152.29242
2012-02-23 13:00:00,154.5025
2012-02-23 14:00:00,130.5939
2012-02-23 15:00:00,148.80087
2012-02-23 16:00:00,229.51254
2012-02-23 17:00:00,408.10855
2012-02-23 18:00:00,391.07043
2012-02-23 19:00:00,288.0819
2012-02-23 20:00:00,196.78094
2012-02-23 21:00:00,142.74841
2012-02-23 22:00:00,96.61898
2012-02-23 23:00:00,78.022736
2012-02-24 00:00:00,43.02722
2012-02-24 01:00:00,26.784084
2012-02-24 02:00:00,11.67871
2012-02-24 03:00:00,10.732026
2012-02-24 04:00:00,8.743924
2012-02-24 05:00:00,22.756716
2012-02-24 06:00:00,75.390076
2012-02-24 07:00:00,195.35031
2012-02-24 08:00:00,381.67096
2012-02-24 09:00:00,100.87119
2012-02-24 10:00:00,71.45305
2012-02-24 11:00:00,111.564064
2012-02-24 12:00:00,149.7029
2012-02-24 13:00:00,141.03787
2012-02-24 14:00:00,129.32152
2012-02-24 15:00:00,71.23231
2012-02-24 16:00:00,86.65334
2012-02-24 17:00:00,164.87407
2012-02-24 18:00:00,197.00546
2012-02-24 19:00:00,179.70459
2012-02-24 20:00:00,136.07074
2012-02-24 21:00:00,94.29263
2012-02-24 22:00:00,69.81127
2012-02-24 23:00:00,54.077652
2012-02-25 00:00:00,58.489895
2012-02-25 01:00:00,48.471004
2012-02-25 02:00:00,34.130554
2012-02-25 03:00:00,12.704087
2012-02-25 04:00:00,4.636448
2012-02-25 05:00:00,4.917468
2012-02-25 06:00:00,9.368886
2012-02-25 07:00:00,31.132631
2012-02-25 08:00:00,56.35306
2012-02-25 09:00:00,54.270973
2012-02-25 10:00:00,127.95819
2012-02-25 11:00:00,142.11423
2012-02-25 12:00:00,177.48439
2012-02-25 13:00:00,195.38722
2012-02-25 14:00:00,181.29639
2012-02-25 15:00:00,203.72269
2012-02-25 16:00:00,157.32082
2012-02-25 17:00:00,136.4208
2012-02-25 18:00:00,106.704285
2012-02-25 19:00:00,76.10231
2012-02-25 20:00:00,64.57356
2012-02-25 21:00:00,60.410416
2012-02-25 22:00:00,58.342762
2012-02-25 23:00:00,45.41638
2012-02-26 00:00:00,50.754295
2012-02-26 01:00:00,45.73993
2012-02-26 02:00:00,38.15823
2012-02-26 03:00:00,20.866735
2012-02-26 04:00:00,4.7954345
2012-02-26 05:00:00,3.6066737
2012-02-26 06:00:00,5.6356215
2012-02-26 07:00:00,17.152733
2012-02-26 08:00:00,35.75733
2012-02-26 09:00:00,64.43933
2012-02-26 10:00:00,122.119255
2012-02-26 11:00:00,150.0393
2012-02-26 12:00:00,201.39664
2012-02-26 13:00:00,231.79611
2012-02-26 14:00:00,246.20984
2012-02-26 15:00:00,253.50366
2012-02-26 16:00:00,200.65369
2012-02-26 17:00:00,164.87512
2012-02-26 18:00:00,126.13643
2012-02-26 19:00:00,93.61606
2012-02-26 20:00:00,65.69491
2012-02-26 21:00:00,57.054733
2012-02-26 22:00:00,51.364933
2012-02-26 23:00:00,31.586245
2012-02-27 00:00:00,13.048366
2012-02-27 01:00:00,5.216838
2012-02-27 02:00:00,4.344705
2012-02-27 03:00:00,3.1315718
2012-02-27 04:00:00,2.765078
2012-02-27 05:00:00,12.556604
2012-02-27 06:00:00,54.509094
2012-02-27 07:00:00,183.33235
2012-02-27 08:00:00,364.65424
2012-02-27 09:00:00,164.31326
2012-02-27 10:00:00,67.08281
2012-02-27 11:00:00,85.45145
2012-02-27 12:00:00,118.980934
2012-02-27 13:00:00,118.11035
2012-02-27 14:00:00,113.31799
2012-02-27 15:00:00,116.30878
2012-02-27 16:00:00,182.91803
2012-02-27 17:00:00,401.04364
2012-02-27 18:00:00,373.5971
2012-02-27 19:00:00,264.65662
2012-02-27 20:00:00,154.97665
2012-02-27 21:00:00,112.71781
2012-02-27 22:00:00,63.79945
2012-02-27 23:00:00,41.77427
2012-02-28 00:00:00,23.453861
2012-02-28 01:00:00,8.207081
2012-02-28 02:00:00,6.1465774
2012-02-28 03:00:00,3.1836965
2012-02-28 04:00:00,3.1125216
2012-02-28 05:00:00,19.403826
2012-02-28 06:00:00,60.181698
2012-02-28 07:00:00,188.8781
2012-02-28 08:00:00,378.4805
2012-02-28 09:00:00,171.70386
2012-02-28 10:00:00,67.07953
2012-02-28 11:00:00,81.81082
2012-02-28 12:00:00,119.20717
2012-02-28 13:00:00,116.721085
2012-02-28 14:00:00,105.10221
2012-02-28 15:00:00,131.3204
2012-02-28 16:00:00,183.68645
2012-02-28 17:00:00,397.07663
2012-02-28 18:00:00,379.11105
2012-02-28 19:00:00,262.03735
2012-02-28 20:00:00,147.44936
2012-02-28 21:00:00,99.02991
2012-02-28 22:00:00,64.76591
2012-02-28 23:00:00,44.34601
2012-02-29 00:00:00,19.81235
2012-02-29 01:00:00,6.938345
2012-02-29 02:00:00,4.7295876
2012-02-29 03:00:00,3.3878205
2012-02-29 05:00:00,16.027832
2012-02-29 06:00:00,59.22683
2012-02-29 07:00:00,186.66911
2012-02-29 08:00:00,400.58255
2012-02-29 09:00:00,74.405334
2012-02-29 10:00:00,42.206364
2012-02-29 11:00:00,50.390934
2012-02-29 12:00:00,49.90961
2012-02-29 13:00:00,70.55966
2012-02-29 14:00:00,61.638954
2012-02-29 15:00:00,68.11292
2012-02-29 16:00:00,55.412174
2012-02-29 17:00:00,235.72739
2012-02-29 18:00:00,178.98132
2012-02-29 19:00:00,171.13176
2012-02-29 20:00:00,83.02973
2012-02-29 21:00:00,55.492325
2012-02-29 22:00:00,47.022804
2012-02-29 23:00:00,27.59471
2012-03-20 00:00:00,46.985374
2012-03-20 01:00:00,36.401752
2012-03-20 02:00:00,33.42558
2012-03-20 03:00:00,22.497307
2012-03-20 04:00:00,16.697527
2012-03-20 05:00:00,32.580822
2012-03-20 06:00:00,111.99779
2012-03-20 07:00:00,174.21333
2012-03-20 08:00:00,547.4588
2012-03-20 09:00:00,306.33978
2012-03-20 10:00:00,179.87854
2012-03-20 11:00:00,191.1919
2012-03-20 12:00:00,243.16989
2012-03-20 13:00:00,236.93674
2012-03-20 14:00:00,206.4099
2012-03-20 15:00:00,232.6497
2012-03-20 16:00:00,329.69055
2012-03-20 17:00:00,615.37103
2012-03-20 18:00:00,605.8834
2012-03-20 19:00:00,430.9675
2012-03-20 20:00:00,305.24844
2012-03-20 21:00:00,227.41458
2012-03-20 22:00:00,166.19592
2012-03-20 23:00:00,98.5341
2012-03-21 00:00:00,61.006798
2012-03-21 01:00:00,46.53446
2012-03-21 02:00:00,40.996983
2012-03-21 03:00:00,29.73909
2012-03-21 04:00:00,22.428114
2012-03-21 05:00:00,40.813454
2012-03-21 06:00:00,110.876686
2012-03-21 07:00:00,209.24927
2012-03-21 08:00:00,385.33813
2012-03-21 09:00:00,319.97946
2012-03-21 10:00:00,178.06836
2012-03-21 11:00:00,184.64209
2012-03-21 12:00:00,223.38577
2012-03-21 13:00:00,195.92554
2012-03-21 14:00:00,184.9537
2012-03-21 15:00:00,201.90424
2012-03-21 16:00:00,317.52014
2012-03-21 17:00:00,620.51495
2012-03-21 18:00:00,605.55695
2012-03-21 19:00:00,448.95218
2012-03-21 20:00:00,315.27267
2012-03-21 21:00:00,229.42287
2012-03-21 22:00:00,187.08644
2012-03-21 23:00:00,113.226456
2012-03-22 00:00:00,65.797585
2012-03-22 01:00:00,47.756027
2012-03-22 02:00:00,41.894264
2012-03-22 03:00:00,30.01728
2012-03-22 04:00:00,21.937687
2012-03-22 05:00:00,34.234436
2012-03-22 06:00:00,112.9843
2012-03-22 07:00:00,327.5411
2012-03-22 08:00:00,602.1826
2012-03-22 09:00:00,312.9098
2012-03-22 10:00:00,182.68637
2012-03-22 11:00:00,187.95042
2012-03-22 12:00:00,234.56354
2012-03-22 13:00:00,249.39343
2012-03-22 14:00:00,225.34279
2012-03-22 15:00:00,256.68924
2012-03-22 16:00:00,342.4823
2012-03-22 17:00:00,638.57855
2012-03-22 18:00:00,627.1381
2012-03-22 19:00:00,444.2821
2012-03-22 20:00:00,332.77896
2012-03-22 21:00:00,263.00784
2012-03-22 22:00:00,203.80237
2012-03-22 23:00:00,142.61526
2012-03-23 00:00:00,78.68099
2012-03-23 01:00:00,55.22145
2012-03-23 02:00:00,43.80234
2012-03-23 03:00:00,30.202948
2012-03-23 04:00:00,22.881248
2012-03-23 05:00:00,37.578163
2012-03-23 06:00:00,116.26704
2012-03-23 07:00:00,307.05542
2012-03-23 08:00:00,564.5007
2012-03-23 09:00:00,315.6632
2012-03-23 10:00:00,216.47873
2012-03-23 11:00:00,259.72052
2012-03-23 12:00:00,337.51428
2012-03-23 13:00:00,333.1646
2012-03-23 14:00:00,318.09122
2012-03-23 15:00:00,340.27808
2012-03-23 16:00:00,425.7969
2012-03-23 17:00:00,621.8973
2012-03-23 18:00:00,597.2513
2012-03-23 19:00:00,399.86465
2012-03-23 20:00:00,320.4648
2012-03-23 21:00:00,269.25012
2012-03-23 22:00:00,234.12735
2012-03-23 23:00:00,170.13873
2012-03-24 00:00:00,122.14015
2012-03-24 01:00:00,110.86426
2012-03-24 02:00:00,91.28307
2012-03-24 03:00:00,57.10407
2012-03-24 04:00:00,36.535255
2012-03-24 05:00:00,43.0838
2012-03-24 06:00:00,61.452816
2012-03-24 07:00:00,113.880325
2012-03-24 08:00:00,200.78673
2012-03-24 09:00:00,282.72598
2012-03-24 10:00:00,369.1084
2012-03-24 11:00:00,395.1689
2012-03-24 12:00:00,335.45062
2012-03-24 13:00:00,320.51
2012-03-24 14:00:00,294.90692
2012-03-24 15:00:00,287.11343
2012-03-24 16:00:00,271.09055
2012-03-24 17:00:00,258.09396
2012-03-24 18:00:00,233.77628
2012-03-24 19:00:00,223.93684
2012-03-24 20:00:00,162.13205
2012-03-24 21:00:00,149.2608
2012-03-24 22:00:00,129.58583
2012-03-24 23:00:00,135.77101
2012-03-25 00:00:00,106.58587
2012-03-25 01:00:00,98.22391
2012-03-25 02:00:00,87.426094
2012-03-25 03:00:00,62.548115
2012-03-25 04:00:00,35.96293
2012-03-25 05:00:00,34.361324
2012-03-25 06:00:00,46.576557
2012-03-25 07:00:00,66.42915
2012-03-25 08:00:00,116.97659
2012-03-25 09:00:00,209.4679
2012-03-25 10:00:00,290.0858
2012-03-25 11:00:00,315.76617
2012-03-25 12:00:00,377.35992
2012-03-25 13:00:00,415.64322
2012-03-25 14:00:00,383.47952
2012-03-25 15:00:00,384.86563
2012-03-25 16:00:00,385.0072
2012-03-25 17:00:00,395.5735
2012-03-25 18:00:00,359.4219
2012-03-25 19:00:00,281.97064
2012-03-25 20:00:00,209.05852
2012-03-25 21:00:00,163.68916
2012-03-25 22:00:00,115.67535
2012-03-25 23:00:00,77.79458
2012-03-26 00:00:00,36.033478
2012-03-26 01:00:00,15.102202
2012-03-26 02:00:00,8.615015
2012-03-26 03:00:00,6.636507
2012-03-26 04:00:00,5.7782917
2012-03-26 05:00:00,22.768732
2012-03-26 06:00:00,72.42023
2012-03-26 07:00:00,289.10974
2012-03-26 08:00:00,470.3677
2012-03-26 09:00:00,218.37003
2012-03-26 10:00:00,132.84093
2012-03-26 11:00:00,141.55884
2012-03-26 12:00:00,188.31741
2012-03-26 13:00:00,168.48477
2012-03-26 14:00:00,153.12721
2012-03-26 15:00:00,161.50964
2012-03-26 16:00:00,253.04688
2012-03-26 17:00:00,470.91266
2012-03-26 18:00:00,423.00638
2012-03-26 19:00:00,310.0892
2012-03-26 20:00:00,178.90955
2012-03-26 21:00:00,117.09354
2012-03-26 22:00:00,73.47122
2012-03-26 23:00:00,54.75064
2012-03-27 00:00:00,25.464308
2012-03-27 01:00:00,10.874743
2012-03-27 02:00:00,7.6994305
2012-03-27 03:00:00,5.950036
2012-03-27 04:00:00,5.188648
2012-03-27 05:00:00,18.699747
2012-03-27 06:00:00,69.83731
2012-03-27 07:00:00,249.16252
2012-03-27 08:00:00,424.20688
2012-03-27 09:00:00,221.10281
2012-03-27 10:00:00,110.30231
2012-03-27 11:00:00,118.73157
2012-03-27 12:00:00,151.91158
2012-03-27 13:00:00,160.80818
2012-03-27 14:00:00,157.5782
2012-03-27 15:00:00,174.19098
2012-03-27 16:00:00,269.23972
2012-03-27 17:00:00,491.06177
2012-03-27 18:00:00,486.19113
2012-03-27 19:00:00,334.0639
2012-03-27 20:00:00,234.57706
2012-03-27 21:00:00,132.23108
2012-03-27 22:00:00,96.12974
2012-03-27 23:00:00,65.25727
2012-03-28 00:00:00,30.432074
2012-03-28 01:00:00,13.66587
2012-03-28 02:00:00,8.224975
2012-03-28 03:00:00,7.0161943
2012-03-28 04:00:00,5.870742
2012-03-28 05:00:00,23.891378
2012-03-28 06:00:00,72.94374
2012-03-28 07:00:00,267.93173
2012-03-28 08:00:00,506.72498
2012-03-28 09:00:00,248.76776
2012-03-28 10:00:00,124.48541
2012-03-28 11:00:00,150.87668
2012-03-28 12:00:00,179.74399
2012-03-28 13:00:00,186.65314
2012-03-28 14:00:00,162.03658
2012-03-28 15:00:00,164.21356
2012-03-28 16:00:00,261.64438
2012-03-28 17:00:00,531.6872
2012-03-28 18:00:00,532.05817
2012-03-28 19:00:00,353.77628
2012-03-28 20:00:00,279.72583
2012-03-28 21:00:00,186.84778
2012-03-28 22:00:00,134.19586
2012-03-28 23:00:00,75.95634
2012-03-29 00:00:00,38.736656
2012-03-29 01:00:00,22.439816
2012-03-29 02:00:00,16.5788
2012-03-29 03:00:00,10.918045
2012-03-29 04:00:00,10.300119
2012-03-29 05:00:00,30.036474
2012-03-29 06:00:00,79.171
2012-03-29 07:00:00,297.98257
2012-03-29 08:00:00,492.72632
2012-03-29 09:00:00,250.12
2012-03-29 10:00:00,122.542404
2012-03-29 11:00:00,158.4937
2012-03-29 12:00:00,192.39435
2012-03-29 13:00:00,186.84314
2012-03-29 14:00:00,166.79736
2012-03-29 15:00:00,185.59387
2012-03-29 16:00:00,293.98853
2012-03-29 17:00:00,535.6774
2012-03-29 18:00:00,504.10638
2012-03-29 19:00:00,335.45706
2012-03-29 20:00:00,218.72382
2012-03-29 21:00:00,145.6377
2012-03-29 22:00:00,120.34398
2012-03-29 23:00:00,73.5314
2012-03-30 00:00:00,46.25185
2012-03-30 01:00:00,23.328247
2012-03-30 02:00:00,11.847877
2012-03-30 03:00:00,9.099354
2012-03-30 04:00:00,6.4501867
2012-03-30 05:00:00,21.786745
2012-03-30 06:00:00,72.65999
2012-03-30 07:00:00,231.47023
2012-03-30 08:00:00,447.7484
2012-03-30 09:00:00,261.48657
2012-03-30 10:00:00,138.80762
2012-03-30 11:00:00,148.69846
2012-03-30 12:00:00,190.43384
2012-03-30 13:00:00,107.12389
2012-03-30 14:00:00,82.22621
2012-03-30 15:00:00,95.93675
2012-03-30 16:00:00,159.53957
2012-03-30 17:00:00,378.52692
2012-03-30 18:00:00,381.9329
2012-03-30 19:00:00,282.67957
2012-03-30 20:00:00,179.29579
2012-03-30 21:00:00,131.54521
2012-03-30 22:00:00,112.88644
2012-03-30 23:00:00,87.65139
2012-03-31 00:00:00,74.55631
2012-03-31 01:00:00,63.7081
2012-03-31 02:00:00,51.437157
2012-03-31 03:00:00,26.344584
2012-03-31 04:00:00,11.240263
2012-03-31 05:00:00,13.409876
2012-03-31 06:00:00,29.710144
2012-03-31 07:00:00,59.161133
2012-03-31 08:00:00,101.8513
2012-03-31 09:00:00,161.85481
2012-03-31 10:00:00,272.97284
2012-03-31 11:00:00,351.29526
2012-03-31 12:00:00,369.51343
2012-03-31 13:00:00,389.8374
2012-03-31 14:00:00,348.45145
2012-03-31 15:00:00,358.30258
2012-03-31 16:00:00,343.27927
2012-03-31 17:00:00,316.16852
2012-03-31 18:00:00,220.37595
2012-03-31 19:00:00,162.46829
2012-03-31 20:00:00,140.72537
2012-03-31 21:00:00,118.81351
2012-03-31 22:00:00,106.036545
2012-03-31 23:00:00,72.72263
2012-04-20 00:00:00,75.3119
2012-04-20 01:00:00,57.684124
2012-04-20 02:00:00,42.003952
2012-04-20 03:00:00,32.407516
2012-04-20 04:00:00,28.873446
2012-04-20 05:00:00,45.626945
2012-04-20 06:00:00,125.762596
2012-04-20 07:00:00,343.95953
2012-04-20 08:00:00,626.81384
2012-04-20 09:00:00,351.25977
2012-04-20 10:00:00,223.59242
2012-04-20 11:00:00,267.49768
2012-04-20 12:00:00,352.51935
2012-04-20 13:00:00,361.07623
2012-04-20 14:00:00,331.5326
2012-04-20 15:00:00,354.99307
2012-04-20 16:00:00,480.05673
2012-04-20 17:00:00,656.475
2012-04-20 18:00:00,595.99976
2012-04-20 19:00:00,452.80252
2012-04-20 20:00:00,330.46805
2012-04-20 21:00:00,253.8995
2012-04-20 22:00:00,231.27614
2012-04-20 23:00:00,184.69926
2012-04-21 00:00:00,143.1304
2012-04-21 01:00:00,130.44461
2012-04-21 02:00:00,107.802155
2012-04-21 03:00:00,69.45861
2012-04-21 04:00:00,49.674767
2012-04-21 05:00:00,52.06648
2012-04-21 06:00:00,69.072395
2012-04-21 07:00:00,124.54304
2012-04-21 08:00:00,216.24348
2012-04-21 09:00:00,297.33755
2012-04-21 10:00:00,412.26514
2012-04-21 11:00:00,505.61716
2012-04-21 12:00:00,585.8662
2012-04-21 13:00:00,585.3895
2012-04-21 14:00:00,566.6793
2012-04-21 15:00:00,572.498
2012-04-21 16:00:00,559.7997
2012-04-21 17:00:00,567.99243
2012-04-21 18:00:00,473.0507
2012-04-21 19:00:00,264.64706
2012-04-21 20:00:00,161.14928
2012-04-21 21:00:00,162.80908
2012-04-21 22:00:00,200.91814
2012-04-21 23:00:00,154.04788
2012-04-22 00:00:00,148.90686
2012-04-22 01:00:00,130.49857
2012-04-22 02:00:00,107.56792
2012-04-22 03:00:00,74.66088
2012-04-22 04:00:00,50.23193
2012-04-22 05:00:00,48.374115
2012-04-22 06:00:00,53.77727
2012-04-22 07:00:00,90.62695
2012-04-22 08:00:00,148.84662
2012-04-22 09:00:00,172.05414
2012-04-22 10:00:00,257.64594
2012-04-22 11:00:00,285.5198
2012-04-22 12:00:00,307.96716
2012-04-22 13:00:00,305.70688
2012-04-22 14:00:00,291.14774
2012-04-22 15:00:00,299.76294
2012-04-22 16:00:00,279.1684
2012-04-22 17:00:00,229.28497
2012-04-22 18:00:00,195.97218
2012-04-22 19:00:00,172.39774
2012-04-22 20:00:00,164.45383
2012-04-22 21:00:00,174.24936
2012-04-22 22:00:00,135.78711
2012-04-22 23:00:00,108.168396
2012-04-23 00:00:00,80.08125
2012-04-23 01:00:00,69.433395
2012-04-23 02:00:00,52.721226
2012-04-23 03:00:00,40.86735
2012-04-23 04:00:00,47.997475
2012-04-23 05:00:00,54.750454
2012-04-23 06:00:00,116.54187
2012-04-23 07:00:00,206.85236
2012-04-23 08:00:00,595.0019
2012-04-23 09:00:00,273.59906
2012-04-23 10:00:00,148.9845
2012-04-23 11:00:00,153.92172
2012-04-23 12:00:00,158.33595
2012-04-23 13:00:00,151.11234
2012-04-23 14:00:00,159.33778
2012-04-23 15:00:00,185.87465
2012-04-23 16:00:00,180.60535
2012-04-23 17:00:00,333.91248
2012-04-23 18:00:00,379.6524
2012-04-23 19:00:00,314.96344
2012-04-23 20:00:00,241.32953
2012-04-23 21:00:00,171.14153
2012-04-23 22:00:00,142.3699
2012-04-23 23:00:00,104.58887
2012-04-24 00:00:00,72.194
2012-04-24 01:00:00,56.358276
2012-04-24 02:00:00,51.276535
2012-04-24 03:00:00,41.829742
2012-04-24 04:00:00,32.211334
2012-04-24 05:00:00,46.46922
2012-04-24 06:00:00,130.6734
2012-04-24 07:00:00,351.4425
2012-04-24 08:00:00,654.1703
2012-04-24 09:00:00,315.6763
2012-04-24 10:00:00,171.17021
2012-04-24 11:00:00,216.28065
2012-04-24 12:00:00,257.80127
2012-04-24 13:00:00,257.7392
2012-04-24 14:00:00,244.77771
2012-04-24 15:00:00,256.98572
2012-04-24 16:00:00,371.8171
2012-04-24 17:00:00,675.5748
2012-04-24 18:00:00,663.44055
2012-04-24 19:00:00,482.63855
2012-04-24 20:00:00,314.02542
2012-04-24 21:00:00,237.1409
2012-04-24 22:00:00,178.4396
2012-04-24 23:00:00,130.51788
2012-04-25 00:00:00,70.3642
2012-04-25 01:00:00,53.920612
2012-04-25 02:00:00,50.438858
2012-04-25 03:00:00,39.440193
2012-04-25 04:00:00,32.041416
2012-04-25 05:00:00,44.372143
2012-04-25 06:00:00,131.00812
2012-04-25 07:00:00,386.4123
2012-04-25 08:00:00,676.62646
2012-04-25 09:00:00,325.6551
2012-04-25 10:00:00,188.67929
2012-04-25 11:00:00,190.81854
2012-04-25 12:00:00,201.22116
2012-04-25 13:00:00,183.5397
2012-04-25 14:00:00,152.36612
2012-04-25 15:00:00,182.11879
2012-04-25 16:00:00,265.73105
2012-04-25 17:00:00,560.9211
2012-04-25 18:00:00,557.77734
2012-04-25 19:00:00,362.9441
2012-04-25 20:00:00,282.52826
2012-04-25 21:00:00,180.20811
2012-04-25 22:00:00,112.28159
2012-04-25 23:00:00,65.52274
2012-04-26 00:00:00,28.89246
2012-04-26 01:00:00,13.474885
2012-04-26 02:00:00,7.73498
2012-04-26 03:00:00,4.677963
2012-04-26 04:00:00,4.556094
2012-04-26 05:00:00,24.40737
2012-04-26 06:00:00,68.86389
2012-04-26 07:00:00,171.38303
2012-04-26 08:00:00,311.6601
2012-04-26 09:00:00,156.46017
2012-04-26 10:00:00,105.48965
2012-04-26 11:00:00,102.68581
2012-04-26 12:00:00,144.05965
2012-04-26 13:00:00,134.16602
2012-04-26 14:00:00,119.49488
2012-04-26 15:00:00,107.390205
2012-04-26 16:00:00,160.99817
2012-04-26 17:00:00,399.34888
2012-04-26 18:00:00,325.95728
2012-04-26 19:00:00,267.77057
2012-04-26 20:00:00,249.76648
2012-04-26 21:00:00,143.81918
2012-04-26 22:00:00,122.13904
2012-04-26 23:00:00,76.71676
2012-04-27 00:00:00,48.453667
2012-04-27 01:00:00,25.007446
2012-04-27 02:00:00,13.392643
2012-04-27 03:00:00,6.0296316
2012-04-27 04:00:00,6.466187
2012-04-27 05:00:00,24.595688
2012-04-27 06:00:00,67.34034
2012-04-27 07:00:00,246.79361
2012-04-27 08:00:00,463.917
2012-04-27 09:00:00,256.14297
2012-04-27 10:00:00,142.70134
2012-04-27 11:00:00,179.39919
2012-04-27 12:00:00,236.98235
2012-04-27 13:00:00,248.13904
2012-04-27 14:00:00,206.07861
2012-04-27 15:00:00,276.13602
2012-04-27 16:00:00,350.09326
2012-04-27 17:00:00,519.05945
2012-04-27 18:00:00,423.14297
2012-04-27 19:00:00,290.01724
2012-04-27 20:00:00,174.54184
2012-04-27 21:00:00,112.55425
2012-04-27 22:00:00,113.357735
2012-04-27 23:00:00,78.55287
2012-04-28 00:00:00,72.488884
2012-04-28 01:00:00,51.769775
2012-04-28 02:00:00,45.143238
2012-04-28 03:00:00,18.111246
2012-04-28 04:00:00,7.9952497
2012-04-28 05:00:00,10.229393
2012-04-28 06:00:00,19.214842
2012-04-28 07:00:00,47.958702
2012-04-28 08:00:00,106.037094
2012-04-28 09:00:00,156.85274
2012-04-28 10:00:00,250.77744
2012-04-28 11:00:00,310.73883
2012-04-28 12:00:00,328.64758
2012-04-28 13:00:00,334.10672
2012-04-28 14:00:00,366.39328
2012-04-28 15:00:00,360.00482
2012-04-28 16:00:00,341.77832
2012-04-28 17:00:00,321.95212
2012-04-28 18:00:00,185.83582
2012-04-28 19:00:00,126.203766
2012-04-28 20:00:00,125.66233
2012-04-28 21:00:00,66.27595
2012-04-28 22:00:00,103.56844
2012-04-28 23:00:00,92.58473
2012-04-29 00:00:00,60.081257
2012-04-29 01:00:00,62.969276
2012-04-29 02:00:00,50.089874
2012-04-29 03:00:00,23.265387
2012-04-29 04:00:00,10.1135645
2012-04-29 05:00:00,8.49109
2012-04-29 06:00:00,17.565052
2012-04-29 07:00:00,39.15515
2012-04-29 08:00:00,71.04993
2012-04-29 09:00:00,145.3796
2012-04-29 10:00:00,251.59277
2012-04-29 11:00:00,343.39682
2012-04-29 12:00:00,392.55786
2012-04-29 13:00:00,392.67078
2012-04-29 14:00:00,387.1689
2012-04-29 15:00:00,384.79575
2012-04-29 16:00:00,379.5245
2012-04-29 17:00:00,377.74463
2012-04-29 18:00:00,302.5631
2012-04-29 19:00:00,275.52618
2012-04-29 20:00:00,179.72087
2012-04-29 21:00:00,115.92727
2012-04-29 22:00:00,73.6991
2012-04-29 23:00:00,59.96438
2012-04-30 00:00:00,27.379522
2012-04-30 01:00:00,10.47576
2012-04-30 02:00:00,6.933656
2012-04-30 03:00:00,4.086361
2012-04-30 04:00:00,3.4643805
2012-04-30 05:00:00,17.518414
2012-04-30 06:00:00,66.019646
2012-04-30 07:00:00,283.82462
2012-04-30 08:00:00,475.22293
2012-04-30 09:00:00,221.03072
2012-04-30 10:00:00,109.93895
2012-04-30 11:00:00,113.00386
2012-04-30 12:00:00,153.0087
2012-04-30 13:00:00,138.42102
2012-04-30 14:00:00,129.73703
2012-04-30 15:00:00,145.01706
2012-04-30 16:00:00,243.56097
2012-04-30 17:00:00,519.629
2012-04-30 18:00:00,481.50375
2012-04-30 19:00:00,318.1123
2012-04-30 20:00:00,198.13335
2012-04-30 21:00:00,134.91699
2012-04-30 22:00:00,108.434555
2012-04-30 23:00:00,62.777317
2012-05-20 00:00:00,162.14381
2012-05-20 01:00:00,131.37715
2012-05-20 02:00:00,109.88856
2012-05-20 03:00:00,69.875755
2012-05-20 04:00:00,44.683533
2012-05-20 05:00:00,44.105
2012-05-20 06:00:00,57.57395
2012-05-20 07:00:00,94.45439
2012-05-20 08:00:00,172.07942
2012-05-20 09:00:00,313.46252
2012-05-20 10:00:00,440.84283
2012-05-20 11:00:00,539.3751
2012-05-20 12:00:00,608.3493
2012-05-20 13:00:00,618.4374
2012-05-20 14:00:00,573.07764
2012-05-20 15:00:00,535.91284
2012-05-20 16:00:00,548.1644
2012-05-20 17:00:00,537.38336
2012-05-20 18:00:00,462.7536
2012-05-20 19:00:00,361.00818
2012-05-20 20:00:00,290.4615
2012-05-20 21:00:00,243.40979
2012-05-20 22:00:00,174.09616
2012-05-20 23:00:00,126.22693
2012-05-21 00:00:00,82.59842
2012-05-21 01:00:00,67.57366
2012-05-21 02:00:00,64.69786
2012-05-21 03:00:00,41.855495
2012-05-21 04:00:00,49.695004
2012-05-21 05:00:00,59.367718
2012-05-21 06:00:00,113.413025
2012-05-21 07:00:00,195.63791
2012-05-21 08:00:00,296.2403
2012-05-21 09:00:00,163.12871
2012-05-21 10:00:00,129.3069
2012-05-21 11:00:00,155.49643
2012-05-21 12:00:00,186.21358
2012-05-21 13:00:00,140.44449
2012-05-21 14:00:00,133.10332
2012-05-21 15:00:00,228.14633
2012-05-21 16:00:00,317.12958
2012-05-21 17:00:00,629.0479
2012-05-21 18:00:00,664.63934
2012-05-21 19:00:00,503.97995
2012-05-21 20:00:00,362.77066
2012-05-21 21:00:00,270.88867
2012-05-21 22:00:00,174.1025
2012-05-21 23:00:00,124.99843
2012-05-22 00:00:00,76.50381
2012-05-22 01:00:00,55.500904
2012-05-22 02:00:00,51.93038
2012-05-22 03:00:00,41.555058
2012-05-22 04:00:00,38.01778
2012-05-22 05:00:00,65.389656
2012-05-22 06:00:00,121.15491
2012-05-22 07:00:00,206.00787
2012-05-22 08:00:00,583.36914
2012-05-22 09:00:00,309.29718
2012-05-22 10:00:00,179.79663
2012-05-22 11:00:00,200.61647
2012-05-22 12:00:00,234.87048
2012-05-22 13:00:00,226.15137
2012-05-22 14:00:00,214.44043
2012-05-22 15:00:00,285.08966
2012-05-22 16:00:00,362.8912
2012-05-22 17:00:00,755.7469
2012-05-22 18:00:00,709.00385
2012-05-22 19:00:00,501.81793
2012-05-22 20:00:00,378.81702
2012-05-22 21:00:00,276.14114
2012-05-22 22:00:00,229.37828
2012-05-22 23:00:00,140.89084
2012-05-23 00:00:00,90.29678
2012-05-23 01:00:00,60.35394
2012-05-23 02:00:00,52.75027
2012-05-23 03:00:00,41.486267
2012-05-23 04:00:00,47.68736
2012-05-23 05:00:00,67.68009
2012-05-23 06:00:00,170.09721
2012-05-23 07:00:00,464.1981
2012-05-23 08:00:00,682.76434
2012-05-23 09:00:00,334.76215
2012-05-23 10:00:00,201.71838
2012-05-23 11:00:00,233.92061
2012-05-23 12:00:00,274.8449
2012-05-23 13:00:00,251.86601
2012-05-23 14:00:00,254.94821
2012-05-23 15:00:00,259.24734
2012-05-23 16:00:00,338.9008
2012-05-23 17:00:00,554.42267
2012-05-23 18:00:00,560.46674
2012-05-23 19:00:00,340.2255
2012-05-23 20:00:00,272.11426
2012-05-23 21:00:00,222.15242
2012-05-23 22:00:00,179.05276
2012-05-23 23:00:00,139.90001
2012-05-24 00:00:00,99.020386
2012-05-24 01:00:00,63.93035
2012-05-24 02:00:00,56.038826
2012-05-24 03:00:00,44.43669
2012-05-24 04:00:00,38.966972
2012-05-24 05:00:00,61.773117
2012-05-24 06:00:00,160.29315
2012-05-24 07:00:00,470.26157
2012-05-24 08:00:00,699.67737
2012-05-24 09:00:00,351.20944
2012-05-24 10:00:00,206.88615
2012-05-24 11:00:00,252.92465
2012-05-24 12:00:00,317.89862
2012-05-24 13:00:00,317.21808
2012-05-24 14:00:00,269.62723
2012-05-24 15:00:00,280.55322
2012-05-24 16:00:00,379.57227
2012-05-24 17:00:00,727.3249
2012-05-24 18:00:00,738.42017
2012-05-24 19:00:00,516.92065
2012-05-24 20:00:00,349.15628
2012-05-24 21:00:00,215.0464
2012-05-24 22:00:00,217.13611
2012-05-24 23:00:00,156.00401
2012-05-25 00:00:00,121.60272
2012-05-25 01:00:00,73.76881
2012-05-25 02:00:00,54.89453
2012-05-25 03:00:00,45.867386
2012-05-25 04:00:00,39.20045
2012-05-25 05:00:00,62.431286
2012-05-25 06:00:00,155.01439
2012-05-25 07:00:00,403.44077
2012-05-25 08:00:00,637.9647
2012-05-25 09:00:00,327.83017
2012-05-25 10:00:00,249.11804
2012-05-25 11:00:00,282.6904
2012-05-25 12:00:00,353.98782
2012-05-25 13:00:00,350.37903
2012-05-25 14:00:00,328.14932
2012-05-25 15:00:00,335.39276
2012-05-25 16:00:00,440.17044
2012-05-25 17:00:00,624.54346
2012-05-25 18:00:00,616.33405
2012-05-25 19:00:00,443.5982
2012-05-25 20:00:00,348.92493
2012-05-25 21:00:00,289.77716
2012-05-25 22:00:00,257.18735
2012-05-25 23:00:00,203.81969
2012-05-26 00:00:00,153.67845
2012-05-26 01:00:00,89.27968
2012-05-26 02:00:00,62.82598
2012-05-26 03:00:00,28.973907
2012-05-26 04:00:00,13.335193
2012-05-26 05:00:00,14.668861
2012-05-26 06:00:00,31.36917
2012-05-26 07:00:00,60.535835
2012-05-26 08:00:00,123.780525
2012-05-26 09:00:00,165.39215
2012-05-26 10:00:00,268.90234
2012-05-26 11:00:00,324.2745
2012-05-26 12:00:00,348.38135
2012-05-26 13:00:00,355.37543
2012-05-26 14:00:00,317.05106
2012-05-26 15:00:00,313.33118
2012-05-26 16:00:00,336.97958
2012-05-26 17:00:00,340.49164
2012-05-26 18:00:00,331.62042
2012-05-26 19:00:00,250.38655
2012-05-26 20:00:00,222.97069
2012-05-26 21:00:00,154.40881
2012-05-26 22:00:00,130.72202
2012-05-26 23:00:00,121.7052
2012-05-27 00:00:00,111.005325
2012-05-27 01:00:00,78.365555
2012-05-27 02:00:00,65.92929
2012-05-27 03:00:00,38.385735
2012-05-27 04:00:00,12.314741
2012-05-27 05:00:00,11.416352
2012-05-27 06:00:00,22.891932
2012-05-27 07:00:00,47.921986
2012-05-27 08:00:00,82.506355
2012-05-27 09:00:00,157.35216
2012-05-27 10:00:00,272.84094
2012-05-27 11:00:00,325.1933
2012-05-27 12:00:00,332.0719
2012-05-27 13:00:00,368.95026
2012-05-27 14:00:00,326.206
2012-05-27 15:00:00,322.82834
2012-05-27 16:00:00,323.19666
2012-05-27 17:00:00,353.66626
2012-05-27 18:00:00,291.67004
2012-05-27 19:00:00,260.0389
2012-05-27 20:00:00,227.98322
2012-05-27 21:00:00,72.042946
2012-05-27 22:00:00,62.127594
2012-05-27 23:00:00,55.002018
2012-05-28 00:00:00,73.798096
2012-05-28 01:00:00,51.33294
2012-05-28 02:00:00,36.695858
2012-05-28 03:00:00,15.718163
2012-05-28 04:00:00,15.220834
2012-05-28 05:00:00,28.15541
2012-05-28 06:00:00,53.904327
2012-05-28 07:00:00,141.89743
2012-05-28 08:00:00,207.81468
2012-05-28 09:00:00,165.30922
2012-05-28 10:00:00,174.80083
2012-05-28 11:00:00,227.52164
2012-05-28 12:00:00,249.46524
2012-05-28 13:00:00,235.98721
2012-05-28 14:00:00,233.38458
2012-05-28 15:00:00,236.82562
2012-05-28 16:00:00,255.4891
2012-05-28 17:00:00,393.2907
2012-05-28 18:00:00,372.0239
2012-05-28 19:00:00,316.7152
2012-05-28 20:00:00,290.61255
2012-05-28 21:00:00,224.84131
2012-05-28 22:00:00,141.51656
2012-05-28 23:00:00,74.2819
2012-05-29 00:00:00,42.384262
2012-05-29 01:00:00,21.79569
2012-05-29 02:00:00,12.869404
2012-05-29 03:00:00,7.282935
2012-05-29 04:00:00,7.37426
2012-05-29 05:00:00,30.076439
2012-05-29 06:00:00,112.76161
2012-05-29 07:00:00,339.91544
2012-05-29 08:00:00,504.97287
2012-05-29 09:00:00,221.6559
2012-05-29 10:00:00,102.70106
2012-05-29 11:00:00,130.99712
2012-05-29 12:00:00,179.71945
2012-05-29 13:00:00,175.17828
2012-05-29 14:00:00,146.44514
2012-05-29 15:00:00,169.6024
2012-05-29 16:00:00,260.6356
2012-05-29 17:00:00,595.91406
2012-05-29 18:00:00,592.2163
2012-05-29 19:00:00,367.66568
2012-05-29 20:00:00,165.92944
2012-05-29 21:00:00,66.43436
2012-05-29 22:00:00,103.75758
2012-05-29 23:00:00,46.758938
2012-05-30 00:00:00,30.851774
2012-05-30 01:00:00,16.733746
2012-05-30 02:00:00,8.164983
2012-05-30 03:00:00,5.93188
2012-05-30 04:00:00,6.276245
2012-05-30 05:00:00,30.118586
2012-05-30 06:00:00,109.16585
2012-05-30 07:00:00,186.33884
2012-05-30 08:00:00,510.89496
2012-05-30 09:00:00,244.42949
2012-05-30 10:00:00,109.34609
2012-05-30 11:00:00,139.3116
2012-05-30 12:00:00,208.58911
2012-05-30 13:00:00,200.34715
2012-05-30 14:00:00,179.55397
2012-05-30 15:00:00,191.4332
2012-05-30 16:00:00,281.99838
2012-05-30 17:00:00,608.3799
2012-05-30 18:00:00,606.0484
2012-05-30 19:00:00,377.76355
2012-05-30 20:00:00,249.8922
2012-05-30 21:00:00,244.99365
2012-05-30 22:00:00,152.51855
2012-05-30 23:00:00,115.24954
2012-05-31 00:00:00,50.80429
2012-05-31 01:00:00,24.429483
2012-05-31 02:00:00,14.6533985
2012-05-31 03:00:00,8.092591
2012-05-31 04:00:00,7.1284122
2012-05-31 05:00:00,29.289352
2012-05-31 06:00:00,114.95243
2012-05-31 07:00:00,351.55396
2012-05-31 08:00:00,519.8995
2012-05-31 09:00:00,252.76839
2012-05-31 10:00:00,141.43759
2012-05-31 11:00:00,179.2319
2012-05-31 12:00:00,238.16716
2012-05-31 13:00:00,235.86494
2012-05-31 14:00:00,180.4454
2012-05-31 15:00:00,199.42455
2012-05-31 16:00:00,288.496
2012-05-31 17:00:00,622.24133
2012-05-31 18:00:00,611.1016
2012-05-31 19:00:00,397.3952
2012-05-31 20:00:00,306.085
2012-05-31 21:00:00,249.97241
2012-05-31 22:00:00,179.86465
2012-05-31 23:00:00,160.82127
2012-06-20 00:00:00,70.507
2012-06-20 01:00:00,48.7474
2012-06-20 02:00:00,41.41537
2012-06-20 03:00:00,34.053555
2012-06-20 04:00:00,28.995012
2012-06-20 05:00:00,54.91479
2012-06-20 06:00:00,152.07372
2012-06-20 07:00:00,431.62183
2012-06-20 08:00:00,662.8261
2012-06-20 09:00:00,334.21832
2012-06-20 10:00:00,190.97752
2012-06-20 11:00:00,213.50337
2012-06-20 12:00:00,261.08344
2012-06-20 13:00:00,250.06053
2012-06-20 14:00:00,230.268
2012-06-20 15:00:00,242.39008
2012-06-20 16:00:00,352.77084
2012-06-20 17:00:00,668.8668
2012-06-20 18:00:00,660.6312
2012-06-20 19:00:00,506.6377
2012-06-20 20:00:00,411.42444
2012-06-20 21:00:00,343.36447
2012-06-20 22:00:00,294.43512
2012-06-20 23:00:00,172.48393
2012-06-21 00:00:00,97.63695
2012-06-21 01:00:00,65.29736
2012-06-21 02:00:00,54.485016
2012-06-21 03:00:00,40.077045
2012-06-21 04:00:00,37.44293
2012-06-21 05:00:00,62.476986
2012-06-21 06:00:00,165.33081
2012-06-21 07:00:00,433.1356
2012-06-21 08:00:00,641.5245
2012-06-21 09:00:00,314.40045
2012-06-21 10:00:00,180.52362
2012-06-21 11:00:00,215.32504
2012-06-21 12:00:00,261.76733
2012-06-21 13:00:00,245.41263
2012-06-21 14:00:00,226.99637
2012-06-21 15:00:00,233.59082
2012-06-21 16:00:00,349.99133
2012-06-21 17:00:00,676.7205
2012-06-21 18:00:00,695.94543
2012-06-21 19:00:00,495.90082
2012-06-21 20:00:00,406.05914
2012-06-21 21:00:00,356.15686
2012-06-21 22:00:00,254.14865
2012-06-21 23:00:00,185.1275
2012-06-22 00:00:00,111.97124
2012-06-22 01:00:00,76.909004
2012-06-22 02:00:00,60.129143
2012-06-22 03:00:00,44.146355
2012-06-22 04:00:00,36.463196
2012-06-22 05:00:00,63.275196
2012-06-22 06:00:00,150.54291
2012-06-22 07:00:00,422.30246
2012-06-22 08:00:00,634.11426
2012-06-22 09:00:00,335.74133
2012-06-22 10:00:00,233.52457
2012-06-22 11:00:00,275.78738
2012-06-22 12:00:00,325.60538
2012-06-22 13:00:00,314.6009
2012-06-22 14:00:00,273.2647
2012-06-22 15:00:00,293.88455
2012-06-22 16:00:00,367.35687
2012-06-22 17:00:00,695.7712
2012-06-22 18:00:00,613.6154
2012-06-22 19:00:00,443.5487
2012-06-22 20:00:00,349.7708
2012-06-22 21:00:00,233.6995
2012-06-22 22:00:00,250.41891
2012-06-22 23:00:00,194.60411
2012-06-23 00:00:00,176.97507
2012-06-23 01:00:00,151.75552
2012-06-23 02:00:00,119.25169
2012-06-23 03:00:00,74.8123
2012-06-23 04:00:00,51.370834
2012-06-23 05:00:00,51.37705
2012-06-23 06:00:00,68.60335
2012-06-23 07:00:00,114.91295
2012-06-23 08:00:00,196.81592
2012-06-23 09:00:00,301.28036
2012-06-23 10:00:00,409.42816
2012-06-23 11:00:00,500.6753
2012-06-23 12:00:00,523.8926
2012-06-23 13:00:00,539.93524
2012-06-23 14:00:00,544.234
2012-06-23 15:00:00,500.0121
2012-06-23 16:00:00,500.1056
2012-06-23 17:00:00,531.3746
2012-06-23 18:00:00,503.40485
2012-06-23 19:00:00,407.57037
2012-06-23 20:00:00,354.1872
2012-06-23 21:00:00,326.46524
2012-06-23 22:00:00,302.9032
2012-06-23 23:00:00,247.01254
2012-06-24 00:00:00,193.91646
2012-06-24 01:00:00,152.60953
2012-06-24 02:00:00,137.1733
2012-06-24 03:00:00,84.804634
2012-06-24 04:00:00,53.803947
2012-06-24 05:00:00,49.557224
2012-06-24 06:00:00,57.303352
2012-06-24 07:00:00,95.5646
2012-06-24 08:00:00,173.29608
2012-06-24 09:00:00,294.3777
2012-06-24 10:00:00,417.3176
2012-06-24 11:00:00,474.098
2012-06-24 12:00:00,521.8159
2012-06-24 13:00:00,530.1051
2012-06-24 14:00:00,459.49338
2012-06-24 15:00:00,427.14258
2012-06-24 16:00:00,434.6553
2012-06-24 17:00:00,507.6933
2012-06-24 18:00:00,455.91904
2012-06-24 19:00:00,387.3343
2012-06-24 20:00:00,314.8079
2012-06-24 21:00:00,270.99973
2012-06-24 22:00:00,219.22238
2012-06-24 23:00:00,145.98705
2012-06-25 00:00:00,77.83839
2012-06-25 01:00:00,56.580097
2012-06-25 02:00:00,51.29324
2012-06-25 03:00:00,40.183697
2012-06-25 04:00:00,36.34622
2012-06-25 05:00:00,57.43953
2012-06-25 06:00:00,152.32416
2012-06-25 07:00:00,441.88947
2012-06-25 08:00:00,619.8223
2012-06-25 09:00:00,311.0634
2012-06-25 10:00:00,186.36073
2012-06-25 11:00:00,205.78177
2012-06-25 12:00:00,217.53143
2012-06-25 13:00:00,194.67596
2012-06-25 14:00:00,150.8331
2012-06-25 15:00:00,168.94144
2012-06-25 16:00:00,259.02533
2012-06-25 17:00:00,592.48175
2012-06-25 18:00:00,580.9878
2012-06-25 19:00:00,374.09726
2012-06-25 20:00:00,276.53162
2012-06-25 21:00:00,218.98694
2012-06-25 22:00:00,148.01328
2012-06-25 23:00:00,94.38603
2012-06-26 00:00:00,49.736267
2012-06-26 01:00:00,28.67533
2012-06-26 02:00:00,16.407606
2012-06-26 03:00:00,10.488088
2012-06-26 04:00:00,11.402672
2012-06-26 05:00:00,38.546116
2012-06-26 06:00:00,124.12707
2012-06-26 07:00:00,348.25705
2012-06-26 08:00:00,523.87897
2012-06-26 09:00:00,254.23659
2012-06-26 10:00:00,137.84415
2012-06-26 11:00:00,163.97408
2012-06-26 12:00:00,191.18802
2012-06-26 13:00:00,188.56667
2012-06-26 14:00:00,167.26146
2012-06-26 15:00:00,182.67491
2012-06-26 16:00:00,272.13385
2012-06-26 17:00:00,614.9039
2012-06-26 18:00:00,592.0884
2012-06-26 19:00:00,381.7991
2012-06-26 20:00:00,285.32797
2012-06-26 21:00:00,230.81427
2012-06-26 22:00:00,166.55649
2012-06-26 23:00:00,117.78964
2012-06-27 00:00:00,56.68838
2012-06-27 01:00:00,26.603176
2012-06-27 02:00:00,15.442751
2012-06-27 03:00:00,13.380853
2012-06-27 04:00:00,14.890345
2012-06-27 05:00:00,43.2023
2012-06-27 06:00:00,130.80162
2012-06-27 07:00:00,342.99002
2012-06-27 08:00:00,495.4768
2012-06-27 09:00:00,241.17265
2012-06-27 10:00:00,148.3233
2012-06-27 11:00:00,158.86017
2012-06-27 12:00:00,191.33487
2012-06-27 13:00:00,183.69525
2012-06-27 14:00:00,172.60356
2012-06-27 15:00:00,158.93561
2012-06-27 16:00:00,262.8449
2012-06-27 17:00:00,609.60876
2012-06-27 18:00:00,562.0974
2012-06-27 19:00:00,377.34024
2012-06-27 20:00:00,301.2354
2012-06-27 21:00:00,261.91306
2012-06-27 22:00:00,183.24759
2012-06-27 23:00:00,136.85474
2012-06-28 00:00:00,65.77425
2012-06-28 01:00:00,30.914284
2012-06-28 02:00:00,21.513872
2012-06-28 03:00:00,15.242835
2012-06-28 04:00:00,12.125767
2012-06-28 05:00:00,41.82409
2012-06-28 06:00:00,128.68462
2012-06-28 07:00:00,352.49228
2012-06-28 08:00:00,490.14987
2012-06-28 09:00:00,247.66248
2012-06-28 10:00:00,144.63693
2012-06-28 11:00:00,152.25148
2012-06-28 12:00:00,192.0034
2012-06-28 13:00:00,186.36066
2012-06-28 14:00:00,168.6145
2012-06-28 15:00:00,185.28738
2012-06-28 16:00:00,272.49182
2012-06-28 17:00:00,554.26965
2012-06-28 18:00:00,558.11633
2012-06-28 19:00:00,357.17227
2012-06-28 20:00:00,308.75903
2012-06-28 21:00:00,242.0741
2012-06-28 22:00:00,171.96124
2012-06-28 23:00:00,153.83588
2012-06-29 00:00:00,81.296104
2012-06-29 01:00:00,50.08866
2012-06-29 02:00:00,25.713032
2012-06-29 03:00:00,14.85677
2012-06-29 04:00:00,12.581462
2012-06-29 05:00:00,38.316032
2012-06-29 06:00:00,121.54983
2012-06-29 07:00:00,313.6426
2012-06-29 08:00:00,455.53003
2012-06-29 09:00:00,254.65944
2012-06-29 10:00:00,139.15065
2012-06-29 11:00:00,166.10144
2012-06-29 12:00:00,201.52238
2012-06-29 13:00:00,190.2615
2012-06-29 14:00:00,171.51016
2012-06-29 15:00:00,170.87714
2012-06-29 16:00:00,249.40497
2012-06-29 17:00:00,389.2047
2012-06-29 18:00:00,359.7006
2012-06-29 19:00:00,274.62573
2012-06-29 20:00:00,220.45155
2012-06-29 21:00:00,162.46123
2012-06-29 22:00:00,95.30783
2012-06-29 23:00:00,96.43511
2012-06-30 00:00:00,86.97682
2012-06-30 01:00:00,78.772194
2012-06-30 02:00:00,69.634674
2012-06-30 03:00:00,33.172462
2012-06-30 04:00:00,14.599522
2012-06-30 05:00:00,15.451721
2012-06-30 06:00:00,32.1529
2012-06-30 07:00:00,64.8791
2012-06-30 08:00:00,114.81078
2012-06-30 09:00:00,153.33372
2012-06-30 10:00:00,269.4402
2012-06-30 11:00:00,310.72217
2012-06-30 12:00:00,333.4225
2012-06-30 13:00:00,336.43417
2012-06-30 14:00:00,323.48636
2012-06-30 15:00:00,318.6021
2012-06-30 16:00:00,288.2179
2012-06-30 17:00:00,319.44168
2012-06-30 18:00:00,304.34024
2012-06-30 19:00:00,274.23755
2012-06-30 20:00:00,263.20062
2012-06-30 21:00:00,225.71535
2012-06-30 22:00:00,163.96245
2012-06-30 23:00:00,169.58844
2012-07-20 00:00:00,67.925224
2012-07-20 01:00:00,57.999454
2012-07-20 02:00:00,46.46398
2012-07-20 03:00:00,30.17242
2012-07-20 04:00:00,24.64047
2012-07-20 05:00:00,47.644863
2012-07-20 06:00:00,152.02406
2012-07-20 07:00:00,365.98178
2012-07-20 08:00:00,577.0167
2012-07-20 09:00:00,325.90735
2012-07-20 10:00:00,222.24477
2012-07-20 11:00:00,214.62831
2012-07-20 12:00:00,180.34135
2012-07-20 13:00:00,175.94762
2012-07-20 14:00:00,166.68016
2012-07-20 15:00:00,233.15749
2012-07-20 16:00:00,259.57446
2012-07-20 17:00:00,362.5119
2012-07-20 18:00:00,342.57285
2012-07-20 19:00:00,272.5433
2012-07-20 20:00:00,149.58856
2012-07-20 21:00:00,149.15811
2012-07-20 22:00:00,172.4208
2012-07-20 23:00:00,141.97409
2012-07-21 00:00:00,138.03426
2012-07-21 01:00:00,129.89404
2012-07-21 02:00:00,101.61424
2012-07-21 03:00:00,65.17577
2012-07-21 04:00:00,46.60677
2012-07-21 05:00:00,47.449917
2012-07-21 06:00:00,56.918083
2012-07-21 07:00:00,90.78389
2012-07-21 08:00:00,165.12036
2012-07-21 09:00:00,251.07831
2012-07-21 10:00:00,248.4936
2012-07-21 11:00:00,362.97113
2012-07-21 12:00:00,276.5799
2012-07-21 13:00:00,255.24304
2012-07-21 14:00:00,339.6148
2012-07-21 15:00:00,259.55292
2012-07-21 16:00:00,254.19318
2012-07-21 17:00:00,227.19115
2012-07-21 18:00:00,270.5375
2012-07-21 19:00:00,268.59277
2012-07-21 20:00:00,172.60872
2012-07-21 21:00:00,209.84991
2012-07-21 22:00:00,176.03525
2012-07-21 23:00:00,151.537
2012-07-22 00:00:00,151.09293
2012-07-22 01:00:00,138.95224
2012-07-22 02:00:00,118.28849
2012-07-22 03:00:00,68.61227
2012-07-22 04:00:00,42.3324
2012-07-22 05:00:00,41.123634
2012-07-22 06:00:00,44.69072
2012-07-22 07:00:00,66.66999
2012-07-22 08:00:00,136.96059
2012-07-22 09:00:00,262.4988
2012-07-22 10:00:00,356.42496
2012-07-22 11:00:00,382.2118
2012-07-22 12:00:00,410.14792
2012-07-22 13:00:00,408.94043
2012-07-22 14:00:00,391.81094
2012-07-22 15:00:00,381.48495
2012-07-22 16:00:00,344.0262
2012-07-22 17:00:00,366.69833
2012-07-22 18:00:00,333.16205
2012-07-22 19:00:00,313.59464
2012-07-22 20:00:00,263.10483
2012-07-22 21:00:00,224.87541
2012-07-22 22:00:00,155.45728
2012-07-22 23:00:00,122.75471
2012-07-23 00:00:00,75.708755
2012-07-23 01:00:00,56.447308
2012-07-23 02:00:00,46.846012
2012-07-23 03:00:00,36.65638
2012-07-23 04:00:00,30.524803
2012-07-23 05:00:00,48.912178
2012-07-23 06:00:00,145.88788
2012-07-23 07:00:00,386.49414
2012-07-23 08:00:00,620.1407
2012-07-23 09:00:00,317.4654
2012-07-23 10:00:00,195.5539
2012-07-23 11:00:00,219.34436
2012-07-23 12:00:00,272.6503
2012-07-23 13:00:00,269.40997
2012-07-23 14:00:00,236.7095
2012-07-23 15:00:00,252.1874
2012-07-23 16:00:00,347.96948
2012-07-23 17:00:00,730.9252
2012-07-23 18:00:00,734.2283
2012-07-23 19:00:00,508.563
2012-07-23 20:00:00,372.62738
2012-07-23 21:00:00,307.9998
2012-07-23 22:00:00,220.13274
2012-07-23 23:00:00,130.43794
2012-07-24 00:00:00,81.40517
2012-07-24 01:00:00,55.185226
2012-07-24 02:00:00,46.053917
2012-07-24 03:00:00,35.76058
2012-07-24 04:00:00,28.823778
2012-07-24 05:00:00,47.399837
2012-07-24 06:00:00,158.12024
2012-07-24 07:00:00,447.9712
2012-07-24 08:00:00,640.71094
2012-07-24 09:00:00,302.91867
2012-07-24 10:00:00,179.47629
2012-07-24 11:00:00,209.08662
2012-07-24 12:00:00,247.84868
2012-07-24 13:00:00,239.60977
2012-07-24 14:00:00,223.48853
2012-07-24 15:00:00,251.08206
2012-07-24 16:00:00,335.82147
2012-07-24 17:00:00,723.71954
2012-07-24 18:00:00,639.87524
2012-07-24 19:00:00,476.6395
2012-07-24 20:00:00,345.42096
2012-07-24 21:00:00,267.5044
2012-07-24 22:00:00,201.51753
2012-07-24 23:00:00,139.55869
2012-07-25 00:00:00,81.4012
2012-07-25 01:00:00,58.375835
2012-07-25 02:00:00,46.31697
2012-07-25 03:00:00,34.46582
2012-07-25 04:00:00,28.016918
2012-07-25 05:00:00,54.64951
2012-07-25 06:00:00,165.94829
2012-07-25 07:00:00,420.79907
2012-07-25 08:00:00,656.26355
2012-07-25 09:00:00,323.68488
2012-07-25 10:00:00,210.34224
2012-07-25 11:00:00,235.58424
2012-07-25 12:00:00,291.89664
2012-07-25 13:00:00,276.387
2012-07-25 14:00:00,235.31612
2012-07-25 15:00:00,267.66986
2012-07-25 16:00:00,351.66333
2012-07-25 17:00:00,740.72064
2012-07-25 18:00:00,729.412
2012-07-25 19:00:00,555.43494
2012-07-25 20:00:00,400.9638
2012-07-25 21:00:00,328.67532
2012-07-25 22:00:00,245.9881
2012-07-25 23:00:00,128.24472
2012-07-26 00:00:00,53.51488
2012-07-26 01:00:00,22.198915
2012-07-26 02:00:00,8.739519
2012-07-26 03:00:00,5.1881866
2012-07-26 04:00:00,5.824728
2012-07-26 05:00:00,29.003105
2012-07-26 06:00:00,108.7202
2012-07-26 07:00:00,331.8852
2012-07-26 08:00:00,496.4632
2012-07-26 09:00:00,229.03888
2012-07-26 10:00:00,100.363785
2012-07-26 11:00:00,119.60339
2012-07-26 12:00:00,158.65182
2012-07-26 13:00:00,166.51057
2012-07-26 14:00:00,128.19109
2012-07-26 15:00:00,142.91164
2012-07-26 16:00:00,235.82483
2012-07-26 17:00:00,494.55096
2012-07-26 18:00:00,480.56732
2012-07-26 19:00:00,342.981
2012-07-26 20:00:00,294.77228
2012-07-26 21:00:00,243.21231
2012-07-26 22:00:00,160.61278
2012-07-26 23:00:00,100.75335
2012-07-27 00:00:00,63.87278
2012-07-27 01:00:00,31.918003
2012-07-27 02:00:00,16.894114
2012-07-27 03:00:00,7.7061768
2012-07-27 04:00:00,6.903446
2012-07-27 05:00:00,27.57713
2012-07-27 06:00:00,102.01207
2012-07-27 07:00:00,299.17493
2012-07-27 08:00:00,456.19977
2012-07-27 09:00:00,243.33073
2012-07-27 10:00:00,142.70868
2012-07-27 11:00:00,172.5411
2012-07-27 12:00:00,225.1882
2012-07-27 13:00:00,226.7786
2012-07-27 14:00:00,191.02682
2012-07-27 15:00:00,214.7966
2012-07-27 16:00:00,278.09607
2012-07-27 17:00:00,494.03568
2012-07-27 18:00:00,484.4768
2012-07-27 19:00:00,312.29355
2012-07-27 20:00:00,254.80711
2012-07-27 21:00:00,188.74234
2012-07-27 22:00:00,154.578
2012-07-27 23:00:00,120.922104
2012-07-28 00:00:00,124.082535
2012-07-28 01:00:00,76.37218
2012-07-28 02:00:00,60.15651
2012-07-28 03:00:00,29.765287
2012-07-28 04:00:00,11.439445
2012-07-28 05:00:00,13.467194
2012-07-28 06:00:00,28.041958
2012-07-28 07:00:00,53.137856
2012-07-28 08:00:00,114.88804
2012-07-28 09:00:00,184.40155
2012-07-28 10:00:00,273.2443
2012-07-28 11:00:00,327.5511
2012-07-28 12:00:00,353.14655
2012-07-28 13:00:00,347.7882
2012-07-28 14:00:00,340.6953
2012-07-28 15:00:00,324.8332
2012-07-28 16:00:00,311.19168
2012-07-28 17:00:00,309.62595
2012-07-28 18:00:00,307.278
2012-07-28 19:00:00,180.47797
2012-07-28 20:00:00,144.25198
2012-07-28 21:00:00,158.47421
2012-07-28 22:00:00,139.4788
2012-07-28 23:00:00,114.89821
2012-07-29 00:00:00,115.44917
2012-07-29 01:00:00,81.79723
2012-07-29 02:00:00,67.3545
2012-07-29 03:00:00,33.149227
2012-07-29 04:00:00,12.072529
2012-07-29 05:00:00,9.772316
2012-07-29 06:00:00,16.551142
2012-07-29 07:00:00,40.20687
2012-07-29 08:00:00,81.193886
2012-07-29 09:00:00,166.64273
2012-07-29 10:00:00,282.8079
2012-07-29 11:00:00,316.6496
2012-07-29 12:00:00,350.57703
2012-07-29 13:00:00,344.59528
2012-07-29 14:00:00,320.91016
2012-07-29 15:00:00,316.15253
2012-07-29 16:00:00,296.3479
2012-07-29 17:00:00,315.54657
2012-07-29 18:00:00,300.40872
2012-07-29 19:00:00,256.82898
2012-07-29 20:00:00,162.49997
2012-07-29 21:00:00,120.20912
2012-07-29 22:00:00,89.62544
2012-07-29 23:00:00,70.43741
2012-07-30 00:00:00,39.97059
2012-07-30 01:00:00,14.057406
2012-07-30 02:00:00,9.196376
2012-07-30 03:00:00,4.449339
2012-07-30 04:00:00,4.8756065
2012-07-30 05:00:00,23.24458
2012-07-30 06:00:00,84.51145
2012-07-30 07:00:00,299.77966
2012-07-30 08:00:00,445.2916
2012-07-30 09:00:00,224.69722
2012-07-30 10:00:00,105.230545
2012-07-30 11:00:00,134.52635
2012-07-30 12:00:00,174.4724
2012-07-30 13:00:00,170.49907
2012-07-30 14:00:00,144.77977
2012-07-30 15:00:00,156.35352
2012-07-30 16:00:00,253.1685
2012-07-30 17:00:00,554.833
2012-07-30 18:00:00,559.18524
2012-07-30 19:00:00,375.76343
2012-07-30 20:00:00,235.65204
2012-07-30 21:00:00,152.92627
2012-07-30 22:00:00,90.46056
2012-07-30 23:00:00,68.33813
2012-07-31 00:00:00,40.709286
2012-07-31 01:00:00,14.441422
2012-07-31 02:00:00,7.473895
2012-07-31 03:00:00,4.9623203
2012-07-31 04:00:00,4.6293483
2012-07-31 05:00:00,24.760769
2012-07-31 06:00:00,103.44441
2012-07-31 07:00:00,294.3663
2012-07-31 08:00:00,500.52975
2012-07-31 09:00:00,216.5032
2012-07-31 10:00:00,111.86007
2012-07-31 11:00:00,132.63838
2012-07-31 12:00:00,179.70518
2012-07-31 13:00:00,157.10516
2012-07-31 14:00:00,133.84825
2012-07-31 15:00:00,145.72424
2012-07-31 16:00:00,238.2425
2012-07-31 17:00:00,610.4211
2012-07-31 18:00:00,560.84686
2012-07-31 19:00:00,283.7607
2012-07-31 20:00:00,145.35022
2012-07-31 21:00:00,150.13728
2012-07-31 22:00:00,99.80177
2012-07-31 23:00:00,67.32587
2012-08-20 00:00:00,41.361282
2012-08-20 01:00:00,33.774128
2012-08-20 02:00:00,33.516575
2012-08-20 03:00:00,22.277431
2012-08-20 04:00:00,15.766843
2012-08-20 05:00:00,28.061302
2012-08-20 06:00:00,142.57112
2012-08-20 07:00:00,362.98563
2012-08-20 08:00:00,555.92444
2012-08-20 09:00:00,270.23697
2012-08-20 10:00:00,177.85213
2012-08-20 11:00:00,201.60535
2012-08-20 12:00:00,230.30333
2012-08-20 13:00:00,237.74927
2012-08-20 14:00:00,210.28333
2012-08-20 15:00:00,227.31404
2012-08-20 16:00:00,330.07452
2012-08-20 17:00:00,688.4235
2012-08-20 18:00:00,450.5321
2012-08-20 19:00:00,341.943
2012-08-20 20:00:00,208.47394
2012-08-20 21:00:00,190.90305
2012-08-20 22:00:00,114.86916
2012-08-20 23:00:00,77.43347
2012-08-21 00:00:00,54.564075
2012-08-21 01:00:00,41.321186
2012-08-21 02:00:00,37.271397
2012-08-21 03:00:00,25.210415
2012-08-21 04:00:00,17.751411
2012-08-21 05:00:00,35.943466
2012-08-21 06:00:00,148.93561
2012-08-21 07:00:00,421.62973
2012-08-21 08:00:00,609.66516
2012-08-21 09:00:00,295.5845
2012-08-21 10:00:00,194.72398
2012-08-21 11:00:00,218.1455
2012-08-21 12:00:00,269.29913
2012-08-21 13:00:00,254.16298
2012-08-21 14:00:00,234.83005
2012-08-21 15:00:00,243.38312
2012-08-21 16:00:00,376.7222
2012-08-21 17:00:00,713.74756
2012-08-21 18:00:00,704.72156
2012-08-21 19:00:00,319.31805
2012-08-21 20:00:00,308.79697
2012-08-21 21:00:00,223.97775
2012-08-21 22:00:00,172.75323
2012-08-21 23:00:00,106.20935
2012-08-22 00:00:00,66.868385
2012-08-22 01:00:00,48.219883
2012-08-22 02:00:00,38.24147
2012-08-22 03:00:00,25.928057
2012-08-22 04:00:00,18.452068
2012-08-22 05:00:00,41.275562
2012-08-22 06:00:00,163.41241
2012-08-22 07:00:00,416.75684
2012-08-22 08:00:00,619.4
2012-08-22 09:00:00,311.57626
2012-08-22 10:00:00,202.23792
2012-08-22 11:00:00,212.38568
2012-08-22 12:00:00,256.3198
2012-08-22 13:00:00,245.1951
2012-08-22 14:00:00,211.73224
2012-08-22 15:00:00,227.71431
2012-08-22 16:00:00,301.63065
2012-08-22 17:00:00,604.3488
2012-08-22 18:00:00,584.3468
2012-08-22 19:00:00,381.93558
2012-08-22 20:00:00,330.87418
2012-08-22 21:00:00,233.97656
2012-08-22 22:00:00,208.59988
2012-08-22 23:00:00,122.4169
2012-08-23 00:00:00,81.44925
2012-08-23 01:00:00,48.510677
2012-08-23 02:00:00,39.78698
2012-08-23 03:00:00,27.834658
2012-08-23 04:00:00,19.534258
2012-08-23 05:00:00,39.951233
2012-08-23 06:00:00,140.09285
2012-08-23 07:00:00,359.32602
2012-08-23 08:00:00,609.71606
2012-08-23 09:00:00,325.39178
2012-08-23 10:00:00,203.60963
2012-08-23 11:00:00,221.67456
2012-08-23 12:00:00,272.47153
2012-08-23 13:00:00,266.87985
2012-08-23 14:00:00,218.11644
2012-08-23 15:00:00,226.78076
2012-08-23 16:00:00,356.51126
2012-08-23 17:00:00,717.02484
2012-08-23 18:00:00,711.07263
2012-08-23 19:00:00,491.79932
2012-08-23 20:00:00,371.65076
2012-08-23 21:00:00,302.92163
2012-08-23 22:00:00,217.86758
2012-08-23 23:00:00,162.04796
2012-08-24 00:00:00,95.77546
2012-08-24 01:00:00,58.50475
2012-08-24 02:00:00,48.33435
2012-08-24 03:00:00,28.466396
2012-08-24 04:00:00,21.071579
2012-08-24 05:00:00,42.51879
2012-08-24 06:00:00,134.03271
2012-08-24 07:00:00,381.5849
2012-08-24 08:00:00,562.6155
2012-08-24 09:00:00,334.33878
2012-08-24 10:00:00,229.77106
2012-08-24 11:00:00,256.18442
2012-08-24 12:00:00,330.48993
2012-08-24 13:00:00,312.47705
2012-08-24 14:00:00,276.9131
2012-08-24 15:00:00,292.45264
2012-08-24 16:00:00,384.6588
2012-08-24 17:00:00,648.7705
2012-08-24 18:00:00,527.9806
2012-08-24 19:00:00,385.53558
2012-08-24 20:00:00,310.5312
2012-08-24 21:00:00,255.89804
2012-08-24 22:00:00,220.30132
2012-08-24 23:00:00,188.62154
2012-08-25 00:00:00,165.61449
2012-08-25 01:00:00,133.33788
2012-08-25 02:00:00,102.070786
2012-08-25 03:00:00,56.835194
2012-08-25 04:00:00,31.290749
2012-08-25 05:00:00,27.557005
2012-08-25 06:00:00,41.19804
2012-08-25 07:00:00,78.17042
2012-08-25 08:00:00,170.53577
2012-08-25 09:00:00,239.45699
2012-08-25 10:00:00,346.78876
2012-08-25 11:00:00,395.26083
2012-08-25 12:00:00,352.3722
2012-08-25 13:00:00,434.3822
2012-08-25 14:00:00,304.80536
2012-08-25 15:00:00,353.25732
2012-08-25 16:00:00,325.03494
2012-08-25 17:00:00,317.1815
2012-08-25 18:00:00,317.78836
2012-08-25 19:00:00,266.56564
2012-08-25 20:00:00,152.20476
2012-08-25 21:00:00,189.63008
2012-08-25 22:00:00,144.68991
2012-08-25 23:00:00,112.69303
2012-08-26 00:00:00,125.58234
2012-08-26 01:00:00,94.46489
2012-08-26 02:00:00,76.24893
2012-08-26 03:00:00,37.98103
2012-08-26 04:00:00,14.504856
2012-08-26 05:00:00,12.926005
2012-08-26 06:00:00,15.070576
2012-08-26 07:00:00,38.65866
2012-08-26 08:00:00,87.92975
2012-08-26 09:00:00,169.26236
2012-08-26 10:00:00,269.04633
2012-08-26 11:00:00,296.98355
2012-08-26 12:00:00,200.35582
2012-08-26 13:00:00,180.22165
2012-08-26 14:00:00,237.45648
2012-08-26 15:00:00,131.90729
2012-08-26 16:00:00,131.03125
2012-08-26 17:00:00,183.9158
2012-08-26 18:00:00,166.16017
2012-08-26 19:00:00,153.00911
2012-08-26 20:00:00,123.72351
2012-08-26 21:00:00,107.32511
2012-08-26 22:00:00,88.964325
2012-08-26 23:00:00,78.67845
2012-08-27 00:00:00,34.864178
2012-08-27 01:00:00,16.89684
2012-08-27 02:00:00,12.2771435
2012-08-27 03:00:00,9.186676
2012-08-27 04:00:00,8.520499
2012-08-27 05:00:00,26.068054
2012-08-27 06:00:00,96.025154
2012-08-27 07:00:00,264.32883
2012-08-27 08:00:00,407.1058
2012-08-27 09:00:00,179.84956
2012-08-27 10:00:00,116.89874
2012-08-27 11:00:00,143.89798
2012-08-27 12:00:00,187.19337
2012-08-27 13:00:00,183.70335
2012-08-27 14:00:00,174.78552
2012-08-27 15:00:00,175.74461
2012-08-27 16:00:00,257.30432
2012-08-27 17:00:00,636.7969
2012-08-27 18:00:00,619.2095
2012-08-27 19:00:00,331.1237
2012-08-27 20:00:00,248.36469
2012-08-27 21:00:00,160.78275
2012-08-27 22:00:00,92.60451
2012-08-27 23:00:00,75.90327
2012-08-28 00:00:00,36.793045
2012-08-28 01:00:00,23.057045
2012-08-28 02:00:00,12.610255
2012-08-28 03:00:00,10.177904
2012-08-28 04:00:00,8.530144
2012-08-28 05:00:00,19.79418
2012-08-28 06:00:00,106.82089
2012-08-28 07:00:00,257.4917
2012-08-28 08:00:00,400.1697
2012-08-28 09:00:00,213.41606
2012-08-28 10:00:00,134.18816
2012-08-28 11:00:00,150.05002
2012-08-28 12:00:00,186.6838
2012-08-28 13:00:00,188.18552
2012-08-28 14:00:00,166.3739
2012-08-28 15:00:00,184.11285
2012-08-28 16:00:00,282.8358
2012-08-28 17:00:00,639.9358
2012-08-28 18:00:00,640.3893
2012-08-28 19:00:00,389.50104
2012-08-28 20:00:00,297.08267
2012-08-28 21:00:00,242.2326
2012-08-28 22:00:00,162.58775
2012-08-28 23:00:00,120.14139
2012-08-29 00:00:00,55.940166
2012-08-29 01:00:00,24.350422
2012-08-29 02:00:00,15.285391
2012-08-29 03:00:00,11.187363
2012-08-29 04:00:00,9.33189
2012-08-29 05:00:00,36.485306
2012-08-29 06:00:00,127.03776
2012-08-29 07:00:00,331.17438
2012-08-29 08:00:00,539.6073
2012-08-29 09:00:00,243.81151
2012-08-29 10:00:00,142.87747
2012-08-29 11:00:00,168.6145
2012-08-29 12:00:00,195.84482
2012-08-29 13:00:00,187.82594
2012-08-29 14:00:00,167.03854
2012-08-29 15:00:00,179.95567
2012-08-29 16:00:00,286.06302
2012-08-29 17:00:00,646.191
2012-08-29 18:00:00,643.1986
2012-08-29 19:00:00,403.28665
2012-08-29 20:00:00,291.89288
2012-08-29 21:00:00,247.39484
2012-08-29 22:00:00,165.79716
2012-08-29 23:00:00,135.1297
2012-08-30 00:00:00,60.07092
2012-08-30 01:00:00,26.863632
2012-08-30 02:00:00,16.518068
2012-08-30 03:00:00,11.54084
2012-08-30 04:00:00,10.22452
2012-08-30 05:00:00,36.73448
2012-08-30 06:00:00,117.30166
2012-08-30 07:00:00,331.38678
2012-08-30 08:00:00,537.7215
2012-08-30 09:00:00,263.21808
2012-08-30 10:00:00,149.28004
2012-08-30 11:00:00,178.40494
2012-08-30 12:00:00,208.44016
2012-08-30 13:00:00,190.4908
2012-08-30 14:00:00,167.87682
2012-08-30 15:00:00,179.0232
2012-08-30 16:00:00,279.8018
2012-08-30 17:00:00,642.8541
2012-08-30 18:00:00,640.25745
2012-08-30 19:00:00,410.31857
2012-08-30 20:00:00,297.07956
2012-08-30 21:00:00,219.55737
2012-08-30 22:00:00,149.7797
2012-08-30 23:00:00,129.23114
2012-08-31 00:00:00,75.44158
2012-08-31 01:00:00,38.892414
2012-08-31 02:00:00,21.56834
2012-08-31 03:00:00,12.672563
2012-08-31 04:00:00,9.7056465
2012-08-31 05:00:00,30.598047
2012-08-31 06:00:00,98.46527
2012-08-31 07:00:00,260.384
2012-08-31 08:00:00,494.18567
2012-08-31 09:00:00,256.55917
2012-08-31 10:00:00,172.82239
2012-08-31 11:00:00,205.52654
2012-08-31 12:00:00,260.4864
2012-08-31 13:00:00,257.07565
2012-08-31 14:00:00,234.8719
2012-08-31 15:00:00,250.25424
2012-08-31 16:00:00,309.25113
2012-08-31 17:00:00,595.4411
2012-08-31 18:00:00,519.858
2012-08-31 19:00:00,340.95593
2012-08-31 20:00:00,277.3407
2012-08-31 21:00:00,226.9537
2012-08-31 22:00:00,182.43509
2012-08-31 23:00:00,158.64966
2012-09-20 00:00:00,74.02658
2012-09-20 01:00:00,45.440826
2012-09-20 02:00:00,43.14741
2012-09-20 03:00:00,35.32686
2012-09-20 04:00:00,30.170189
2012-09-20 05:00:00,62.40252
2012-09-20 06:00:00,177.28107
2012-09-20 07:00:00,525.0538
2012-09-20 08:00:00,774.0415
2012-09-20 09:00:00,349.61996
2012-09-20 10:00:00,219.27257
2012-09-20 11:00:00,249.60385
2012-09-20 12:00:00,315.63885
2012-09-20 13:00:00,309.0846
2012-09-20 14:00:00,278.95163
2012-09-20 15:00:00,312.00278
2012-09-20 16:00:00,436.82315
2012-09-20 17:00:00,796.8871
2012-09-20 18:00:00,792.39844
2012-09-20 19:00:00,571.7532
2012-09-20 20:00:00,403.72397
2012-09-20 21:00:00,316.91064
2012-09-20 22:00:00,238.41849
2012-09-20 23:00:00,172.0475
2012-09-21 00:00:00,115.56557
2012-09-21 01:00:00,73.95352
2012-09-21 02:00:00,59.31607
2012-09-21 03:00:00,46.079803
2012-09-21 04:00:00,38.996212
2012-09-21 05:00:00,68.67283
2012-09-21 06:00:00,174.39581
2012-09-21 07:00:00,450.0876
2012-09-21 08:00:00,709.8071
2012-09-21 09:00:00,352.80182
2012-09-21 10:00:00,264.37317
2012-09-21 11:00:00,310.83408
2012-09-21 12:00:00,375.8335
2012-09-21 13:00:00,380.30807
2012-09-21 14:00:00,353.02936
2012-09-21 15:00:00,379.96304
2012-09-21 16:00:00,531.44464
2012-09-21 17:00:00,768.3
2012-09-21 18:00:00,694.2157
2012-09-21 19:00:00,491.5411
2012-09-21 20:00:00,336.98877
2012-09-21 21:00:00,274.27496
2012-09-21 22:00:00,252.32925
2012-09-21 23:00:00,195.90868
2012-09-22 00:00:00,185.7225
2012-09-22 01:00:00,159.33214
2012-09-22 02:00:00,142.61145
2012-09-22 03:00:00,85.41337
2012-09-22 04:00:00,59.736294
2012-09-22 05:00:00,60.4004
2012-09-22 06:00:00,75.10128
2012-09-22 07:00:00,134.46622
2012-09-22 08:00:00,224.60876
2012-09-22 09:00:00,318.52274
2012-09-22 10:00:00,439.98718
2012-09-22 11:00:00,549.56604
2012-09-22 12:00:00,609.82086
2012-09-22 13:00:00,607.0626
2012-09-22 14:00:00,583.1576
2012-09-22 15:00:00,576.83923
2012-09-22 16:00:00,586.1889
2012-09-22 17:00:00,577.68494
2012-09-22 18:00:00,523.26465
2012-09-22 19:00:00,430.7823
2012-09-22 20:00:00,364.567
2012-09-22 21:00:00,321.68442
2012-09-22 22:00:00,284.32397
2012-09-22 23:00:00,240.56297
2012-09-23 00:00:00,204.83177
2012-09-23 01:00:00,161.51585
2012-09-23 02:00:00,139.28717
2012-09-23 03:00:00,84.98041
2012-09-23 04:00:00,60.80661
2012-09-23 05:00:00,60.31745
2012-09-23 06:00:00,65.08647
2012-09-23 07:00:00,118.114426
2012-09-23 08:00:00,168.58472
2012-09-23 09:00:00,289.4473
2012-09-23 10:00:00,423.56073
2012-09-23 11:00:00,509.74536
2012-09-23 12:00:00,593.21674
2012-09-23 13:00:00,627.8245
2012-09-23 14:00:00,584.5636
2012-09-23 15:00:00,591.1341
2012-09-23 16:00:00,590.5557
2012-09-23 17:00:00,571.14886
2012-09-23 18:00:00,500.92743
2012-09-23 19:00:00,365.11502
2012-09-23 20:00:00,286.28976
2012-09-23 21:00:00,204.60306
2012-09-23 22:00:00,187.26173
2012-09-23 23:00:00,144.41637
2012-09-24 00:00:00,80.734795
2012-09-24 01:00:00,58.847874
2012-09-24 02:00:00,55.131016
2012-09-24 03:00:00,44.065357
2012-09-24 04:00:00,37.6291
2012-09-24 05:00:00,65.276505
2012-09-24 06:00:00,171.70476
2012-09-24 07:00:00,491.53632
2012-09-24 08:00:00,728.48004
2012-09-24 09:00:00,334.09433
2012-09-24 10:00:00,207.07202
2012-09-24 11:00:00,256.1974
2012-09-24 12:00:00,324.20764
2012-09-24 13:00:00,311.49854
2012-09-24 14:00:00,285.2603
2012-09-24 15:00:00,304.2321
2012-09-24 16:00:00,466.25787
2012-09-24 17:00:00,808.71094
2012-09-24 18:00:00,791.528
2012-09-24 19:00:00,546.43567
2012-09-24 20:00:00,361.42285
2012-09-24 21:00:00,268.4774
2012-09-24 22:00:00,180.88976
2012-09-24 23:00:00,133.84479
2012-09-25 00:00:00,80.51601
2012-09-25 01:00:00,59.77878
2012-09-25 02:00:00,55.825764
2012-09-25 03:00:00,44.81797
2012-09-25 04:00:00,39.01388
2012-09-25 05:00:00,68.23286
2012-09-25 06:00:00,174.87268
2012-09-25 07:00:00,521.56085
2012-09-25 08:00:00,762.81525
2012-09-25 09:00:00,352.78802
2012-09-25 10:00:00,207.01715
2012-09-25 11:00:00,212.11392
2012-09-25 12:00:00,231.60303
2012-09-25 13:00:00,213.23523
2012-09-25 14:00:00,176.42014
2012-09-25 15:00:00,221.80411
2012-09-25 16:00:00,320.8036
2012-09-25 17:00:00,657.77246
2012-09-25 18:00:00,653.1788
2012-09-25 19:00:00,385.60632
2012-09-25 20:00:00,270.65738
2012-09-25 21:00:00,195.72899
2012-09-25 22:00:00,141.26114
2012-09-25 23:00:00,92.85912
2012-09-26 00:00:00,43.18405
2012-09-26 01:00:00,22.617386
2012-09-26 02:00:00,13.713567
2012-09-26 03:00:00,12.577513
2012-09-26 04:00:00,6.4679112
2012-09-26 05:00:00,32.512745
2012-09-26 06:00:00,116.176895
2012-09-26 07:00:00,373.71634
2012-09-26 08:00:00,606.2837
2012-09-26 09:00:00,260.5465
2012-09-26 10:00:00,136.07474
2012-09-26 11:00:00,167.88602
2012-09-26 12:00:00,220.13087
2012-09-26 13:00:00,214.75627
2012-09-26 14:00:00,171.2445
2012-09-26 15:00:00,196.54587
2012-09-26 16:00:00,312.13794
2012-09-26 17:00:00,654.63464
2012-09-26 18:00:00,653.16785
2012-09-26 19:00:00,422.74234
2012-09-26 20:00:00,263.9876
2012-09-26 21:00:00,233.53392
2012-09-26 22:00:00,103.25097
2012-09-26 23:00:00,67.10185
2012-09-27 00:00:00,50.937214
2012-09-27 01:00:00,23.080153
2012-09-27 02:00:00,14.5702505
2012-09-27 03:00:00,8.000681
2012-09-27 04:00:00,5.803002
2012-09-27 05:00:00,30.765593
2012-09-27 06:00:00,106.18799
2012-09-27 07:00:00,365.529
2012-09-27 08:00:00,586.38794
2012-09-27 09:00:00,251.8435
2012-09-27 10:00:00,145.064
2012-09-27 11:00:00,165.684
2012-09-27 12:00:00,215.5121
2012-09-27 13:00:00,186.56699
2012-09-27 14:00:00,168.24432
2012-09-27 15:00:00,177.71048
2012-09-27 16:00:00,289.4415
2012-09-27 17:00:00,545.1098
2012-09-27 18:00:00,555.83813
2012-09-27 19:00:00,380.64716
2012-09-27 20:00:00,266.45096
2012-09-27 21:00:00,111.38422
2012-09-27 22:00:00,74.14728
2012-09-27 23:00:00,62.90403
2012-09-28 00:00:00,45.703903
2012-09-28 01:00:00,18.385408
2012-09-28 02:00:00,11.014282
2012-09-28 03:00:00,7.7296224
2012-09-28 04:00:00,4.6348433
2012-09-28 05:00:00,26.685432
2012-09-28 06:00:00,76.93576
2012-09-28 07:00:00,252.08444
2012-09-28 08:00:00,508.27502
2012-09-28 09:00:00,231.59717
2012-09-28 10:00:00,143.21095
2012-09-28 11:00:00,174.38872
2012-09-28 12:00:00,268.0163
2012-09-28 13:00:00,263.2772
2012-09-28 14:00:00,247.68858
2012-09-28 15:00:00,253.92621
2012-09-28 16:00:00,341.397
2012-09-28 17:00:00,602.7237
2012-09-28 18:00:00,539.9195
2012-09-28 19:00:00,279.45947
2012-09-28 20:00:00,194.84111
2012-09-28 21:00:00,160.21909
2012-09-28 22:00:00,161.82431
2012-09-28 23:00:00,124.97399
2012-09-29 00:00:00,118.0273
2012-09-29 01:00:00,79.44577
2012-09-29 02:00:00,64.240456
2012-09-29 03:00:00,37.472538
2012-09-29 04:00:00,22.970179
2012-09-29 05:00:00,19.266184
2012-09-29 06:00:00,34.119812
2012-09-29 07:00:00,61.67291
2012-09-29 08:00:00,128.3832
2012-09-29 09:00:00,206.30408
2012-09-29 10:00:00,300.36325
2012-09-29 11:00:00,361.61786
2012-09-29 12:00:00,480.19562
2012-09-29 13:00:00,482.229
2012-09-29 14:00:00,455.70734
2012-09-29 15:00:00,416.13086
2012-09-29 16:00:00,437.47266
2012-09-29 17:00:00,404.4808
2012-09-29 18:00:00,331.39197
2012-09-29 19:00:00,249.24127
2012-09-29 20:00:00,170.87825
2012-09-29 21:00:00,146.53412
2012-09-29 22:00:00,132.8221
2012-09-29 23:00:00,132.92967
2012-09-30 00:00:00,116.04973
2012-09-30 01:00:00,80.4288
2012-09-30 02:00:00,62.670067
2012-09-30 03:00:00,33.756138
2012-09-30 04:00:00,13.185457
2012-09-30 05:00:00,10.107086
2012-09-30 06:00:00,20.657536
2012-09-30 07:00:00,47.829445
2012-09-30 08:00:00,88.31781
2012-09-30 09:00:00,190.38547
2012-09-30 10:00:00,302.93158
2012-09-30 11:00:00,381.66153
2012-09-30 12:00:00,440.20898
2012-09-30 13:00:00,456.71674
2012-09-30 14:00:00,380.01257
2012-09-30 15:00:00,436.00916
2012-09-30 16:00:00,454.29526
2012-09-30 17:00:00,386.41022
2012-09-30 18:00:00,273.83942
2012-09-30 19:00:00,113.105675
2012-09-30 20:00:00,80.848305
2012-09-30 21:00:00,102.63053
2012-09-30 22:00:00,72.358635
2012-09-30 23:00:00,65.8698
2012-10-20 00:00:00,157.24704
2012-10-20 01:00:00,115.72264
2012-10-20 02:00:00,83.318054
2012-10-20 03:00:00,49.150864
2012-10-20 04:00:00,23.97361
2012-10-20 05:00:00,26.305819
2012-10-20 06:00:00,42.552956
2012-10-20 07:00:00,90.38205
2012-10-20 08:00:00,193.25981
2012-10-20 09:00:00,306.1522
2012-10-20 10:00:00,399.4482
2012-10-20 11:00:00,465.7642
2012-10-20 12:00:00,507.1744
2012-10-20 13:00:00,511.32208
2012-10-20 14:00:00,490.9974
2012-10-20 15:00:00,484.55133
2012-10-20 16:00:00,483.85156
2012-10-20 17:00:00,492.3586
2012-10-20 18:00:00,438.81458
2012-10-20 19:00:00,306.9333
2012-10-20 20:00:00,264.45718
2012-10-20 21:00:00,203.62509
2012-10-20 22:00:00,189.83757
2012-10-20 23:00:00,160.50876
2012-10-21 00:00:00,149.79045
2012-10-21 01:00:00,119.7551
2012-10-21 02:00:00,91.09245
2012-10-21 03:00:00,54.77976
2012-10-21 04:00:00,24.749493
2012-10-21 05:00:00,25.927317
2012-10-21 06:00:00,38.44078
2012-10-21 07:00:00,76.69008
2012-10-21 08:00:00,134.8352
2012-10-21 09:00:00,251.22781
2012-10-21 10:00:00,382.65338
2012-10-21 11:00:00,455.15912
2012-10-21 12:00:00,515.338
2012-10-21 13:00:00,531.90247
2012-10-21 14:00:00,509.00397
2012-10-21 15:00:00,496.1033
2012-10-21 16:00:00,493.0675
2012-10-21 17:00:00,475.10126
2012-10-21 18:00:00,410.56357
2012-10-21 19:00:00,305.51382
2012-10-21 20:00:00,226.73541
2012-10-21 21:00:00,145.30722
2012-10-21 22:00:00,121.127365
2012-10-21 23:00:00,101.079544
2012-10-22 00:00:00,68.42884
2012-10-22 01:00:00,45.177765
2012-10-22 02:00:00,39.6353
2012-10-22 03:00:00,28.096813
2012-10-22 04:00:00,19.22127
2012-10-22 05:00:00,39.577507
2012-10-22 06:00:00,138.59433
2012-10-22 07:00:00,398.02902
2012-10-22 08:00:00,676.69476
2012-10-22 09:00:00,325.49493
2012-10-22 10:00:00,204.4508
2012-10-22 11:00:00,247.2041
2012-10-22 12:00:00,312.87863
2012-10-22 13:00:00,304.75455
2012-10-22 14:00:00,278.8637
2012-10-22 15:00:00,304.2168
2012-10-22 16:00:00,410.29984
2012-10-22 17:00:00,714.4668
2012-10-22 18:00:00,604.8752
2012-10-22 19:00:00,452.86176
2012-10-22 20:00:00,307.13803
2012-10-22 21:00:00,211.29529
2012-10-22 22:00:00,138.64009
2012-10-22 23:00:00,100.04066
2012-10-23 00:00:00,61.869995
2012-10-23 01:00:00,42.17113
2012-10-23 02:00:00,38.45302
2012-10-23 03:00:00,26.810638
2012-10-23 04:00:00,19.117504
2012-10-23 05:00:00,46.107533
2012-10-23 06:00:00,157.59447
2012-10-23 07:00:00,444.22534
2012-10-23 08:00:00,664.86786
2012-10-23 09:00:00,341.43756
2012-10-23 10:00:00,224.66833
2012-10-23 11:00:00,246.80365
2012-10-23 12:00:00,298.43472
2012-10-23 13:00:00,284.08182
2012-10-23 14:00:00,267.03348
2012-10-23 15:00:00,301.65845
2012-10-23 16:00:00,396.1778
2012-10-23 17:00:00,725.8348
2012-10-23 18:00:00,701.2226
2012-10-23 19:00:00,469.69507
2012-10-23 20:00:00,343.8061
2012-10-23 21:00:00,242.60074
2012-10-23 22:00:00,192.86354
2012-10-23 23:00:00,127.29793
2012-10-24 00:00:00,74.16402
2012-10-24 01:00:00,47.617477
2012-10-24 02:00:00,41.282402
2012-10-24 03:00:00,28.242517
2012-10-24 04:00:00,20.297573
2012-10-24 05:00:00,48.90501
2012-10-24 06:00:00,169.70003
2012-10-24 07:00:00,454.75546
2012-10-24 08:00:00,617.6442
2012-10-24 09:00:00,345.54266
2012-10-24 10:00:00,201.20453
2012-10-24 11:00:00,264.8381
2012-10-24 12:00:00,313.4111
2012-10-24 13:00:00,299.03616
2012-10-24 14:00:00,268.90604
2012-10-24 15:00:00,301.0252
2012-10-24 16:00:00,418.34326
2012-10-24 17:00:00,717.76935
2012-10-24 18:00:00,709.0922
2012-10-24 19:00:00,456.9087
2012-10-24 20:00:00,353.4569
2012-10-24 21:00:00,302.1297
2012-10-24 22:00:00,229.62425
2012-10-24 23:00:00,136.4502
2012-10-25 00:00:00,82.23445
2012-10-25 01:00:00,51.77398
2012-10-25 02:00:00,39.94677
2012-10-25 03:00:00,28.219486
2012-10-25 04:00:00,20.259697
2012-10-25 05:00:00,44.200855
2012-10-25 06:00:00,153.17531
2012-10-25 07:00:00,409.37427
2012-10-25 08:00:00,612.1738
2012-10-25 09:00:00,314.52118
2012-10-25 10:00:00,176.17543
2012-10-25 11:00:00,182.32758
2012-10-25 12:00:00,250.73058
2012-10-25 13:00:00,228.72488
2012-10-25 14:00:00,246.09778
2012-10-25 15:00:00,300.1436
2012-10-25 16:00:00,386.53433
2012-10-25 17:00:00,621.9184
2012-10-25 18:00:00,355.17645
2012-10-25 19:00:00,308.72684
2012-10-25 20:00:00,259.69058
2012-10-25 21:00:00,214.83905
2012-10-25 22:00:00,168.29736
2012-10-25 23:00:00,118.76487
2012-10-26 00:00:00,68.016075
2012-10-26 01:00:00,24.826397
2012-10-26 02:00:00,9.516321
2012-10-26 03:00:00,5.9674892
2012-10-26 04:00:00,5.448819
2012-10-26 05:00:00,23.312256
2012-10-26 06:00:00,81.83063
2012-10-26 07:00:00,270.53723
2012-10-26 08:00:00,414.81665
2012-10-26 09:00:00,227.3215
2012-10-26 10:00:00,113.29549
2012-10-26 11:00:00,161.32634
2012-10-26 12:00:00,222.9325
2012-10-26 13:00:00,220.86078
2012-10-26 14:00:00,215.98737
2012-10-26 15:00:00,249.80927
2012-10-26 16:00:00,300.31635
2012-10-26 17:00:00,325.47195
2012-10-26 18:00:00,255.68951
2012-10-26 19:00:00,150.9903
2012-10-26 20:00:00,111.827934
2012-10-26 21:00:00,111.62013
2012-10-26 22:00:00,92.07761
2012-10-26 23:00:00,85.02805
2012-10-27 00:00:00,104.352325
2012-10-27 01:00:00,69.844925
2012-10-27 02:00:00,53.15192
2012-10-27 03:00:00,27.770878
2012-10-27 04:00:00,10.226732
2012-10-27 05:00:00,14.791521
2012-10-27 06:00:00,27.24678
2012-10-27 07:00:00,59.964005
2012-10-27 08:00:00,114.64372
2012-10-27 09:00:00,184.88818
2012-10-27 10:00:00,272.40445
2012-10-27 11:00:00,346.97522
2012-10-27 12:00:00,425.22662
2012-10-27 13:00:00,463.28128
2012-10-27 14:00:00,382.2643
2012-10-27 15:00:00,317.70386
2012-10-27 16:00:00,317.33945
2012-10-27 17:00:00,318.90027
2012-10-27 18:00:00,249.99805
2012-10-27 19:00:00,169.7651
2012-10-27 20:00:00,130.1242
2012-10-27 21:00:00,109.71091
2012-10-27 22:00:00,110.07592
2012-10-27 23:00:00,91.38107
2012-10-28 00:00:00,73.85074
2012-10-28 01:00:00,72.80629
2012-10-28 02:00:00,60.110058
2012-10-28 03:00:00,33.759125
2012-10-28 04:00:00,14.788391
2012-10-28 05:00:00,13.645906
2012-10-28 06:00:00,25.363794
2012-10-28 07:00:00,49.35669
2012-10-28 08:00:00,92.278145
2012-10-28 09:00:00,159.06062
2012-10-28 10:00:00,234.13132
2012-10-28 11:00:00,299.9527
2012-10-28 12:00:00,321.03625
2012-10-28 13:00:00,319.53537
2012-10-28 14:00:00,308.08484
2012-10-28 15:00:00,282.28375
2012-10-28 16:00:00,190.38983
2012-10-28 17:00:00,149.15059
2012-10-28 18:00:00,68.874916
2012-10-28 19:00:00,60.99059
2012-10-28 20:00:00,63.2384
2012-10-28 21:00:00,58.298485
2012-10-28 22:00:00,54.06728
2012-10-28 23:00:00,42.30743
2012-10-29 00:00:00,26.93816
2012-10-30 13:00:00,67.502815
2012-10-30 14:00:00,61.60108
2012-10-30 15:00:00,57.086517
2012-10-30 16:00:00,108.40802
2012-10-30 17:00:00,259.42316
2012-10-30 18:00:00,248.40834
2012-10-30 19:00:00,327.10388
2012-10-30 20:00:00,149.54453
2012-10-30 21:00:00,104.73548
2012-10-30 22:00:00,91.90173
2012-10-30 23:00:00,62.173267
2012-10-31 00:00:00,37.67618
2012-10-31 01:00:00,16.911152
2012-10-31 02:00:00,8.300673
2012-10-31 03:00:00,5.8478885
2012-10-31 04:00:00,5.0897985
2012-10-31 05:00:00,26.990353
2012-10-31 06:00:00,91.637115
2012-10-31 07:00:00,280.54968
2012-10-31 08:00:00,581.4547
2012-10-31 09:00:00,249.95485
2012-10-31 10:00:00,108.14231
2012-10-31 11:00:00,109.1599
2012-10-31 12:00:00,180.82397
2012-10-31 13:00:00,179.23033
2012-10-31 14:00:00,138.64377
2012-10-31 15:00:00,180.1954
2012-10-31 16:00:00,262.19458
2012-10-31 17:00:00,476.11188
2012-10-31 18:00:00,454.5813
2012-10-31 19:00:00,313.2026
2012-10-31 20:00:00,225.56363
2012-10-31 21:00:00,158.28712
2012-10-31 22:00:00,118.96946
2012-10-31 23:00:00,76.94803
2012-11-20 00:00:00,59.05463
2012-11-20 01:00:00,42.671017
2012-11-20 02:00:00,37.872524
2012-11-20 03:00:00,25.690018
2012-11-20 04:00:00,18.8991
2012-11-20 05:00:00,41.879425
2012-11-20 06:00:00,134.46768
2012-11-20 07:00:00,381.2448
2012-11-20 08:00:00,641.16
2012-11-20 09:00:00,320.87735
2012-11-20 10:00:00,161.89001
2012-11-20 11:00:00,197.55399
2012-11-20 12:00:00,236.02606
2012-11-20 13:00:00,232.69084
2012-11-20 14:00:00,211.22789
2012-11-20 15:00:00,250.16339
2012-11-20 16:00:00,318.59848
2012-11-20 17:00:00,523.2283
2012-11-20 18:00:00,490.29977
2012-11-20 19:00:00,369.6549
2012-11-20 20:00:00,253.12317
2012-11-20 21:00:00,200.77905
2012-11-20 22:00:00,155.73872
2012-11-20 23:00:00,102.74393
2012-11-21 00:00:00,62.58398
2012-11-21 01:00:00,46.83941
2012-11-21 02:00:00,41.684814
2012-11-21 03:00:00,29.345297
2012-11-21 04:00:00,19.653278
2012-11-21 05:00:00,40.4166
2012-11-21 06:00:00,134.04933
2012-11-21 07:00:00,383.16364
2012-11-21 08:00:00,645.9771
2012-11-21 09:00:00,325.2852
2012-11-21 10:00:00,178.78078
2012-11-21 11:00:00,188.41147
2012-11-21 12:00:00,244.2829
2012-11-21 13:00:00,237.14346
2012-11-21 14:00:00,231.29236
2012-11-21 15:00:00,262.84256
2012-11-21 16:00:00,330.13058
2012-11-21 17:00:00,549.97986
2012-11-21 18:00:00,518.5226
2012-11-21 19:00:00,369.50342
2012-11-21 20:00:00,257.53555
2012-11-21 21:00:00,205.20862
2012-11-21 22:00:00,155.2943
2012-11-21 23:00:00,117.50513
2012-11-22 00:00:00,100.74281
2012-11-22 01:00:00,78.77835
2012-11-22 02:00:00,64.118835
2012-11-22 03:00:00,39.565983
2012-11-22 04:00:00,31.238087
2012-11-22 05:00:00,39.475662
2012-11-22 06:00:00,67.92302
2012-11-22 07:00:00,175.01833
2012-11-22 08:00:00,372.50983
2012-11-22 09:00:00,288.11453
2012-11-22 10:00:00,297.68704
2012-11-22 11:00:00,354.5394
2012-11-22 12:00:00,415.05844
2012-11-22 13:00:00,424.9609
2012-11-22 14:00:00,410.74652
2012-11-22 15:00:00,407.64377
2012-11-22 16:00:00,401.92935
2012-11-22 17:00:00,441.75998
2012-11-22 18:00:00,349.0548
2012-11-22 19:00:00,299.54385
2012-11-22 20:00:00,250.0913
2012-11-22 21:00:00,209.22287
2012-11-22 22:00:00,177.87347
2012-11-22 23:00:00,141.48755
2012-11-23 00:00:00,74.02509
2012-11-23 01:00:00,58.346985
2012-11-23 02:00:00,43.62894
2012-11-23 03:00:00,30.01865
2012-11-23 04:00:00,20.625578
2012-11-23 05:00:00,38.88559
2012-11-23 06:00:00,124.85228
2012-11-23 07:00:00,341.66287
2012-11-23 08:00:00,586.7106
2012-11-23 09:00:00,318.02554
2012-11-23 10:00:00,199.04375
2012-11-23 11:00:00,222.15305
2012-11-23 12:00:00,287.81342
2012-11-23 13:00:00,302.795
2012-11-23 14:00:00,301.66937
2012-11-23 15:00:00,312.43082
2012-11-23 16:00:00,389.21796
2012-11-23 17:00:00,566.1874
2012-11-23 18:00:00,471.71527
2012-11-23 19:00:00,357.73117
2012-11-23 20:00:00,246.76376
2012-11-23 21:00:00,211.94572
2012-11-23 22:00:00,169.37856
2012-11-23 23:00:00,135.28003
2012-11-24 00:00:00,139.48135
2012-11-24 01:00:00,101.35909
2012-11-24 02:00:00,80.91108
2012-11-24 03:00:00,48.040085
2012-11-24 04:00:00,26.96164
2012-11-24 05:00:00,27.50696
2012-11-24 06:00:00,35.101433
2012-11-24 07:00:00,77.596245
2012-11-24 08:00:00,144.98996
2012-11-24 09:00:00,210.66238
2012-11-24 10:00:00,265.67133
2012-11-24 11:00:00,335.35324
2012-11-24 12:00:00,380.09125
2012-11-24 13:00:00,413.46497
2012-11-24 14:00:00,385.02216
2012-11-24 15:00:00,377.7831
2012-11-24 16:00:00,368.7469
2012-11-24 17:00:00,319.92477
2012-11-24 18:00:00,281.82162
2012-11-24 19:00:00,227.90543
2012-11-24 20:00:00,188.21255
2012-11-24 21:00:00,150.47664
2012-11-24 22:00:00,138.61145
2012-11-24 23:00:00,120.05219
2012-11-25 00:00:00,121.705414
2012-11-25 01:00:00,106.38434
2012-11-25 02:00:00,83.206245
2012-11-25 03:00:00,48.2071
2012-11-25 04:00:00,26.094566
2012-11-25 05:00:00,24.832064
2012-11-25 06:00:00,27.442595
2012-11-25 07:00:00,51.918613
2012-11-25 08:00:00,108.66718
2012-11-25 09:00:00,179.72374
2012-11-25 10:00:00,221.90149
2012-11-25 11:00:00,246.02307
2012-11-25 12:00:00,293.61545
2012-11-25 13:00:00,281.2287
2012-11-25 14:00:00,266.29718
2012-11-25 15:00:00,278.2987
2012-11-25 16:00:00,279.8268
2012-11-25 17:00:00,203.6224
2012-11-25 18:00:00,160.76624
2012-11-25 19:00:00,139.60342
2012-11-25 20:00:00,109.368965
2012-11-25 21:00:00,85.459435
2012-11-25 22:00:00,78.548744
2012-11-25 23:00:00,59.86427
2012-11-26 00:00:00,24.853006
2012-11-26 01:00:00,12.276871
2012-11-26 02:00:00,8.337648
2012-11-26 03:00:00,6.5977774
2012-11-26 04:00:00,6.842108
2012-11-26 05:00:00,25.767284
2012-11-26 06:00:00,82.39919
2012-11-26 07:00:00,286.90076
2012-11-26 08:00:00,530.5144
2012-11-26 09:00:00,225.46658
2012-11-26 10:00:00,119.027145
2012-11-26 11:00:00,124.04983
2012-11-26 12:00:00,184.70508
2012-11-26 13:00:00,176.05885
2012-11-26 14:00:00,144.0605
2012-11-26 15:00:00,179.45132
2012-11-26 16:00:00,250.36877
2012-11-26 17:00:00,457.84164
2012-11-26 18:00:00,378.9282
2012-11-26 19:00:00,279.95096
2012-11-26 20:00:00,176.82486
2012-11-26 21:00:00,127.16519
2012-11-26 22:00:00,88.298096
2012-11-26 23:00:00,62.624577
2012-11-27 00:00:00,33.01498
2012-11-27 01:00:00,15.525681
2012-11-27 02:00:00,9.459935
2012-11-27 03:00:00,5.955628
2012-11-27 04:00:00,6.1549234
2012-11-27 05:00:00,25.393318
2012-11-27 06:00:00,82.55643
2012-11-27 07:00:00,117.43117
2012-11-27 08:00:00,248.75732
2012-11-27 09:00:00,207.02487
2012-11-27 10:00:00,61.17588
2012-11-27 11:00:00,63.193363
2012-11-27 12:00:00,74.26292
2012-11-27 13:00:00,73.908806
2012-11-27 14:00:00,67.801056
2012-11-27 15:00:00,112.62949
2012-11-27 16:00:00,183.18604
2012-11-27 17:00:00,360.36536
2012-11-27 18:00:00,297.45068
2012-11-27 19:00:00,206.37312
2012-11-27 20:00:00,150.3031
2012-11-27 21:00:00,113.03839
2012-11-27 22:00:00,84.642494
2012-11-27 23:00:00,63.10012
2012-11-28 00:00:00,38.09595
2012-11-28 01:00:00,18.451841
2012-11-28 02:00:00,10.640752
2012-11-28 03:00:00,6.8840337
2012-11-28 04:00:00,7.417551
2012-11-28 05:00:00,30.144775
2012-11-28 06:00:00,89.35794
2012-11-28 07:00:00,283.50317
2012-11-28 08:00:00,537.8054
2012-11-28 09:00:00,231.26703
2012-11-28 10:00:00,115.959015
2012-11-28 11:00:00,119.87654
2012-11-28 12:00:00,158.19237
2012-11-28 13:00:00,150.545
2012-11-28 14:00:00,132.94725
2012-11-28 15:00:00,154.72972
2012-11-28 16:00:00,233.76366
2012-11-28 17:00:00,423.38605
2012-11-28 18:00:00,375.53024
2012-11-28 19:00:00,284.0566
2012-11-28 20:00:00,183.77034
2012-11-28 21:00:00,138.73982
2012-11-28 22:00:00,89.60515
2012-11-28 23:00:00,68.76592
2012-11-29 00:00:00,38.352936
2012-11-29 01:00:00,15.589145
2012-11-29 02:00:00,9.176867
2012-11-29 04:00:00,7.354284
2012-11-29 05:00:00,29.900667
2012-11-29 06:00:00,91.78563
2012-11-29 07:00:00,298.16122
2012-11-29 08:00:00,525.9785
2012-11-29 09:00:00,254.39981
2012-11-29 10:00:00,122.773224
2012-11-29 11:00:00,130.66266
2012-11-29 12:00:00,166.73506
2012-11-29 13:00:00,170.26683
2012-11-29 14:00:00,135.65831
2012-11-29 15:00:00,163.75467
2012-11-29 16:00:00,248.147
2012-11-29 17:00:00,415.97778
2012-11-29 18:00:00,374.38242
2012-11-29 19:00:00,276.08774
2012-11-29 20:00:00,177.3
2012-11-29 21:00:00,133.9523
2012-11-29 22:00:00,107.08003
2012-11-29 23:00:00,86.110565
2012-11-30 00:00:00,46.963654
2012-11-30 01:00:00,24.280457
2012-11-30 02:00:00,11.847116
2012-11-30 03:00:00,8.566936
2012-11-30 04:00:00,7.722886
2012-11-30 05:00:00,27.792953
2012-11-30 06:00:00,80.62956
2012-11-30 07:00:00,257.76706
2012-11-30 08:00:00,437.47052
2012-11-30 09:00:00,249.45276
2012-11-30 10:00:00,131.37407
2012-11-30 11:00:00,151.81433
2012-11-30 12:00:00,189.04346
2012-11-30 13:00:00,184.66904
2012-11-30 14:00:00,168.37312
2012-11-30 15:00:00,199.19637
2012-11-30 16:00:00,286.3953
2012-11-30 17:00:00,379.97293
2012-11-30 18:00:00,324.3741
2012-11-30 19:00:00,203.17795
2012-11-30 20:00:00,144.90814
2012-11-30 21:00:00,129.0016
2012-11-30 22:00:00,118.46744
2012-11-30 23:00:00,91.38202
2012-12-20 00:00:00,62.82379
2012-12-20 01:00:00,42.637978
2012-12-20 02:00:00,37.44194
2012-12-20 03:00:00,26.271942
2012-12-20 04:00:00,17.405567
2012-12-20 05:00:00,35.6596
2012-12-20 06:00:00,125.0809
2012-12-20 07:00:00,352.65952
2012-12-20 08:00:00,609.23926
2012-12-20 09:00:00,300.6516
2012-12-20 10:00:00,158.98248
2012-12-20 11:00:00,184.15253
2012-12-20 12:00:00,231.46294
2012-12-20 13:00:00,218.20306
2012-12-20 14:00:00,197.63564
2012-12-20 15:00:00,215.92839
2012-12-20 16:00:00,310.29694
2012-12-20 17:00:00,469.33414
2012-12-20 18:00:00,442.2126
2012-12-20 19:00:00,272.51447
2012-12-20 20:00:00,196.54109
2012-12-20 21:00:00,154.99904
2012-12-20 22:00:00,116.83508
2012-12-20 23:00:00,100.26741
2012-12-21 00:00:00,82.885475
2012-12-21 01:00:00,62.14792
2012-12-21 02:00:00,54.28405
2012-12-21 03:00:00,40.448986
2012-12-21 04:00:00,19.719057
2012-12-21 05:00:00,34.120037
2012-12-21 06:00:00,114.25618
2012-12-21 07:00:00,322.62613
2012-12-21 08:00:00,566.9092
2012-12-21 09:00:00,298.71368
2012-12-21 10:00:00,179.79018
2012-12-21 11:00:00,202.80237
2012-12-21 12:00:00,259.46548
2012-12-21 13:00:00,253.65549
2012-12-21 14:00:00,232.45619
2012-12-21 15:00:00,243.73695
2012-12-21 16:00:00,341.85623
2012-12-21 17:00:00,460.926
2012-12-21 18:00:00,400.9481
2012-12-21 19:00:00,267.3431
2012-12-21 20:00:00,200.50395
2012-12-21 21:00:00,154.79088
2012-12-21 22:00:00,132.21321
2012-12-21 23:00:00,113.81357
2012-12-22 00:00:00,109.163155
2012-12-22 01:00:00,95.07088
2012-12-22 02:00:00,73.89105
2012-12-22 03:00:00,41.453007
2012-12-22 04:00:00,20.978117
2012-12-22 05:00:00,21.086632
2012-12-22 06:00:00,28.206589
2012-12-22 07:00:00,69.62268
2012-12-22 08:00:00,138.33746
2012-12-22 09:00:00,201.28796
2012-12-22 10:00:00,255.46236
2012-12-22 11:00:00,331.28534
2012-12-22 12:00:00,372.90662
2012-12-22 13:00:00,373.16956
2012-12-22 14:00:00,367.84613
2012-12-22 15:00:00,359.69165
2012-12-22 16:00:00,344.1844
2012-12-22 17:00:00,285.5362
2012-12-22 18:00:00,232.55931
2012-12-22 19:00:00,201.89276
2012-12-22 20:00:00,159.5682
2012-12-22 21:00:00,139.50703
2012-12-22 22:00:00,129.19128
2012-12-22 23:00:00,106.33688
2012-12-23 00:00:00,114.14967
2012-12-23 01:00:00,100.14945
2012-12-23 02:00:00,75.34545
2012-12-23 03:00:00,44.964825
2012-12-23 04:00:00,22.037273
2012-12-23 05:00:00,20.234184
2012-12-23 06:00:00,23.89875
2012-12-23 07:00:00,48.96938
2012-12-23 08:00:00,106.76398
2012-12-23 09:00:00,180.99918
2012-12-23 10:00:00,239.90004
2012-12-23 11:00:00,300.68964
2012-12-23 12:00:00,360.82516
2012-12-23 13:00:00,383.165
2012-12-23 14:00:00,381.5054
2012-12-23 15:00:00,380.55518
2012-12-23 16:00:00,371.23672
2012-12-23 17:00:00,261.57935
2012-12-23 18:00:00,217.911
2012-12-23 19:00:00,186.079
2012-12-23 20:00:00,141.7345
2012-12-23 21:00:00,120.049324
2012-12-23 22:00:00,100.76518
2012-12-23 23:00:00,89.20877
2012-12-24 00:00:00,62.640125
2012-12-24 01:00:00,45.10195
2012-12-24 02:00:00,41.302673
2012-12-24 03:00:00,28.759579
2012-12-24 05:00:00,35.827972
2012-12-24 06:00:00,112.02414
2012-12-24 07:00:00,330.25354
2012-12-24 08:00:00,579.8334
2012-12-24 09:00:00,269.8862
2012-12-24 10:00:00,145.53374
2012-12-24 11:00:00,162.74362
2012-12-24 12:00:00,212.39803
2012-12-24 13:00:00,148.7621
2012-12-24 14:00:00,125.01488
2012-12-24 15:00:00,141.75476
2012-12-24 16:00:00,211.26062
2012-12-24 17:00:00,336.63528
2012-12-24 18:00:00,324.19315
2012-12-24 19:00:00,253.46646
2012-12-24 20:00:00,186.93896
2012-12-24 21:00:00,148.2254
2012-12-24 22:00:00,110.49521
2012-12-24 23:00:00,86.54172
2012-12-25 00:00:00,90.652084
2012-12-25 01:00:00,79.891754
2012-12-25 02:00:00,66.785355
2012-12-25 04:00:00,29.607811
2012-12-25 05:00:00,36.424305
2012-12-25 06:00:00,54.948902
2012-12-25 07:00:00,181.20038
2012-12-25 08:00:00,355.60828
2012-12-25 09:00:00,254.28609
2012-12-25 10:00:00,263.8651
2012-12-25 11:00:00,281.8235
2012-12-25 12:00:00,334.92664
2012-12-25 13:00:00,340.25247
2012-12-25 14:00:00,325.2559
2012-12-25 15:00:00,309.09995
2012-12-25 16:00:00,319.2817
2012-12-25 17:00:00,338.6435
2012-12-25 18:00:00,330.85608
2012-12-25 19:00:00,264.7033
2012-12-25 20:00:00,210.6809
2012-12-25 21:00:00,155.83575
2012-12-25 22:00:00,127.42729
2012-12-25 23:00:00,93.23261
2012-12-26 00:00:00,79.3205
2012-12-26 01:00:00,56.38988
2012-12-26 02:00:00,46.305973
2012-12-26 03:00:00,30.875528
2012-12-26 04:00:00,20.993336
2012-12-26 05:00:00,40.864838
2012-12-26 06:00:00,119.25079
2012-12-26 07:00:00,186.80693
2012-12-26 08:00:00,348.7038
2012-12-26 09:00:00,176.46904
2012-12-26 10:00:00,107.83601
2012-12-26 11:00:00,118.30284
2012-12-26 12:00:00,149.69565
2012-12-26 13:00:00,145.11583
2012-12-26 14:00:00,130.27762
2012-12-26 15:00:00,142.10765
2012-12-26 16:00:00,209.83736
2012-12-26 17:00:00,307.52667
2012-12-26 18:00:00,285.92664
2012-12-26 19:00:00,230.21893
2012-12-26 20:00:00,160.00208
2012-12-26 21:00:00,156.0055
2012-12-26 22:00:00,104.92069
2012-12-26 23:00:00,83.65483
2012-12-27 00:00:00,71.27967
2012-12-27 01:00:00,52.488575
2012-12-27 02:00:00,44.27909
2012-12-27 03:00:00,29.906103
2012-12-27 04:00:00,22.222727
2012-12-27 05:00:00,36.65519
2012-12-27 06:00:00,120.45168
2012-12-27 07:00:00,345.61002
2012-12-27 08:00:00,623.9904
2012-12-27 09:00:00,310.59982
2012-12-27 10:00:00,169.7911
2012-12-27 11:00:00,174.16846
2012-12-27 12:00:00,212.60403
2012-12-27 13:00:00,206.50497
2012-12-27 14:00:00,194.2578
2012-12-27 15:00:00,201.27559
2012-12-27 16:00:00,286.63025
2012-12-27 17:00:00,458.61093
2012-12-27 18:00:00,452.00217
2012-12-27 19:00:00,307.42578
2012-12-27 20:00:00,223.14256
2012-12-27 21:00:00,171.69308
2012-12-27 22:00:00,133.4253
2012-12-27 23:00:00,106.1913
2012-12-28 00:00:00,74.50393
2012-12-28 01:00:00,54.904903
2012-12-28 02:00:00,43.991005
2012-12-28 03:00:00,29.801897
2012-12-28 04:00:00,20.169588
2012-12-28 05:00:00,36.427116
2012-12-28 06:00:00,115.73603
2012-12-28 07:00:00,309.39975
2012-12-28 08:00:00,556.3124
2012-12-28 09:00:00,303.03955
2012-12-28 10:00:00,183.08615
2012-12-28 11:00:00,201.8476
2012-12-28 12:00:00,246.98401
2012-12-28 13:00:00,235.36835
2012-12-28 14:00:00,215.98595
2012-12-28 15:00:00,235.01895
2012-12-28 16:00:00,316.7273
2012-12-28 17:00:00,460.87622
2012-12-28 18:00:00,372.00638
2012-12-28 19:00:00,278.2161
2012-12-28 20:00:00,198.88026
2012-12-28 21:00:00,150.93497
2012-12-28 22:00:00,133.88913
2012-12-28 23:00:00,120.34101
2012-12-29 00:00:00,116.04932
2012-12-29 01:00:00,102.305565
2012-12-29 02:00:00,78.64041
2012-12-29 03:00:00,45.437424
2012-12-29 04:00:00,22.360111
2012-12-29 05:00:00,21.753462
2012-12-29 06:00:00,26.065317
2012-12-29 07:00:00,57.891705
2012-12-29 08:00:00,139.02704
2012-12-29 09:00:00,199.43112
2012-12-29 10:00:00,201.41512
2012-12-29 11:00:00,230.31335
2012-12-29 12:00:00,249.9852
2012-12-29 13:00:00,240.8648
2012-12-29 14:00:00,297.33948
2012-12-29 15:00:00,301.65317
2012-12-29 16:00:00,328.9247
2012-12-29 17:00:00,236.4352
2012-12-29 18:00:00,222.67891
2012-12-29 19:00:00,203.6665
2012-12-29 20:00:00,167.86937
2012-12-29 21:00:00,140.34006
2012-12-29 22:00:00,127.16443
2012-12-29 23:00:00,121.39197
2012-12-30 00:00:00,118.50218
2012-12-30 01:00:00,100.76198
2012-12-30 02:00:00,83.487625
2012-12-30 03:00:00,46.35237
2012-12-30 04:00:00,23.123934
2012-12-30 05:00:00,21.254335
2012-12-30 06:00:00,24.141079
2012-12-30 07:00:00,50.474693
2012-12-30 08:00:00,106.46972
2012-12-30 09:00:00,173.05042
2012-12-30 10:00:00,235.06912
2012-12-30 11:00:00,308.41272
2012-12-30 12:00:00,365.36328
2012-12-30 13:00:00,362.56873
2012-12-30 14:00:00,348.7399
2012-12-30 15:00:00,355.17612
2012-12-30 16:00:00,347.46286
2012-12-30 17:00:00,272.35434
2012-12-30 18:00:00,222.2876
2012-12-30 19:00:00,199.77605
2012-12-30 20:00:00,133.40361
2012-12-30 21:00:00,103.64742
2012-12-30 22:00:00,86.07506
2012-12-30 23:00:00,71.24023
2012-12-31 00:00:00,63.791965
2012-12-31 01:00:00,46.011284
2012-12-31 02:00:00,41.559204
2012-12-31 03:00:00,29.088293
2012-12-31 04:00:00,19.7182
2012-12-31 05:00:00,35.740215
2012-12-31 06:00:00,112.16639
2012-12-31 07:00:00,327.96323
2012-12-31 08:00:00,554.32
2012-12-31 09:00:00,266.26093
2012-12-31 10:00:00,138.88922
2012-12-31 11:00:00,162.80515
2012-12-31 12:00:00,210.02823
2012-12-31 13:00:00,205.67725
2012-12-31 14:00:00,193.77376
2012-12-31 15:00:00,200.39435
2012-12-31 16:00:00,275.07834
2012-12-31 17:00:00,463.50677
2012-12-31 18:00:00,454.20502
2012-12-31 19:00:00,303.26
2012-12-31 20:00:00,208.91837
2012-12-31 21:00:00,154.56943
2012-12-31 22:00:00,108.63634
2012-12-31 23:00:00,76.85129
