datetime,count
2011-01-20 00:00:00,14.809538
2011-01-20 01:00:00,0.0
2011-01-20 02:00:00,0.0
2011-01-20 03:00:00,1.3489238
2011-01-20 04:00:00,1.3442796
2011-01-20 05:00:00,7.2733474
2011-01-20 06:00:00,30.915007
2011-01-20 07:00:00,74.478516
2011-01-20 08:00:00,195.5309
2011-01-20 09:00:00,114.62537
2011-01-20 10:00:00,47.906414
2011-01-20 11:00:00,56.358047
2011-01-20 12:00:00,69.42536
2011-01-20 13:00:00,68.06144
2011-01-20 14:00:00,64.96105
2011-01-20 15:00:00,72.249466
2011-01-20 16:00:00,84.16699
2011-01-20 17:00:00,171.55434
2011-01-20 18:00:00,165.90538
2011-01-20 19:00:00,110.44717
2011-01-20 20:00:00,67.31173
2011-01-20 21:00:00,53.372963
2011-01-20 22:00:00,37.73682
2011-01-20 23:00:00,23.541037
2011-01-21 00:00:00,14.298668
2011-01-21 01:00:00,1.6252577
2011-01-21 02:00:00,0.58274686
2011-01-21 03:00:00,0.0
2011-01-21 04:00:00,0.69555545
2011-01-21 05:00:00,5.198865
2011-01-21 06:00:00,29.754034
2011-01-21 07:00:00,68.65947
2011-01-21 08:00:00,178.88242
2011-01-21 09:00:00,109.65573
2011-01-21 10:00:00,44.724632
2011-01-21 11:00:00,55.809914
2011-01-21 12:00:00,66.96379
2011-01-21 13:00:00,60.29625
2011-01-21 14:00:00,55.51566
2011-01-21 15:00:00,63.02678
2011-01-21 16:00:00,75.72676
2011-01-21 17:00:00,150.16074
2011-01-21 18:00:00,126.286644
2011-01-21 19:00:00,78.56276
2011-01-21 20:00:00,47.174698
2011-01-21 21:00:00,36.018993
2011-01-21 22:00:00,32.809566
2011-01-21 23:00:00,27.203411
2011-01-22 00:00:00,25.917517
2011-01-22 01:00:00,24.553946
2011-01-22 02:00:00,16.577192
2011-01-22 03:00:00,4.1291337
2011-01-22 04:00:00,0.0
2011-01-22 06:00:00,0.0
2011-01-22 07:00:00,6.125777
2011-01-22 08:00:00,15.73459
2011-01-22 09:00:00,29.085726
2011-01-22 10:00:00,60.018997
2011-01-22 11:00:00,71.12235
2011-01-22 12:00:00,91.20224
2011-01-22 13:00:00,90.83141
2011-01-22 14:00:00,88.831635
2011-01-22 15:00:00,91.47283
2011-01-22 16:00:00,90.206825
2011-01-22 17:00:00,82.01738
2011-01-22 18:00:00,61.32773
2011-01-22 19:00:00,53.838047
2011-01-22 20:00:00,45.638073
2011-01-22 21:00:00,35.467606
2011-01-22 22:00:00,37.075714
2011-01-22 23:00:00,29.206755
2011-01-23 00:00:00,28.2122
2011-01-23 01:00:00,24.776608
2011-01-23 02:00:00,17.348494
2011-01-23 03:00:00,5.8307385
2011-01-23 05:00:00,0.0
2011-01-23 06:00:00,0.0
2011-01-23 07:00:00,4.2136407
2011-01-23 08:00:00,12.352652
2011-01-23 09:00:00,21.22478
2011-01-23 10:00:00,64.36053
2011-01-23 11:00:00,71.97474
2011-01-23 12:00:00,88.037315
2011-01-23 13:00:00,87.82533
2011-01-23 14:00:00,81.856255
2011-01-23 15:00:00,86.81523
2011-01-23 16:00:00,77.27284
2011-01-23 17:00:00,69.506004
2011-01-23 18:00:00,58.852055
2011-01-23 19:00:00,48.735447
2011-01-23 20:00:00,35.547
2011-01-23 21:00:00,26.13108
2011-01-23 22:00:00,17.83624
2011-01-23 23:00:00,12.683921
2011-01-24 00:00:00,11.420506
2011-01-24 01:00:00,1.0504341
2011-01-24 03:00:00,0.0
2011-01-24 04:00:00,0.042939544
2011-01-24 05:00:00,4.5042744
2011-01-24 06:00:00,26.490149
2011-01-24 07:00:00,64.113
2011-01-24 08:00:00,168.12317
2011-01-24 09:00:00,96.934555
2011-01-24 10:00:00,36.35414
2011-01-24 11:00:00,41.127705
2011-01-24 12:00:00,55.191162
2011-01-24 13:00:00,55.108044
2011-01-24 14:00:00,46.70459
2011-01-24 15:00:00,60.31028
2011-01-24 16:00:00,68.031715
2011-01-24 17:00:00,142.70021
2011-01-24 18:00:00,141.96039
2011-01-24 19:00:00,99.660576
2011-01-24 20:00:00,57.827244
2011-01-24 21:00:00,40.85516
2011-01-24 22:00:00,24.295599
2011-01-24 23:00:00,13.578205
2011-01-25 00:00:00,9.565148
2011-01-25 01:00:00,0.0
2011-01-25 02:00:00,0.0
2011-01-25 04:00:00,0.0
2011-01-25 05:00:00,5.692704
2011-01-25 06:00:00,25.949322
2011-01-25 07:00:00,69.877716
2011-01-25 08:00:00,176.22696
2011-01-25 09:00:00,106.41826
2011-01-25 10:00:00,44.92449
2011-01-25 11:00:00,50.114258
2011-01-25 12:00:00,65.98959
2011-01-25 13:00:00,63.055023
2011-01-25 14:00:00,60.186783
2011-01-25 15:00:00,66.57332
2011-01-25 16:00:00,81.545685
2011-01-25 17:00:00,185.15
2011-01-25 18:00:00,174.54976
2011-01-25 19:00:00,109.82425
2011-01-25 20:00:00,65.916794
2011-01-25 21:00:00,53.197098
2011-01-25 22:00:00,35.705563
2011-01-25 23:00:00,17.678434
2011-01-26 00:00:00,9.6061325
2011-01-26 01:00:00,3.5968602
2011-01-26 02:00:00,0.0
2011-01-26 05:00:00,0.0
2011-01-26 06:00:00,16.047977
2011-01-26 07:00:00,37.474876
2011-01-26 08:00:00,134.41202
2011-01-26 09:00:00,64.4745
2011-01-26 10:00:00,17.449184
2011-01-26 11:00:00,18.415491
2011-01-26 12:00:00,19.024553
2011-01-26 13:00:00,20.832632
2011-01-26 14:00:00,17.087713
2011-01-26 15:00:00,23.394547
2011-01-26 16:00:00,55.171234
2011-01-26 17:00:00,95.04771
2011-01-27 16:00:00,74.40862
2011-01-27 17:00:00,151.62167
2011-01-27 18:00:00,146.75081
2011-01-27 19:00:00,100.43388
2011-01-27 20:00:00,66.53118
2011-01-27 21:00:00,52.047432
2011-01-27 22:00:00,39.8849
2011-01-27 23:00:00,27.336603
2011-01-28 00:00:00,13.176911
2011-01-28 01:00:00,2.278386
2011-01-28 02:00:00,0.0
2011-01-28 03:00:00,0.0
2011-01-28 05:00:00,4.105826
2011-01-28 06:00:00,27.994286
2011-01-28 07:00:00,68.16087
2011-01-28 08:00:00,187.13263
2011-01-28 09:00:00,82.95621
2011-01-28 10:00:00,26.199633
2011-01-28 11:00:00,34.393692
2011-01-28 12:00:00,30.46353
2011-01-28 13:00:00,30.783127
2011-01-28 14:00:00,31.682878
2011-01-28 15:00:00,63.288536
2011-01-28 16:00:00,80.69725
2011-01-28 17:00:00,173.10103
2011-01-28 18:00:00,147.65714
2011-01-28 19:00:00,95.998856
2011-01-28 20:00:00,59.1425
2011-01-28 21:00:00,43.24517
2011-01-28 22:00:00,42.736954
2011-01-28 23:00:00,38.148617
2011-01-29 00:00:00,26.152264
2011-01-29 01:00:00,22.954327
2011-01-29 02:00:00,16.685223
2011-01-29 03:00:00,4.9488974
2011-01-29 04:00:00,0.0
2011-01-29 06:00:00,0.5435505
2011-01-29 07:00:00,9.747725
2011-01-29 08:00:00,24.107422
2011-01-29 09:00:00,36.805
2011-01-29 10:00:00,66.056755
2011-01-29 11:00:00,73.65038
2011-01-29 12:00:00,92.23338
2011-01-29 13:00:00,96.43654
2011-01-29 14:00:00,89.10697
2011-01-29 15:00:00,93.681625
2011-01-29 16:00:00,104.93595
2011-01-29 17:00:00,91.22783
2011-01-29 18:00:00,71.45459
2011-01-29 19:00:00,59.501545
2011-01-29 20:00:00,54.835358
2011-01-29 21:00:00,42.305428
2011-01-29 22:00:00,36.961838
2011-01-29 23:00:00,33.62096
2011-01-30 00:00:00,30.995424
2011-01-30 01:00:00,32.390556
2011-01-30 02:00:00,21.774351
2011-01-30 03:00:00,7.9503326
2011-01-30 04:00:00,0.54145974
2011-01-30 05:00:00,0.0
2011-01-30 07:00:00,6.0651703
2011-01-30 08:00:00,20.615627
2011-01-30 09:00:00,29.990965
2011-01-30 10:00:00,73.91061
2011-01-30 11:00:00,81.725555
2011-01-30 12:00:00,120.83785
2011-01-30 13:00:00,109.09726
2011-01-30 14:00:00,101.233116
2011-01-30 15:00:00,112.39262
2011-01-30 16:00:00,110.789734
2011-01-30 17:00:00,95.46265
2011-01-30 18:00:00,72.595215
2011-01-30 19:00:00,60.235233
2011-01-30 20:00:00,44.791245
2011-01-30 21:00:00,30.191395
2011-01-30 22:00:00,23.196276
2011-01-30 23:00:00,12.67247
2011-01-31 00:00:00,10.653567
2011-01-31 01:00:00,0.17361644
2011-01-31 02:00:00,0.0
2011-01-31 03:00:00,0.0
2011-01-31 04:00:00,0.0
2011-01-31 05:00:00,2.5494025
2011-01-31 06:00:00,25.450527
2011-01-31 07:00:00,66.31479
2011-01-31 08:00:00,168.31201
2011-01-31 09:00:00,96.30498
2011-01-31 10:00:00,43.928696
2011-01-31 11:00:00,46.908016
2011-01-31 12:00:00,56.797504
2011-01-31 13:00:00,56.19104
2011-01-31 14:00:00,49.94061
2011-01-31 15:00:00,54.992638
2011-01-31 16:00:00,67.0012
2011-01-31 17:00:00,148.4054
2011-01-31 18:00:00,144.30603
2011-01-31 19:00:00,114.90979
2011-01-31 20:00:00,45.36523
2011-01-31 21:00:00,41.055874
2011-01-31 22:00:00,32.75405
2011-01-31 23:00:00,16.52788
2011-02-20 00:00:00,31.712753
2011-02-20 01:00:00,28.739737
2011-02-20 02:00:00,22.720652
2011-02-20 03:00:00,6.8233147
2011-02-20 04:00:00,0.0
2011-02-20 06:00:00,0.0
2011-02-20 07:00:00,14.163942
2011-02-20 08:00:00,24.208702
2011-02-20 09:00:00,35.588238
2011-02-20 10:00:00,105.8331
2011-02-20 11:00:00,117.59698
2011-02-20 12:00:00,150.38814
2011-02-20 13:00:00,147.511
2011-02-20 14:00:00,148.40216
2011-02-20 15:00:00,158.3062
2011-02-20 16:00:00,153.92833
2011-02-20 17:00:00,129.02301
2011-02-20 18:00:00,98.99423
2011-02-20 19:00:00,80.953285
2011-02-20 20:00:00,57.277508
2011-02-20 21:00:00,40.85722
2011-02-20 22:00:00,36.506676
2011-02-20 23:00:00,17.351252
2011-02-21 00:00:00,28.740047
2011-02-21 01:00:00,18.600224
2011-02-21 02:00:00,11.55059
2011-02-21 03:00:00,7.0966883
2011-02-21 04:00:00,2.761375
2011-02-21 05:00:00,0.0
2011-02-21 06:00:00,22.053019
2011-02-21 07:00:00,76.40781
2011-02-21 08:00:00,134.69875
2011-02-21 09:00:00,88.41534
2011-02-21 10:00:00,83.697624
2011-02-21 11:00:00,95.79661
2011-02-21 12:00:00,112.454636
2011-02-21 13:00:00,57.236156
2011-02-21 14:00:00,111.39346
2011-02-21 15:00:00,105.211784
2011-02-21 16:00:00,68.05446
2011-02-21 17:00:00,135.86227
2011-02-21 18:00:00,103.265854
2011-02-21 19:00:00,82.22415
2011-02-21 20:00:00,29.85368
2011-02-21 21:00:00,27.952879
2011-02-21 22:00:00,22.961874
2011-02-21 23:00:00,12.112275
2011-02-22 06:00:00,26.630766
2011-02-22 07:00:00,85.61184
2011-02-22 08:00:00,206.84784
2011-02-22 09:00:00,125.07809
2011-02-22 10:00:00,53.27133
2011-02-22 11:00:00,58.67298
2011-02-22 12:00:00,75.31385
2011-02-22 13:00:00,74.01997
2011-02-22 14:00:00,68.623405
2011-02-22 15:00:00,81.49019
2011-02-22 16:00:00,87.20352
2011-02-22 17:00:00,174.30801
2011-02-22 18:00:00,173.42923
2011-02-22 19:00:00,110.733826
2011-02-22 20:00:00,76.71098
2011-02-22 21:00:00,55.916664
2011-02-22 22:00:00,36.559265
2011-02-22 23:00:00,22.25508
2011-02-23 00:00:00,10.344637
2011-02-23 01:00:00,3.003957
2011-02-23 02:00:00,0.0
2011-02-23 03:00:00,0.0
2011-02-23 05:00:00,5.505132
2011-02-23 06:00:00,30.774517
2011-02-23 07:00:00,93.62006
2011-02-23 08:00:00,218.52228
2011-02-23 09:00:00,132.16597
2011-02-23 10:00:00,49.44574
2011-02-23 11:00:00,67.05464
2011-02-23 12:00:00,88.685844
2011-02-23 13:00:00,88.647964
2011-02-23 14:00:00,79.809235
2011-02-23 15:00:00,90.926384
2011-02-23 16:00:00,94.53785
2011-02-23 17:00:00,226.55295
2011-02-23 18:00:00,210.27757
2011-02-23 19:00:00,131.62683
2011-02-23 20:00:00,88.978065
2011-02-23 21:00:00,63.12936
2011-02-23 22:00:00,43.92452
2011-02-23 23:00:00,25.310516
2011-02-24 00:00:00,11.406744
2011-02-24 01:00:00,3.8030457
2011-02-24 02:00:00,0.0
2011-02-24 03:00:00,0.0
2011-02-24 05:00:00,5.378084
2011-02-24 06:00:00,30.001833
2011-02-24 07:00:00,94.35372
2011-02-24 08:00:00,240.97783
2011-02-24 09:00:00,131.82312
2011-02-24 10:00:00,62.16686
2011-02-24 11:00:00,71.828804
2011-02-24 12:00:00,91.19516
2011-02-24 13:00:00,91.580635
2011-02-24 14:00:00,81.521576
2011-02-24 15:00:00,50.238796
2011-02-24 16:00:00,56.408684
2011-02-24 17:00:00,154.31628
2011-02-24 18:00:00,158.68286
2011-02-24 19:00:00,59.172512
2011-02-24 20:00:00,70.073746
2011-02-24 21:00:00,55.211014
2011-02-24 22:00:00,19.833073
2011-02-24 23:00:00,25.674576
2011-02-25 00:00:00,12.3854885
2011-02-25 01:00:00,2.5727108
2011-02-25 02:00:00,0.811219
2011-02-25 03:00:00,1.768693
2011-02-25 05:00:00,8.2334175
2011-02-25 06:00:00,33.689014
2011-02-25 07:00:00,55.62212
2011-02-25 08:00:00,158.37874
2011-02-25 09:00:00,68.58504
2011-02-25 10:00:00,20.114462
2011-02-25 11:00:00,125.00163
2011-02-25 12:00:00,136.4242
2011-02-25 13:00:00,134.5908
2011-02-25 14:00:00,147.20074
2011-02-25 15:00:00,148.42595
2011-02-25 16:00:00,106.631355
2011-02-25 17:00:00,202.42618
2011-02-25 18:00:00,162.14581
2011-02-25 19:00:00,107.60184
2011-02-25 20:00:00,66.36732
2011-02-25 21:00:00,51.11328
2011-02-25 22:00:00,43.91708
2011-02-25 23:00:00,33.586555
2011-02-26 00:00:00,27.085947
2011-02-26 01:00:00,20.720964
2011-02-26 02:00:00,17.585735
2011-02-26 03:00:00,5.3192735
2011-02-26 04:00:00,0.3644118
2011-02-26 05:00:00,0.0
2011-02-26 06:00:00,0.0
2011-02-26 07:00:00,22.274555
2011-02-26 08:00:00,35.17398
2011-02-26 09:00:00,59.661007
2011-02-26 10:00:00,104.95955
2011-02-26 11:00:00,112.691765
2011-02-26 12:00:00,145.08214
2011-02-26 13:00:00,145.46956
2011-02-26 14:00:00,139.38525
2011-02-26 15:00:00,149.43211
2011-02-26 16:00:00,147.80342
2011-02-26 17:00:00,132.6804
2011-02-26 18:00:00,107.96556
2011-02-26 19:00:00,79.7329
2011-02-26 20:00:00,75.198906
2011-02-26 21:00:00,50.98871
2011-02-26 22:00:00,49.36771
2011-02-26 23:00:00,35.323925
2011-02-27 00:00:00,35.704926
2011-02-27 01:00:00,35.82701
2011-02-27 02:00:00,25.967506
2011-02-27 03:00:00,11.493736
2011-02-27 04:00:00,4.6425977
2011-02-27 06:00:00,0.2607953
2011-02-27 07:00:00,19.448097
2011-02-27 08:00:00,36.555946
2011-02-27 09:00:00,53.47769
2011-02-27 10:00:00,99.891106
2011-02-27 11:00:00,129.43044
2011-02-27 12:00:00,165.26595
2011-02-27 13:00:00,158.66588
2011-02-27 14:00:00,183.53546
2011-02-27 15:00:00,223.75465
2011-02-27 16:00:00,241.5672
2011-02-27 17:00:00,144.44876
2011-02-27 18:00:00,106.112206
2011-02-27 19:00:00,85.45672
2011-02-27 20:00:00,69.0905
2011-02-27 21:00:00,50.355167
2011-02-27 22:00:00,36.883797
2011-02-27 23:00:00,23.72664
2011-02-28 00:00:00,16.394201
2011-02-28 01:00:00,3.8307486
2011-02-28 03:00:00,1.1869918
2011-02-28 05:00:00,5.948213
2011-02-28 06:00:00,36.811264
2011-02-28 07:00:00,99.927765
2011-02-28 08:00:00,204.0494
2011-02-28 09:00:00,127.49257
2011-02-28 10:00:00,85.69898
2011-02-28 11:00:00,106.38394
2011-02-28 12:00:00,123.94477
2011-02-28 13:00:00,74.796974
2011-02-28 14:00:00,37.390457
2011-02-28 15:00:00,42.20834
2011-02-28 16:00:00,61.144936
2011-02-28 17:00:00,109.2577
2011-02-28 18:00:00,133.60521
2011-02-28 19:00:00,59.09055
2011-02-28 20:00:00,29.774546
2011-02-28 21:00:00,48.49913
2011-02-28 22:00:00,13.532633
2011-02-28 23:00:00,10.976254
2011-03-20 00:00:00,34.63784
2011-03-20 01:00:00,29.950415
2011-03-20 02:00:00,20.362497
2011-03-20 03:00:00,11.015233
2011-03-20 04:00:00,1.4009976
2011-03-20 05:00:00,0.0
2011-03-20 06:00:00,0.56711435
2011-03-20 07:00:00,21.284939
2011-03-20 08:00:00,43.693024
2011-03-20 09:00:00,81.505905
2011-03-20 10:00:00,136.34096
2011-03-20 11:00:00,162.00455
2011-03-20 12:00:00,209.6151
2011-03-20 13:00:00,208.7317
2011-03-20 14:00:00,205.13754
2011-03-20 15:00:00,225.9421
2011-03-20 16:00:00,207.66064
2011-03-20 17:00:00,182.19228
2011-03-20 18:00:00,151.12022
2011-03-20 19:00:00,111.00676
2011-03-20 20:00:00,75.48028
2011-03-20 21:00:00,55.29562
2011-03-20 22:00:00,43.63951
2011-03-20 23:00:00,23.600565
2011-03-21 00:00:00,17.563839
2011-03-21 01:00:00,0.7462013
2011-03-21 02:00:00,0.7704319
2011-03-21 03:00:00,0.0
2011-03-21 05:00:00,8.049742
2011-03-21 06:00:00,25.28816
2011-03-21 07:00:00,63.632515
2011-03-21 08:00:00,235.1482
2011-03-21 09:00:00,126.58763
2011-03-21 10:00:00,67.53345
2011-03-21 11:00:00,77.72687
2011-03-21 12:00:00,100.30561
2011-03-21 13:00:00,123.231834
2011-03-21 14:00:00,114.16805
2011-03-21 15:00:00,139.01761
2011-03-21 16:00:00,163.70468
2011-03-21 17:00:00,323.97296
2011-03-21 18:00:00,328.97128
2011-03-21 19:00:00,254.41722
2011-03-21 20:00:00,161.01686
2011-03-21 21:00:00,79.836105
2011-03-21 22:00:00,66.18224
2011-03-21 23:00:00,43.079758
2011-03-22 00:00:00,28.087318
2011-03-22 01:00:00,7.234315
2011-03-22 02:00:00,2.4986115
2011-03-22 03:00:00,2.0717678
2011-03-22 04:00:00,1.8318665
2011-03-22 05:00:00,11.66303
2011-03-22 06:00:00,47.741756
2011-03-22 07:00:00,137.70178
2011-03-22 08:00:00,274.28027
2011-03-22 09:00:00,148.6637
2011-03-22 10:00:00,85.35371
2011-03-22 11:00:00,90.514496
2011-03-22 12:00:00,125.06351
2011-03-22 13:00:00,126.24569
2011-03-22 14:00:00,113.67811
2011-03-22 15:00:00,126.90601
2011-03-22 16:00:00,174.94089
2011-03-22 17:00:00,328.4827
2011-03-22 18:00:00,320.15918
2011-03-22 19:00:00,185.1208
2011-03-22 20:00:00,126.92688
2011-03-22 21:00:00,88.33065
2011-03-22 22:00:00,63.751106
2011-03-22 23:00:00,37.51699
2011-03-23 00:00:00,15.953847
2011-03-23 01:00:00,5.916144
2011-03-23 02:00:00,3.1636834
2011-03-23 03:00:00,0.8601259
2011-03-23 05:00:00,7.6594048
2011-03-23 06:00:00,32.56012
2011-03-23 07:00:00,111.24078
2011-03-23 08:00:00,266.7456
2011-03-23 09:00:00,141.42526
2011-03-23 10:00:00,56.810425
2011-03-23 11:00:00,72.54578
2011-03-23 12:00:00,74.292336
2011-03-23 13:00:00,69.81315
2011-03-23 14:00:00,79.35913
2011-03-23 15:00:00,90.85611
2011-03-23 16:00:00,130.94673
2011-03-23 17:00:00,269.37238
2011-03-23 18:00:00,164.3435
2011-03-23 19:00:00,114.53842
2011-03-23 20:00:00,44.361034
2011-03-23 21:00:00,34.85465
2011-03-23 22:00:00,43.326454
2011-03-23 23:00:00,18.620697
2011-03-24 00:00:00,10.345287
2011-03-24 01:00:00,3.921727
2011-03-24 02:00:00,2.1826234
2011-03-24 03:00:00,1.3598135
2011-03-24 04:00:00,1.2209394
2011-03-24 05:00:00,8.756813
2011-03-24 06:00:00,36.123158
2011-03-24 07:00:00,70.98826
2011-03-24 08:00:00,146.7775
2011-03-24 09:00:00,136.30255
2011-03-24 10:00:00,56.520008
2011-03-24 11:00:00,68.82034
2011-03-24 12:00:00,91.24029
2011-03-24 13:00:00,94.397316
2011-03-24 14:00:00,89.71335
2011-03-24 15:00:00,92.08059
2011-03-24 16:00:00,120.02
2011-03-24 17:00:00,241.34302
2011-03-24 18:00:00,218.76608
2011-03-24 19:00:00,148.68193
2011-03-24 20:00:00,103.23172
2011-03-24 21:00:00,83.61513
2011-03-24 22:00:00,60.21323
2011-03-24 23:00:00,33.86358
2011-03-25 00:00:00,14.852734
2011-03-25 01:00:00,0.74689364
2011-03-25 02:00:00,0.0
2011-03-25 03:00:00,0.0
2011-03-25 04:00:00,0.0
2011-03-25 05:00:00,5.3620305
2011-03-25 06:00:00,28.72001
2011-03-25 07:00:00,114.17195
2011-03-25 08:00:00,250.82523
2011-03-25 09:00:00,150.63806
2011-03-25 10:00:00,77.96792
2011-03-25 11:00:00,88.64508
2011-03-25 12:00:00,111.35072
2011-03-25 13:00:00,112.30432
2011-03-25 14:00:00,115.18852
2011-03-25 15:00:00,112.32102
2011-03-25 16:00:00,136.67827
2011-03-25 17:00:00,246.35724
2011-03-25 18:00:00,219.20198
2011-03-25 19:00:00,135.18953
2011-03-25 20:00:00,96.13963
2011-03-25 21:00:00,75.40302
2011-03-25 22:00:00,52.108635
2011-03-25 23:00:00,36.49693
2011-03-26 00:00:00,30.809923
2011-03-26 01:00:00,23.57921
2011-03-26 02:00:00,16.964684
2011-03-26 03:00:00,3.4454198
2011-03-26 04:00:00,0.0
2011-03-26 05:00:00,0.0
2011-03-26 06:00:00,1.6123625
2011-03-26 07:00:00,22.782995
2011-03-26 08:00:00,42.235764
2011-03-26 09:00:00,82.179596
2011-03-26 10:00:00,118.72355
2011-03-26 11:00:00,135.65848
2011-03-26 12:00:00,179.82019
2011-03-26 13:00:00,198.12122
2011-03-26 14:00:00,200.3139
2011-03-26 15:00:00,212.40784
2011-03-26 16:00:00,190.93178
2011-03-26 17:00:00,173.66249
2011-03-26 18:00:00,143.99413
2011-03-26 19:00:00,105.793915
2011-03-26 20:00:00,77.864716
2011-03-26 21:00:00,56.71159
2011-03-26 22:00:00,52.01316
2011-03-26 23:00:00,34.970024
2011-03-27 00:00:00,32.07375
2011-03-27 01:00:00,25.88621
2011-03-27 02:00:00,18.41237
2011-03-27 03:00:00,5.314508
2011-03-27 04:00:00,0.7421196
2011-03-27 06:00:00,1.3572106
2011-03-27 07:00:00,25.247486
2011-03-27 08:00:00,34.416695
2011-03-27 09:00:00,67.607864
2011-03-27 10:00:00,117.100746
2011-03-27 11:00:00,142.71848
2011-03-27 12:00:00,170.79033
2011-03-27 13:00:00,185.96921
2011-03-27 14:00:00,176.63544
2011-03-27 15:00:00,179.61717
2011-03-27 16:00:00,180.06917
2011-03-27 17:00:00,172.75797
2011-03-27 18:00:00,132.9675
2011-03-27 19:00:00,102.14665
2011-03-27 20:00:00,66.96389
2011-03-27 21:00:00,46.857616
2011-03-27 22:00:00,35.115227
2011-03-27 23:00:00,21.151693
2011-03-28 00:00:00,10.07759
2011-03-28 01:00:00,2.803598
2011-03-28 02:00:00,0.7003186
2011-03-28 03:00:00,0.004975438
2011-03-28 05:00:00,6.1171074
2011-03-28 06:00:00,29.958271
2011-03-28 07:00:00,119.81148
2011-03-28 08:00:00,236.42819
2011-03-28 09:00:00,138.22643
2011-03-28 10:00:00,75.853966
2011-03-28 11:00:00,83.59778
2011-03-28 12:00:00,91.52277
2011-03-28 13:00:00,102.726555
2011-03-28 14:00:00,95.931015
2011-03-28 15:00:00,100.84365
2011-03-28 16:00:00,123.91388
2011-03-28 17:00:00,249.80527
2011-03-28 18:00:00,228.60027
2011-03-28 19:00:00,163.69989
2011-03-28 20:00:00,116.32922
2011-03-28 21:00:00,85.46051
2011-03-28 22:00:00,53.35449
2011-03-28 23:00:00,26.565348
2011-03-29 00:00:00,10.71391
2011-03-29 01:00:00,1.7654757
2011-03-29 02:00:00,0.0
2011-03-29 03:00:00,0.0
2011-03-29 04:00:00,0.0
2011-03-29 05:00:00,7.5893736
2011-03-29 06:00:00,32.59638
2011-03-29 07:00:00,123.10657
2011-03-29 08:00:00,259.5137
2011-03-29 09:00:00,141.62868
2011-03-29 10:00:00,78.79125
2011-03-29 11:00:00,80.64947
2011-03-29 12:00:00,112.204994
2011-03-29 13:00:00,105.177315
2011-03-29 14:00:00,100.18318
2011-03-29 15:00:00,111.93112
2011-03-29 16:00:00,136.17348
2011-03-29 17:00:00,273.85046
2011-03-29 18:00:00,266.25867
2011-03-29 19:00:00,171.48228
2011-03-29 20:00:00,127.74167
2011-03-29 21:00:00,87.53172
2011-03-29 22:00:00,59.60821
2011-03-29 23:00:00,34.145164
2011-03-30 00:00:00,9.828705
2011-03-30 01:00:00,0.0
2011-03-30 02:00:00,0.0
2011-03-30 03:00:00,0.0
2011-03-30 04:00:00,0.0
2011-03-30 05:00:00,11.655336
2011-03-30 06:00:00,39.370243
2011-03-30 07:00:00,133.65298
2011-03-30 08:00:00,277.24533
2011-03-30 09:00:00,153.38992
2011-03-30 10:00:00,73.69559
2011-03-30 11:00:00,77.2877
2011-03-30 12:00:00,101.82409
2011-03-30 13:00:00,98.97043
2011-03-30 14:00:00,87.2688
2011-03-30 15:00:00,53.82919
2011-03-30 16:00:00,65.175766
2011-03-30 17:00:00,140.83936
2011-03-30 18:00:00,159.17421
2011-03-30 19:00:00,119.438385
2011-03-30 20:00:00,54.499947
2011-03-30 21:00:00,59.359886
2011-03-30 22:00:00,30.672789
2011-03-30 23:00:00,13.803027
2011-03-31 00:00:00,10.072512
2011-03-31 01:00:00,4.4908385
2011-03-31 02:00:00,2.5029657
2011-03-31 03:00:00,1.6703776
2011-03-31 04:00:00,2.585966
2011-03-31 05:00:00,7.695914
2011-03-31 06:00:00,25.292864
2011-03-31 07:00:00,68.38758
2011-03-31 08:00:00,227.06693
2011-03-31 09:00:00,88.35195
2011-03-31 10:00:00,47.28257
2011-03-31 11:00:00,58.947468
2011-03-31 12:00:00,64.270805
2011-03-31 13:00:00,69.94589
2011-03-31 14:00:00,62.31181
2011-03-31 15:00:00,50.58827
2011-03-31 16:00:00,100.30905
2011-03-31 17:00:00,201.11186
2011-03-31 18:00:00,205.26045
2011-03-31 19:00:00,142.16235
2011-03-31 20:00:00,57.91716
2011-03-31 21:00:00,68.3819
2011-03-31 22:00:00,29.564848
2011-03-31 23:00:00,21.03203
2011-04-20 00:00:00,35.378067
2011-04-20 01:00:00,12.395997
2011-04-20 02:00:00,7.8782315
2011-04-20 03:00:00,3.9363685
2011-04-20 04:00:00,6.374891
2011-04-20 05:00:00,13.079054
2011-04-20 06:00:00,64.88511
2011-04-20 07:00:00,187.88824
2011-04-20 08:00:00,395.87866
2011-04-20 09:00:00,182.74152
2011-04-20 10:00:00,112.088776
2011-04-20 11:00:00,122.03922
2011-04-20 12:00:00,158.73814
2011-04-20 13:00:00,155.03743
2011-04-20 14:00:00,143.51154
2011-04-20 15:00:00,146.25159
2011-04-20 16:00:00,223.45126
2011-04-20 17:00:00,410.61722
2011-04-20 18:00:00,402.6847
2011-04-20 19:00:00,307.9909
2011-04-20 20:00:00,213.4447
2011-04-20 21:00:00,172.77664
2011-04-20 22:00:00,126.942535
2011-04-20 23:00:00,67.72848
2011-04-21 00:00:00,34.935005
2011-04-21 01:00:00,14.166054
2011-04-21 02:00:00,9.721087
2011-04-21 03:00:00,3.0543158
2011-04-21 04:00:00,5.729358
2011-04-21 05:00:00,15.195141
2011-04-21 06:00:00,56.211178
2011-04-21 07:00:00,184.61511
2011-04-21 08:00:00,338.02106
2011-04-21 09:00:00,176.98035
2011-04-21 10:00:00,88.862854
2011-04-21 11:00:00,109.094406
2011-04-21 12:00:00,147.95363
2011-04-21 13:00:00,145.43834
2011-04-21 14:00:00,132.22107
2011-04-21 15:00:00,146.22943
2011-04-21 16:00:00,211.71034
2011-04-21 17:00:00,420.1717
2011-04-21 18:00:00,376.57147
2011-04-21 19:00:00,246.59857
2011-04-21 20:00:00,179.5422
2011-04-21 21:00:00,140.46185
2011-04-21 22:00:00,102.15347
2011-04-21 23:00:00,56.89986
2011-04-22 00:00:00,36.963066
2011-04-22 01:00:00,15.097271
2011-04-22 02:00:00,6.3677983
2011-04-22 03:00:00,3.4488385
2011-04-22 04:00:00,3.244965
2011-04-22 05:00:00,13.910482
2011-04-22 06:00:00,46.855648
2011-04-22 07:00:00,172.31012
2011-04-22 08:00:00,351.65735
2011-04-22 09:00:00,141.30316
2011-04-22 10:00:00,98.78686
2011-04-22 11:00:00,82.55766
2011-04-22 12:00:00,82.53553
2011-04-22 13:00:00,67.15263
2011-04-22 14:00:00,41.985912
2011-04-22 15:00:00,65.96423
2011-04-22 16:00:00,105.33261
2011-04-22 17:00:00,168.87369
2011-04-22 18:00:00,137.00998
2011-04-22 19:00:00,94.451645
2011-04-22 20:00:00,80.110306
2011-04-22 21:00:00,61.607136
2011-04-22 22:00:00,52.264202
2011-04-22 23:00:00,42.582607
2011-04-23 00:00:00,35.79552
2011-04-23 01:00:00,37.316586
2011-04-23 02:00:00,34.32529
2011-04-23 03:00:00,15.092401
2011-04-23 04:00:00,2.6064644
2011-04-23 05:00:00,0.10826528
2011-04-23 06:00:00,9.324052
2011-04-23 07:00:00,39.335567
2011-04-23 08:00:00,26.212038
2011-04-23 09:00:00,76.78773
2011-04-23 10:00:00,154.61201
2011-04-23 11:00:00,204.80746
2011-04-23 12:00:00,235.4042
2011-04-23 13:00:00,240.83778
2011-04-23 14:00:00,299.71622
2011-04-23 15:00:00,319.29984
2011-04-23 16:00:00,291.5053
2011-04-23 17:00:00,295.5406
2011-04-23 18:00:00,260.38812
2011-04-23 19:00:00,190.86923
2011-04-23 20:00:00,133.36
2011-04-23 21:00:00,113.6459
2011-04-23 22:00:00,117.16539
2011-04-23 23:00:00,81.93535
2011-04-24 00:00:00,73.10072
2011-04-24 01:00:00,63.52446
2011-04-24 02:00:00,48.659218
2011-04-24 03:00:00,20.62889
2011-04-24 04:00:00,6.343509
2011-04-24 05:00:00,3.8433945
2011-04-24 06:00:00,6.0204296
2011-04-24 07:00:00,21.897232
2011-04-24 08:00:00,48.881615
2011-04-24 09:00:00,130.70358
2011-04-24 10:00:00,237.79883
2011-04-24 11:00:00,326.4654
2011-04-24 12:00:00,369.17673
2011-04-24 13:00:00,368.93027
2011-04-24 14:00:00,354.8431
2011-04-24 15:00:00,362.31824
2011-04-24 16:00:00,369.3849
2011-04-24 17:00:00,341.36768
2011-04-24 18:00:00,305.72995
2011-04-24 19:00:00,188.63043
2011-04-24 20:00:00,130.28378
2011-04-24 21:00:00,73.597084
2011-04-24 22:00:00,43.093742
2011-04-24 23:00:00,38.054165
2011-04-25 00:00:00,17.650782
2011-04-25 01:00:00,16.249826
2011-04-25 02:00:00,9.0391035
2011-04-25 03:00:00,4.694758
2011-04-25 04:00:00,3.2580407
2011-04-25 05:00:00,10.506688
2011-04-25 06:00:00,55.759266
2011-04-25 07:00:00,180.3712
2011-04-25 08:00:00,352.0551
2011-04-25 09:00:00,164.47537
2011-04-25 10:00:00,111.79223
2011-04-25 11:00:00,122.989525
2011-04-25 12:00:00,156.59247
2011-04-25 13:00:00,155.29929
2011-04-25 14:00:00,147.37384
2011-04-25 15:00:00,153.8977
2011-04-25 16:00:00,229.30132
2011-04-25 17:00:00,445.17584
2011-04-25 18:00:00,440.2263
2011-04-25 19:00:00,313.94485
2011-04-25 20:00:00,220.79272
2011-04-25 21:00:00,167.94368
2011-04-25 22:00:00,108.74546
2011-04-25 23:00:00,55.37385
2011-04-26 00:00:00,39.151226
2011-04-26 01:00:00,20.307089
2011-04-26 02:00:00,6.3331585
2011-04-26 03:00:00,6.549582
2011-04-26 04:00:00,7.108216
2011-04-26 05:00:00,16.726181
2011-04-26 06:00:00,70.52176
2011-04-26 07:00:00,249.99236
2011-04-26 08:00:00,387.62912
2011-04-26 09:00:00,181.39508
2011-04-26 10:00:00,110.82996
2011-04-26 11:00:00,121.75458
2011-04-26 12:00:00,158.33452
2011-04-26 13:00:00,156.06769
2011-04-26 14:00:00,144.42291
2011-04-26 15:00:00,147.00804
2011-04-26 16:00:00,229.25414
2011-04-26 17:00:00,449.39426
2011-04-26 18:00:00,435.06836
2011-04-26 19:00:00,286.29688
2011-04-26 20:00:00,204.0925
2011-04-26 21:00:00,174.34128
2011-04-26 22:00:00,105.418945
2011-04-26 23:00:00,56.913067
2011-04-27 00:00:00,32.679348
2011-04-27 01:00:00,16.05957
2011-04-27 02:00:00,9.16263
2011-04-27 03:00:00,5.3209
2011-04-27 04:00:00,1.901778
2011-04-27 05:00:00,7.960651
2011-04-27 06:00:00,61.78576
2011-04-27 07:00:00,223.40067
2011-04-27 08:00:00,371.47147
2011-04-27 09:00:00,164.84006
2011-04-27 10:00:00,94.030556
2011-04-27 11:00:00,105.77291
2011-04-27 12:00:00,142.49402
2011-04-27 13:00:00,133.70296
2011-04-27 14:00:00,147.71455
2011-04-27 15:00:00,143.41237
2011-04-27 16:00:00,227.3722
2011-04-27 17:00:00,308.25403
2011-04-27 18:00:00,291.06583
2011-04-27 19:00:00,282.1683
2011-04-27 20:00:00,171.19333
2011-04-27 21:00:00,128.12045
2011-04-27 22:00:00,85.22578
2011-04-27 23:00:00,48.842625
2011-04-28 00:00:00,40.20268
2011-04-28 01:00:00,12.259365
2011-04-28 02:00:00,5.2773724
2011-04-28 03:00:00,6.052991
2011-04-28 04:00:00,4.692986
2011-04-28 05:00:00,15.074442
2011-04-28 06:00:00,66.858955
2011-04-28 07:00:00,232.29576
2011-04-28 08:00:00,387.5247
2011-04-28 09:00:00,146.39885
2011-04-28 10:00:00,98.231415
2011-04-28 11:00:00,109.71569
2011-04-28 12:00:00,144.47618
2011-04-28 13:00:00,122.35354
2011-04-28 14:00:00,114.472244
2011-04-28 15:00:00,156.9588
2011-04-28 16:00:00,215.89626
2011-04-28 17:00:00,414.95236
2011-04-28 18:00:00,388.75308
2011-04-28 19:00:00,284.9261
2011-04-28 20:00:00,217.22137
2011-04-28 21:00:00,162.03981
2011-04-28 22:00:00,116.47905
2011-04-28 23:00:00,78.7705
2011-04-29 00:00:00,46.83065
2011-04-29 01:00:00,22.201027
2011-04-29 02:00:00,18.662304
2011-04-29 03:00:00,13.551588
2011-04-29 04:00:00,10.884011
2011-04-29 05:00:00,20.25326
2011-04-29 06:00:00,61.357956
2011-04-29 07:00:00,219.12634
2011-04-29 08:00:00,387.0734
2011-04-29 09:00:00,197.83278
2011-04-29 10:00:00,141.05276
2011-04-29 11:00:00,155.97447
2011-04-29 12:00:00,203.37155
2011-04-29 13:00:00,200.4924
2011-04-29 14:00:00,192.51488
2011-04-29 15:00:00,190.28476
2011-04-29 16:00:00,243.66447
2011-04-29 17:00:00,391.18088
2011-04-29 18:00:00,354.64328
2011-04-29 19:00:00,213.16367
2011-04-29 20:00:00,162.08751
2011-04-29 21:00:00,125.164894
2011-04-29 22:00:00,115.67969
2011-04-29 23:00:00,68.69644
2011-04-30 00:00:00,59.860657
2011-04-30 01:00:00,55.10675
2011-04-30 02:00:00,42.409046
2011-04-30 03:00:00,18.355824
2011-04-30 04:00:00,8.797972
2011-04-30 05:00:00,6.4459715
2011-04-30 06:00:00,15.516193
2011-04-30 07:00:00,25.253757
2011-04-30 08:00:00,54.821133
2011-04-30 09:00:00,139.84833
2011-04-30 10:00:00,217.56209
2011-04-30 11:00:00,290.63034
2011-04-30 12:00:00,341.55414
2011-04-30 13:00:00,349.39508
2011-04-30 14:00:00,343.971
2011-04-30 15:00:00,362.34454
2011-04-30 16:00:00,348.9911
2011-04-30 17:00:00,329.06433
2011-04-30 18:00:00,265.42664
2011-04-30 19:00:00,194.35701
2011-04-30 20:00:00,137.24934
2011-04-30 21:00:00,115.434525
2011-04-30 22:00:00,103.61686
2011-04-30 23:00:00,80.819115
2011-05-20 00:00:00,46.009495
2011-05-20 01:00:00,13.289791
2011-05-20 02:00:00,9.898254
2011-05-20 03:00:00,5.061261
2011-05-20 04:00:00,4.2089286
2011-05-20 05:00:00,19.025452
2011-05-20 06:00:00,102.157684
2011-05-20 07:00:00,278.69672
2011-05-20 08:00:00,451.87018
2011-05-20 09:00:00,238.67331
2011-05-20 10:00:00,163.90955
2011-05-20 11:00:00,192.56444
2011-05-20 12:00:00,239.91513
2011-05-20 13:00:00,206.16862
2011-05-20 14:00:00,227.43262
2011-05-20 15:00:00,244.00882
2011-05-20 16:00:00,344.66937
2011-05-20 17:00:00,505.4032
2011-05-20 18:00:00,472.2032
2011-05-20 19:00:00,317.36737
2011-05-20 20:00:00,254.77933
2011-05-20 21:00:00,190.51161
2011-05-20 22:00:00,149.4019
2011-05-20 23:00:00,138.34987
2011-05-21 00:00:00,102.93399
2011-05-21 01:00:00,74.62038
2011-05-21 02:00:00,61.584946
2011-05-21 03:00:00,28.88674
2011-05-21 04:00:00,10.982307
2011-05-21 05:00:00,13.115488
2011-05-21 06:00:00,31.268297
2011-05-21 07:00:00,61.57999
2011-05-21 08:00:00,143.77687
2011-05-21 09:00:00,216.75656
2011-05-21 10:00:00,291.23734
2011-05-21 11:00:00,366.62155
2011-05-21 12:00:00,414.793
2011-05-21 13:00:00,419.45142
2011-05-21 14:00:00,416.14227
2011-05-21 15:00:00,422.90692
2011-05-21 16:00:00,412.51352
2011-05-21 17:00:00,405.1129
2011-05-21 18:00:00,361.08157
2011-05-21 19:00:00,333.13895
2011-05-21 20:00:00,250.19102
2011-05-21 21:00:00,214.25494
2011-05-21 22:00:00,183.39143
2011-05-21 23:00:00,140.4497
2011-05-22 00:00:00,105.14301
2011-05-22 01:00:00,72.10897
2011-05-22 02:00:00,56.23753
2011-05-22 03:00:00,26.43822
2011-05-22 04:00:00,10.131772
2011-05-22 05:00:00,6.3811703
2011-05-22 06:00:00,11.707444
2011-05-22 07:00:00,35.40609
2011-05-22 08:00:00,103.849976
2011-05-22 09:00:00,188.74582
2011-05-22 10:00:00,295.2096
2011-05-22 11:00:00,368.76715
2011-05-22 12:00:00,394.20023
2011-05-22 13:00:00,400.75812
2011-05-22 14:00:00,321.28772
2011-05-22 15:00:00,386.4974
2011-05-22 16:00:00,415.60306
2011-05-22 17:00:00,401.27808
2011-05-22 18:00:00,352.71176
2011-05-22 19:00:00,322.4185
2011-05-22 20:00:00,253.61261
2011-05-22 21:00:00,194.02887
2011-05-22 22:00:00,119.76004
2011-05-22 23:00:00,77.47654
2011-05-23 00:00:00,29.551523
2011-05-23 01:00:00,14.234608
2011-05-23 02:00:00,9.987831
2011-05-23 03:00:00,4.865565
2011-05-23 04:00:00,1.2331847
2011-05-23 05:00:00,16.95421
2011-05-23 06:00:00,92.68949
2011-05-23 07:00:00,237.26889
2011-05-23 08:00:00,390.53595
2011-05-23 09:00:00,187.34576
2011-05-23 10:00:00,128.87933
2011-05-23 11:00:00,158.19351
2011-05-23 12:00:00,194.09363
2011-05-23 13:00:00,184.40083
2011-05-23 14:00:00,173.30792
2011-05-23 15:00:00,177.34785
2011-05-23 16:00:00,282.6673
2011-05-23 17:00:00,445.3134
2011-05-23 18:00:00,476.57846
2011-05-23 19:00:00,368.58752
2011-05-23 20:00:00,228.33382
2011-05-23 21:00:00,140.07162
2011-05-23 22:00:00,90.51189
2011-05-23 23:00:00,64.08213
2011-05-24 00:00:00,17.944542
2011-05-24 01:00:00,5.038965
2011-05-24 02:00:00,1.8234906
2011-05-24 03:00:00,0.0
2011-05-24 04:00:00,4.6131773
2011-05-24 05:00:00,13.992582
2011-05-24 06:00:00,92.1174
2011-05-24 07:00:00,194.96039
2011-05-24 08:00:00,312.70404
2011-05-24 09:00:00,221.00806
2011-05-24 10:00:00,126.11576
2011-05-24 11:00:00,148.96191
2011-05-24 12:00:00,191.14485
2011-05-24 13:00:00,186.32542
2011-05-24 14:00:00,166.73419
2011-05-24 15:00:00,173.34341
2011-05-24 16:00:00,298.2986
2011-05-24 17:00:00,518.36816
2011-05-24 18:00:00,519.0152
2011-05-24 19:00:00,376.11725
2011-05-24 20:00:00,279.35895
2011-05-24 21:00:00,219.82321
2011-05-24 22:00:00,98.33861
2011-05-24 23:00:00,89.43321
2011-05-25 00:00:00,35.400894
2011-05-25 01:00:00,22.289585
2011-05-25 02:00:00,2.1751213
2011-05-25 03:00:00,2.7170486
2011-05-25 04:00:00,2.0135138
2011-05-25 05:00:00,23.918095
2011-05-25 06:00:00,103.86946
2011-05-25 07:00:00,321.00726
2011-05-25 08:00:00,457.10165
2011-05-25 09:00:00,214.69229
2011-05-25 10:00:00,132.908
2011-05-25 11:00:00,147.04794
2011-05-25 12:00:00,191.45074
2011-05-25 13:00:00,186.51508
2011-05-25 14:00:00,172.3195
2011-05-25 15:00:00,177.9061
2011-05-25 16:00:00,278.91345
2011-05-25 17:00:00,551.5718
2011-05-25 18:00:00,534.1595
2011-05-25 19:00:00,399.2821
2011-05-25 20:00:00,302.08008
2011-05-25 21:00:00,230.7066
2011-05-25 22:00:00,171.84001
2011-05-25 23:00:00,107.93079
2011-05-26 00:00:00,52.332436
2011-05-26 01:00:00,28.065159
2011-05-26 02:00:00,14.963068
2011-05-26 03:00:00,5.3605957
2011-05-26 04:00:00,6.0048923
2011-05-26 05:00:00,22.863083
2011-05-26 06:00:00,92.62942
2011-05-26 07:00:00,226.33493
2011-05-26 08:00:00,444.38397
2011-05-26 09:00:00,214.85623
2011-05-26 10:00:00,137.30754
2011-05-26 11:00:00,157.8997
2011-05-26 12:00:00,183.26979
2011-05-26 13:00:00,164.08037
2011-05-26 14:00:00,148.61304
2011-05-26 15:00:00,152.7665
2011-05-26 16:00:00,272.07584
2011-05-26 17:00:00,520.3925
2011-05-26 18:00:00,501.3059
2011-05-26 19:00:00,368.91718
2011-05-26 20:00:00,302.32928
2011-05-26 21:00:00,232.70857
2011-05-26 22:00:00,182.64432
2011-05-26 23:00:00,128.79587
2011-05-27 00:00:00,68.92462
2011-05-27 01:00:00,30.42778
2011-05-27 02:00:00,26.33846
2011-05-27 03:00:00,19.438965
2011-05-27 04:00:00,20.156698
2011-05-27 05:00:00,38.92485
2011-05-27 06:00:00,114.56223
2011-05-27 07:00:00,281.3537
2011-05-27 08:00:00,447.96542
2011-05-27 09:00:00,239.3599
2011-05-27 10:00:00,162.7361
2011-05-27 11:00:00,180.86525
2011-05-27 12:00:00,221.77245
2011-05-27 13:00:00,238.59302
2011-05-27 14:00:00,217.177
2011-05-27 15:00:00,218.06007
2011-05-27 16:00:00,324.0765
2011-05-27 17:00:00,547.9586
2011-05-27 18:00:00,439.0125
2011-05-27 19:00:00,302.16794
2011-05-27 20:00:00,231.72379
2011-05-27 21:00:00,158.04774
2011-05-27 22:00:00,176.72984
2011-05-27 23:00:00,137.17418
2011-05-28 00:00:00,102.54648
2011-05-28 01:00:00,76.60189
2011-05-28 02:00:00,52.31713
2011-05-28 03:00:00,24.348999
2011-05-28 04:00:00,12.706432
2011-05-28 05:00:00,15.077272
2011-05-28 06:00:00,29.899687
2011-05-28 07:00:00,64.861725
2011-05-28 08:00:00,131.67766
2011-05-28 09:00:00,214.86372
2011-05-28 10:00:00,286.94666
2011-05-28 11:00:00,367.79834
2011-05-28 12:00:00,404.38873
2011-05-28 13:00:00,409.57242
2011-05-28 14:00:00,401.44955
2011-05-28 15:00:00,413.10065
2011-05-28 16:00:00,400.53006
2011-05-28 17:00:00,423.00903
2011-05-28 18:00:00,365.01892
2011-05-28 19:00:00,322.1671
2011-05-28 20:00:00,275.80157
2011-05-28 21:00:00,214.57004
2011-05-28 22:00:00,194.0551
2011-05-28 23:00:00,146.15613
2011-05-29 00:00:00,113.51396
2011-05-29 01:00:00,82.797775
2011-05-29 02:00:00,61.823967
2011-05-29 03:00:00,29.2555
2011-05-29 04:00:00,11.449219
2011-05-29 05:00:00,7.194382
2011-05-29 06:00:00,18.099068
2011-05-29 07:00:00,42.423084
2011-05-29 08:00:00,86.21191
2011-05-29 09:00:00,126.505936
2011-05-29 10:00:00,249.75682
2011-05-29 11:00:00,293.76764
2011-05-29 12:00:00,355.6693
2011-05-29 13:00:00,407.7785
2011-05-29 14:00:00,371.05432
2011-05-29 15:00:00,368.29367
2011-05-29 16:00:00,359.486
2011-05-29 17:00:00,360.11713
2011-05-29 18:00:00,300.44043
2011-05-29 19:00:00,287.52103
2011-05-29 20:00:00,225.95894
2011-05-29 21:00:00,177.3693
2011-05-29 22:00:00,122.2573
2011-05-29 23:00:00,96.63185
2011-05-30 00:00:00,75.24131
2011-05-30 01:00:00,54.885704
2011-05-30 02:00:00,31.505123
2011-05-30 03:00:00,12.907131
2011-05-30 04:00:00,6.2653546
2011-05-30 05:00:00,18.082958
2011-05-30 06:00:00,35.59931
2011-05-30 07:00:00,73.24621
2011-05-30 08:00:00,144.46649
2011-05-30 09:00:00,226.30737
2011-05-30 10:00:00,248.99889
2011-05-30 11:00:00,327.61685
2011-05-30 12:00:00,348.66687
2011-05-30 13:00:00,350.01727
2011-05-30 14:00:00,336.7053
2011-05-30 15:00:00,341.41864
2011-05-30 16:00:00,321.31305
2011-05-30 17:00:00,448.13083
2011-05-30 18:00:00,442.71317
2011-05-30 19:00:00,315.3779
2011-05-30 20:00:00,339.6432
2011-05-30 21:00:00,258.161
2011-05-30 22:00:00,172.3075
2011-05-30 23:00:00,86.464
2011-05-31 00:00:00,42.82556
2011-05-31 01:00:00,24.411074
2011-05-31 02:00:00,3.2341504
2011-05-31 03:00:00,1.8046263
2011-05-31 04:00:00,12.140308
2011-05-31 05:00:00,30.555254
2011-05-31 06:00:00,123.55086
2011-05-31 07:00:00,323.0826
2011-05-31 08:00:00,453.32855
2011-05-31 09:00:00,186.08586
2011-05-31 10:00:00,116.39221
2011-05-31 11:00:00,121.8077
2011-05-31 12:00:00,153.76608
2011-05-31 13:00:00,149.14352
2011-05-31 14:00:00,118.90752
2011-05-31 15:00:00,142.86362
2011-05-31 16:00:00,241.69278
2011-05-31 17:00:00,506.3416
2011-05-31 18:00:00,504.49786
2011-05-31 19:00:00,384.53592
2011-05-31 20:00:00,290.36685
2011-05-31 21:00:00,217.11327
2011-05-31 22:00:00,160.54678
2011-05-31 23:00:00,109.72042
2011-06-20 00:00:00,36.375473
2011-06-20 01:00:00,15.516474
2011-06-20 02:00:00,9.706764
2011-06-20 03:00:00,5.596142
2011-06-20 04:00:00,6.4186883
2011-06-20 05:00:00,22.062647
2011-06-20 06:00:00,64.72629
2011-06-20 07:00:00,169.53305
2011-06-20 08:00:00,285.11017
2011-06-20 09:00:00,199.9163
2011-06-20 10:00:00,120.2336
2011-06-20 11:00:00,136.21706
2011-06-20 12:00:00,173.17752
2011-06-20 13:00:00,181.24994
2011-06-20 14:00:00,172.4186
2011-06-20 15:00:00,184.18494
2011-06-20 16:00:00,292.5464
2011-06-20 17:00:00,537.5468
2011-06-20 18:00:00,540.58954
2011-06-20 19:00:00,390.08377
2011-06-20 20:00:00,283.50635
2011-06-20 21:00:00,213.06801
2011-06-20 22:00:00,144.49673
2011-06-20 23:00:00,74.037796
2011-06-21 00:00:00,36.123943
2011-06-21 01:00:00,13.887724
2011-06-21 02:00:00,6.9017353
2011-06-21 03:00:00,4.9824147
2011-06-21 04:00:00,1.2218701
2011-06-21 05:00:00,19.474497
2011-06-21 06:00:00,101.58076
2011-06-21 07:00:00,241.43497
2011-06-21 08:00:00,417.91754
2011-06-21 09:00:00,206.61234
2011-06-21 10:00:00,114.713745
2011-06-21 11:00:00,132.2065
2011-06-21 12:00:00,178.28044
2011-06-21 13:00:00,179.79265
2011-06-21 14:00:00,164.25441
2011-06-21 15:00:00,178.48799
2011-06-21 16:00:00,272.60437
2011-06-21 17:00:00,545.31696
2011-06-21 18:00:00,473.12128
2011-06-21 19:00:00,355.88214
2011-06-21 20:00:00,247.61884
2011-06-21 21:00:00,233.78195
2011-06-21 22:00:00,159.82913
2011-06-21 23:00:00,93.68441
2011-06-22 00:00:00,43.859425
2011-06-22 01:00:00,20.201647
2011-06-22 02:00:00,10.616432
2011-06-22 03:00:00,9.365769
2011-06-22 04:00:00,3.2130735
2011-06-22 05:00:00,22.726074
2011-06-22 06:00:00,113.32175
2011-06-22 07:00:00,308.66333
2011-06-22 08:00:00,440.72702
2011-06-22 09:00:00,210.0015
2011-06-22 10:00:00,114.63124
2011-06-22 11:00:00,149.67264
2011-06-22 12:00:00,176.39728
2011-06-22 13:00:00,154.44661
2011-06-22 14:00:00,155.27962
2011-06-22 15:00:00,148.1239
2011-06-22 16:00:00,254.78111
2011-06-22 17:00:00,510.98932
2011-06-22 18:00:00,486.09586
2011-06-22 19:00:00,363.2749
2011-06-22 20:00:00,278.10718
2011-06-22 21:00:00,225.91035
2011-06-22 22:00:00,155.01999
2011-06-22 23:00:00,93.72513
2011-06-23 00:00:00,52.82442
2011-06-23 01:00:00,24.50392
2011-06-23 02:00:00,17.437101
2011-06-23 03:00:00,14.844519
2011-06-23 04:00:00,10.011137
2011-06-23 05:00:00,33.87959
2011-06-23 06:00:00,124.148865
2011-06-23 07:00:00,310.44617
2011-06-23 08:00:00,430.3702
2011-06-23 09:00:00,210.98012
2011-06-23 10:00:00,127.6721
2011-06-23 11:00:00,153.30685
2011-06-23 12:00:00,180.03342
2011-06-23 13:00:00,169.27501
2011-06-23 14:00:00,158.62033
2011-06-23 15:00:00,173.81131
2011-06-23 16:00:00,268.25974
2011-06-23 17:00:00,437.9227
2011-06-23 18:00:00,464.4826
2011-06-23 19:00:00,342.5371
2011-06-23 20:00:00,286.57538
2011-06-23 21:00:00,233.54721
2011-06-23 22:00:00,155.44695
2011-06-23 23:00:00,111.2632
2011-06-24 00:00:00,64.684265
2011-06-24 01:00:00,23.946283
2011-06-24 02:00:00,14.41866
2011-06-24 03:00:00,8.574164
2011-06-24 04:00:00,6.098057
2011-06-24 05:00:00,21.930277
2011-06-24 06:00:00,101.849365
2011-06-24 07:00:00,272.55173
2011-06-24 08:00:00,429.11664
2011-06-24 09:00:00,236.43002
2011-06-24 10:00:00,151.51787
2011-06-24 11:00:00,178.50034
2011-06-24 12:00:00,222.70486
2011-06-24 13:00:00,231.45314
2011-06-24 14:00:00,215.5548
2011-06-24 15:00:00,220.98827
2011-06-24 16:00:00,329.05057
2011-06-24 17:00:00,559.0008
2011-06-24 18:00:00,477.7552
2011-06-24 19:00:00,348.7769
2011-06-24 20:00:00,282.16595
2011-06-24 21:00:00,227.86855
2011-06-24 22:00:00,198.47235
2011-06-24 23:00:00,161.84756
2011-06-25 00:00:00,127.11815
2011-06-25 01:00:00,94.92266
2011-06-25 02:00:00,77.57341
2011-06-25 03:00:00,32.32847
2011-06-25 04:00:00,15.568117
2011-06-25 05:00:00,18.442924
2011-06-25 06:00:00,32.081116
2011-06-25 07:00:00,75.52047
2011-06-25 08:00:00,157.0184
2011-06-25 09:00:00,222.14473
2011-06-25 10:00:00,297.39575
2011-06-25 11:00:00,371.9894
2011-06-25 12:00:00,418.881
2011-06-25 13:00:00,421.21945
2011-06-25 14:00:00,410.81113
2011-06-25 15:00:00,408.8489
2011-06-25 16:00:00,428.65497
2011-06-25 17:00:00,433.146
2011-06-25 18:00:00,378.99774
2011-06-25 19:00:00,345.13495
2011-06-25 20:00:00,286.43973
2011-06-25 21:00:00,234.88907
2011-06-25 22:00:00,204.18564
2011-06-25 23:00:00,136.15665
2011-06-26 00:00:00,112.99115
2011-06-26 01:00:00,97.484566
2011-06-26 02:00:00,74.01551
2011-06-26 03:00:00,35.398613
2011-06-26 04:00:00,15.854637
2011-06-26 05:00:00,9.638115
2011-06-26 06:00:00,16.447428
2011-06-26 07:00:00,56.480637
2011-06-26 08:00:00,116.80697
2011-06-26 09:00:00,191.32333
2011-06-26 10:00:00,301.9241
2011-06-26 11:00:00,374.60117
2011-06-26 12:00:00,419.244
2011-06-26 13:00:00,403.54507
2011-06-26 14:00:00,405.61777
2011-06-26 15:00:00,384.04797
2011-06-26 16:00:00,408.08206
2011-06-26 17:00:00,382.11243
2011-06-26 18:00:00,337.66382
2011-06-26 19:00:00,309.26645
2011-06-26 20:00:00,244.80887
2011-06-26 21:00:00,193.92534
2011-06-26 22:00:00,165.27135
2011-06-26 23:00:00,110.536514
2011-06-27 00:00:00,33.80204
2011-06-27 01:00:00,14.09208
2011-06-27 02:00:00,7.189261
2011-06-27 03:00:00,4.747439
2011-06-27 04:00:00,3.273271
2011-06-27 05:00:00,21.19446
2011-06-27 06:00:00,109.83927
2011-06-27 07:00:00,298.49402
2011-06-27 08:00:00,389.70624
2011-06-27 09:00:00,190.90935
2011-06-27 10:00:00,122.68232
2011-06-27 11:00:00,141.37799
2011-06-27 12:00:00,179.62079
2011-06-27 13:00:00,177.50368
2011-06-27 14:00:00,167.55765
2011-06-27 15:00:00,164.64067
2011-06-27 16:00:00,286.56668
2011-06-27 17:00:00,564.03516
2011-06-27 18:00:00,530.9295
2011-06-27 19:00:00,396.73352
2011-06-27 20:00:00,282.8059
2011-06-27 21:00:00,209.40094
2011-06-27 22:00:00,137.78079
2011-06-27 23:00:00,76.10357
2011-06-28 00:00:00,35.82448
2011-06-28 01:00:00,13.995777
2011-06-28 02:00:00,6.651311
2011-06-28 03:00:00,3.5459666
2011-06-28 04:00:00,3.5675094
2011-06-28 05:00:00,24.99351
2011-06-28 06:00:00,114.67079
2011-06-28 07:00:00,310.2092
2011-06-28 08:00:00,433.91916
2011-06-28 09:00:00,199.10918
2011-06-28 10:00:00,127.15115
2011-06-28 11:00:00,136.2992
2011-06-28 12:00:00,170.74289
2011-06-28 13:00:00,161.92609
2011-06-28 14:00:00,142.24097
2011-06-28 15:00:00,143.74744
2011-06-28 16:00:00,255.42752
2011-06-28 17:00:00,450.50522
2011-06-28 18:00:00,428.68103
2011-06-28 19:00:00,366.9225
2011-06-28 20:00:00,291.65964
2011-06-28 21:00:00,216.389
2011-06-28 22:00:00,141.58853
2011-06-28 23:00:00,86.19487
2011-06-29 00:00:00,36.98303
2011-06-29 01:00:00,20.213812
2011-06-29 02:00:00,11.209522
2011-06-29 03:00:00,3.1806183
2011-06-29 04:00:00,5.0937834
2011-06-29 05:00:00,24.199444
2011-06-29 06:00:00,116.9247
2011-06-29 07:00:00,323.4651
2011-06-29 08:00:00,459.8374
2011-06-29 09:00:00,212.81966
2011-06-29 10:00:00,127.20651
2011-06-29 11:00:00,158.41725
2011-06-29 12:00:00,199.84944
2011-06-29 13:00:00,178.28528
2011-06-29 14:00:00,167.50685
2011-06-29 15:00:00,182.90439
2011-06-29 16:00:00,284.8725
2011-06-29 17:00:00,560.0268
2011-06-29 18:00:00,537.4768
2011-06-29 19:00:00,397.46494
2011-06-29 20:00:00,300.86002
2011-06-29 21:00:00,247.37753
2011-06-29 22:00:00,184.1634
2011-06-29 23:00:00,117.23297
2011-06-30 00:00:00,50.824745
2011-06-30 01:00:00,21.590954
2011-06-30 02:00:00,13.615846
2011-06-30 03:00:00,9.186891
2011-06-30 04:00:00,12.161303
2011-06-30 05:00:00,32.608685
2011-06-30 06:00:00,120.53844
2011-06-30 07:00:00,330.85815
2011-06-30 08:00:00,453.03052
2011-06-30 09:00:00,211.21048
2011-06-30 10:00:00,132.16714
2011-06-30 11:00:00,160.0586
2011-06-30 12:00:00,200.25128
2011-06-30 13:00:00,194.42683
2011-06-30 14:00:00,172.66632
2011-06-30 15:00:00,185.29988
2011-06-30 16:00:00,293.54865
2011-06-30 17:00:00,571.6073
2011-06-30 18:00:00,539.0004
2011-06-30 19:00:00,396.68835
2011-06-30 20:00:00,308.37933
2011-06-30 21:00:00,241.2893
2011-06-30 22:00:00,190.15692
2011-06-30 23:00:00,126.8737
2011-07-20 00:00:00,38.834415
2011-07-20 01:00:00,18.89173
2011-07-20 02:00:00,12.066703
2011-07-20 03:00:00,9.697008
2011-07-20 04:00:00,6.6434884
2011-07-20 05:00:00,25.697815
2011-07-20 06:00:00,111.10866
2011-07-20 07:00:00,299.02655
2011-07-20 08:00:00,428.78265
2011-07-20 09:00:00,203.67282
2011-07-20 10:00:00,118.92258
2011-07-20 11:00:00,133.80733
2011-07-20 12:00:00,155.31216
2011-07-20 13:00:00,160.90999
2011-07-20 14:00:00,147.43271
2011-07-20 15:00:00,158.73058
2011-07-20 16:00:00,250.7106
2011-07-20 17:00:00,518.94104
2011-07-20 18:00:00,507.2019
2011-07-20 19:00:00,386.2953
2011-07-20 20:00:00,287.97513
2011-07-20 21:00:00,230.67496
2011-07-20 22:00:00,166.34729
2011-07-20 23:00:00,109.55184
2011-07-21 00:00:00,49.44387
2011-07-21 01:00:00,19.83535
2011-07-21 02:00:00,14.208154
2011-07-21 03:00:00,15.10471
2011-07-21 04:00:00,11.080566
2011-07-21 05:00:00,30.51741
2011-07-21 06:00:00,119.19646
2011-07-21 07:00:00,303.05405
2011-07-21 08:00:00,430.05615
2011-07-21 09:00:00,202.23737
2011-07-21 10:00:00,127.58708
2011-07-21 11:00:00,150.73073
2011-07-21 12:00:00,167.67693
2011-07-21 13:00:00,164.0158
2011-07-21 14:00:00,153.9979
2011-07-21 15:00:00,154.16718
2011-07-21 16:00:00,253.39688
2011-07-21 17:00:00,487.79224
2011-07-21 18:00:00,473.5932
2011-07-21 19:00:00,355.05655
2011-07-21 20:00:00,287.85028
2011-07-21 21:00:00,236.1094
2011-07-21 22:00:00,167.14845
2011-07-21 23:00:00,116.58142
2011-07-22 00:00:00,72.05258
2011-07-22 01:00:00,20.946478
2011-07-22 02:00:00,26.774006
2011-07-22 03:00:00,18.967169
2011-07-22 04:00:00,17.36755
2011-07-22 05:00:00,35.122196
2011-07-22 06:00:00,113.9261
2011-07-22 07:00:00,276.53333
2011-07-22 08:00:00,415.14484
2011-07-22 09:00:00,212.64926
2011-07-22 10:00:00,147.81812
2011-07-22 11:00:00,166.15085
2011-07-22 12:00:00,198.20566
2011-07-22 13:00:00,196.5057
2011-07-22 14:00:00,192.18417
2011-07-22 15:00:00,193.56523
2011-07-22 16:00:00,278.28693
2011-07-22 17:00:00,468.78455
2011-07-22 18:00:00,441.3446
2011-07-22 19:00:00,324.304
2011-07-22 20:00:00,260.2772
2011-07-22 21:00:00,216.30869
2011-07-22 22:00:00,172.19934
2011-07-22 23:00:00,144.42834
2011-07-23 00:00:00,112.39082
2011-07-23 01:00:00,96.40861
2011-07-23 02:00:00,66.44686
2011-07-23 03:00:00,39.83246
2011-07-23 04:00:00,18.36682
2011-07-23 05:00:00,25.03292
2011-07-23 06:00:00,41.257217
2011-07-23 07:00:00,86.50553
2011-07-23 08:00:00,144.91112
2011-07-23 09:00:00,206.11365
2011-07-23 10:00:00,274.59155
2011-07-23 11:00:00,337.4297
2011-07-23 12:00:00,365.0276
2011-07-23 13:00:00,368.74292
2011-07-23 14:00:00,358.42084
2011-07-23 15:00:00,338.6023
2011-07-23 16:00:00,350.63528
2011-07-23 17:00:00,359.86365
2011-07-23 18:00:00,346.35843
2011-07-23 19:00:00,317.97534
2011-07-23 20:00:00,279.0081
2011-07-23 21:00:00,227.85007
2011-07-23 22:00:00,196.61513
2011-07-23 23:00:00,152.36763
2011-07-24 00:00:00,126.9104
2011-07-24 01:00:00,97.96042
2011-07-24 02:00:00,80.931786
2011-07-24 03:00:00,44.935974
2011-07-24 04:00:00,23.598364
2011-07-24 05:00:00,25.189749
2011-07-24 06:00:00,33.20254
2011-07-24 07:00:00,73.401665
2011-07-24 08:00:00,115.73362
2011-07-24 09:00:00,180.13138
2011-07-24 10:00:00,290.5756
2011-07-24 11:00:00,346.137
2011-07-24 12:00:00,363.2824
2011-07-24 13:00:00,378.84427
2011-07-24 14:00:00,357.19482
2011-07-24 15:00:00,332.93695
2011-07-24 16:00:00,338.3624
2011-07-24 17:00:00,344.19794
2011-07-24 18:00:00,338.16626
2011-07-24 19:00:00,327.7196
2011-07-24 20:00:00,279.68896
2011-07-24 21:00:00,199.96906
2011-07-24 22:00:00,141.96178
2011-07-24 23:00:00,106.93999
2011-07-25 00:00:00,37.22384
2011-07-25 01:00:00,22.87027
2011-07-25 02:00:00,19.096466
2011-07-25 03:00:00,10.444162
2011-07-25 04:00:00,13.312949
2011-07-25 05:00:00,32.222485
2011-07-25 06:00:00,111.08644
2011-07-25 07:00:00,295.1546
2011-07-25 08:00:00,395.80948
2011-07-25 09:00:00,179.66501
2011-07-25 10:00:00,112.306404
2011-07-25 11:00:00,141.99426
2011-07-25 12:00:00,170.76834
2011-07-25 13:00:00,169.12164
2011-07-25 14:00:00,150.29358
2011-07-25 15:00:00,138.48248
2011-07-25 16:00:00,218.50316
2011-07-25 17:00:00,456.49747
2011-07-25 18:00:00,469.2316
2011-07-25 19:00:00,378.80478
2011-07-25 20:00:00,271.0268
2011-07-25 21:00:00,169.4198
2011-07-25 22:00:00,125.24266
2011-07-25 23:00:00,74.48243
2011-07-26 00:00:00,39.16968
2011-07-26 01:00:00,19.095015
2011-07-26 02:00:00,10.653058
2011-07-26 03:00:00,7.2972927
2011-07-26 04:00:00,7.009177
2011-07-26 05:00:00,25.076262
2011-07-26 06:00:00,114.02737
2011-07-26 07:00:00,316.973
2011-07-26 08:00:00,441.16663
2011-07-26 09:00:00,204.92865
2011-07-26 10:00:00,125.66536
2011-07-26 11:00:00,136.53897
2011-07-26 12:00:00,178.29617
2011-07-26 13:00:00,184.23083
2011-07-26 14:00:00,164.1118
2011-07-26 15:00:00,168.8525
2011-07-26 16:00:00,281.08014
2011-07-26 17:00:00,562.4293
2011-07-26 18:00:00,547.56464
2011-07-26 19:00:00,396.373
2011-07-26 20:00:00,305.1243
2011-07-26 21:00:00,249.95642
2011-07-26 22:00:00,176.83066
2011-07-26 23:00:00,98.40574
2011-07-27 00:00:00,44.857224
2011-07-27 01:00:00,23.544867
2011-07-27 02:00:00,16.107265
2011-07-27 03:00:00,10.678003
2011-07-27 04:00:00,15.903547
2011-07-27 05:00:00,36.19206
2011-07-27 06:00:00,124.343285
2011-07-27 07:00:00,321.55484
2011-07-27 08:00:00,448.39627
2011-07-27 09:00:00,210.16385
2011-07-27 10:00:00,114.7366
2011-07-27 11:00:00,136.52785
2011-07-27 12:00:00,189.03412
2011-07-27 13:00:00,183.42564
2011-07-27 14:00:00,169.16574
2011-07-27 15:00:00,179.18936
2011-07-27 16:00:00,280.38336
2011-07-27 17:00:00,567.2419
2011-07-27 18:00:00,564.7842
2011-07-27 19:00:00,403.53882
2011-07-27 20:00:00,320.17355
2011-07-27 21:00:00,244.50117
2011-07-27 22:00:00,177.14494
2011-07-27 23:00:00,106.416885
2011-07-28 00:00:00,52.379997
2011-07-28 01:00:00,16.87077
2011-07-28 02:00:00,16.275003
2011-07-28 03:00:00,2.6410837
2011-07-28 04:00:00,8.539225
2011-07-28 05:00:00,26.178078
2011-07-28 06:00:00,114.77751
2011-07-28 07:00:00,312.82608
2011-07-28 08:00:00,431.59442
2011-07-28 09:00:00,202.7344
2011-07-28 10:00:00,124.20648
2011-07-28 11:00:00,134.81854
2011-07-28 12:00:00,167.46782
2011-07-28 13:00:00,162.14937
2011-07-28 14:00:00,159.11172
2011-07-28 15:00:00,156.64348
2011-07-28 16:00:00,259.55594
2011-07-28 17:00:00,525.8554
2011-07-28 18:00:00,492.3542
2011-07-28 19:00:00,381.46643
2011-07-28 20:00:00,297.17892
2011-07-28 21:00:00,230.1411
2011-07-28 22:00:00,156.84355
2011-07-28 23:00:00,128.21039
2011-07-29 00:00:00,68.39785
2011-07-29 01:00:00,32.57988
2011-07-29 02:00:00,19.623722
2011-07-29 03:00:00,11.596033
2011-07-29 04:00:00,13.454498
2011-07-29 05:00:00,28.771978
2011-07-29 06:00:00,106.9488
2011-07-29 07:00:00,283.51453
2011-07-29 08:00:00,418.35492
2011-07-29 09:00:00,210.68312
2011-07-29 10:00:00,149.08763
2011-07-29 11:00:00,170.07742
2011-07-29 12:00:00,195.47702
2011-07-29 13:00:00,176.76367
2011-07-29 14:00:00,179.25478
2011-07-29 15:00:00,189.00558
2011-07-29 16:00:00,289.83667
2011-07-29 17:00:00,479.9426
2011-07-29 18:00:00,428.08777
2011-07-29 19:00:00,315.9186
2011-07-29 20:00:00,265.3064
2011-07-29 21:00:00,234.06065
2011-07-29 22:00:00,204.18993
2011-07-29 23:00:00,149.00089
2011-07-30 00:00:00,129.48947
2011-07-30 01:00:00,99.264046
2011-07-30 02:00:00,79.543686
2011-07-30 03:00:00,36.68952
2011-07-30 04:00:00,14.471415
2011-07-30 05:00:00,21.25863
2011-07-30 06:00:00,32.25198
2011-07-30 07:00:00,72.7459
2011-07-30 08:00:00,146.38617
2011-07-30 09:00:00,212.07907
2011-07-30 10:00:00,294.51245
2011-07-30 11:00:00,358.6608
2011-07-30 12:00:00,395.24176
2011-07-30 13:00:00,371.87512
2011-07-30 14:00:00,356.77267
2011-07-30 15:00:00,366.21127
2011-07-30 16:00:00,368.19397
2011-07-30 17:00:00,381.715
2011-07-30 18:00:00,371.88327
2011-07-30 19:00:00,357.999
2011-07-30 20:00:00,288.30002
2011-07-30 21:00:00,249.38535
2011-07-30 22:00:00,205.87393
2011-07-30 23:00:00,156.927
2011-07-31 00:00:00,130.21498
2011-07-31 01:00:00,98.9351
2011-07-31 02:00:00,80.334915
2011-07-31 03:00:00,33.413177
2011-07-31 04:00:00,8.647554
2011-07-31 05:00:00,8.993068
2011-07-31 06:00:00,16.675444
2011-07-31 07:00:00,70.17828
2011-07-31 08:00:00,125.68387
2011-07-31 09:00:00,190.284
2011-07-31 10:00:00,288.43768
2011-07-31 11:00:00,342.62292
2011-07-31 12:00:00,370.4059
2011-07-31 13:00:00,376.34222
2011-07-31 14:00:00,364.6046
2011-07-31 15:00:00,348.60815
2011-07-31 16:00:00,339.91748
2011-07-31 17:00:00,343.7815
2011-07-31 18:00:00,355.68042
2011-07-31 19:00:00,331.50797
2011-07-31 20:00:00,275.00043
2011-07-31 21:00:00,214.07687
2011-07-31 22:00:00,133.47461
2011-07-31 23:00:00,94.41099
2011-08-20 00:00:00,102.99086
2011-08-20 01:00:00,78.62752
2011-08-20 02:00:00,59.429764
2011-08-20 03:00:00,24.718773
2011-08-20 04:00:00,5.6189103
2011-08-20 05:00:00,7.9095774
2011-08-20 06:00:00,12.109134
2011-08-20 07:00:00,48.78206
2011-08-20 08:00:00,116.46539
2011-08-20 09:00:00,203.36124
2011-08-20 10:00:00,291.10437
2011-08-20 11:00:00,348.19345
2011-08-20 12:00:00,385.68555
2011-08-20 13:00:00,371.1526
2011-08-20 14:00:00,390.8335
2011-08-20 15:00:00,380.3579
2011-08-20 16:00:00,382.41144
2011-08-20 17:00:00,407.80505
2011-08-20 18:00:00,351.44315
2011-08-20 19:00:00,326.5868
2011-08-20 20:00:00,263.33865
2011-08-20 21:00:00,203.90605
2011-08-20 22:00:00,150.75078
2011-08-20 23:00:00,137.57492
2011-08-21 00:00:00,121.26351
2011-08-21 01:00:00,94.84542
2011-08-21 02:00:00,76.31955
2011-08-21 03:00:00,30.830399
2011-08-21 04:00:00,6.499904
2011-08-21 05:00:00,3.967229
2011-08-21 06:00:00,9.454531
2011-08-21 07:00:00,40.91106
2011-08-21 08:00:00,81.98334
2011-08-21 09:00:00,175.29434
2011-08-21 10:00:00,263.22458
2011-08-21 11:00:00,334.1418
2011-08-21 12:00:00,372.83298
2011-08-21 13:00:00,394.7241
2011-08-21 14:00:00,245.98521
2011-08-21 15:00:00,287.0881
2011-08-21 16:00:00,267.4935
2011-08-21 17:00:00,250.62549
2011-08-21 18:00:00,253.66505
2011-08-21 19:00:00,287.89206
2011-08-21 20:00:00,193.42645
2011-08-21 21:00:00,161.2835
2011-08-21 22:00:00,115.362495
2011-08-21 23:00:00,80.88631
2011-08-22 00:00:00,36.59329
2011-08-22 01:00:00,16.779043
2011-08-22 02:00:00,13.337546
2011-08-22 03:00:00,10.105349
2011-08-22 04:00:00,7.463185
2011-08-22 05:00:00,23.26862
2011-08-22 06:00:00,103.82874
2011-08-22 07:00:00,286.0916
2011-08-22 08:00:00,398.47043
2011-08-22 09:00:00,193.19644
2011-08-22 10:00:00,128.2256
2011-08-22 11:00:00,145.42941
2011-08-22 12:00:00,189.28432
2011-08-22 13:00:00,182.1644
2011-08-22 14:00:00,171.73735
2011-08-22 15:00:00,175.61086
2011-08-22 16:00:00,289.55145
2011-08-22 17:00:00,557.6124
2011-08-22 18:00:00,534.8378
2011-08-22 19:00:00,384.86755
2011-08-22 20:00:00,282.601
2011-08-22 21:00:00,211.57906
2011-08-22 22:00:00,134.7228
2011-08-22 23:00:00,81.60591
2011-08-23 00:00:00,39.803284
2011-08-23 01:00:00,13.1928215
2011-08-23 02:00:00,3.9385514
2011-08-23 03:00:00,1.708873
2011-08-23 04:00:00,5.9427547
2011-08-23 05:00:00,25.073154
2011-08-23 06:00:00,115.07753
2011-08-23 07:00:00,320.76575
2011-08-23 08:00:00,430.38953
2011-08-23 09:00:00,207.97575
2011-08-23 10:00:00,119.556625
2011-08-23 11:00:00,148.45287
2011-08-23 12:00:00,193.33516
2011-08-23 13:00:00,199.05423
2011-08-23 14:00:00,183.00449
2011-08-23 15:00:00,188.70149
2011-08-23 16:00:00,299.44574
2011-08-23 17:00:00,582.2739
2011-08-23 18:00:00,555.3353
2011-08-23 19:00:00,376.21228
2011-08-23 20:00:00,284.58997
2011-08-23 21:00:00,206.85034
2011-08-23 22:00:00,156.45715
2011-08-23 23:00:00,89.47376
2011-08-24 00:00:00,39.769764
2011-08-24 01:00:00,15.675999
2011-08-24 02:00:00,11.361223
2011-08-24 03:00:00,8.936883
2011-08-24 04:00:00,4.602952
2011-08-24 05:00:00,24.225117
2011-08-24 06:00:00,107.123566
2011-08-24 07:00:00,318.32346
2011-08-24 08:00:00,431.75784
2011-08-24 09:00:00,202.40489
2011-08-24 10:00:00,128.33478
2011-08-24 11:00:00,151.5982
2011-08-24 12:00:00,182.87994
2011-08-24 13:00:00,184.88165
2011-08-24 14:00:00,173.87354
2011-08-24 15:00:00,177.44775
2011-08-24 16:00:00,272.79303
2011-08-24 17:00:00,550.2231
2011-08-24 18:00:00,529.9131
2011-08-24 19:00:00,366.2348
2011-08-24 20:00:00,271.85257
2011-08-24 21:00:00,209.61226
2011-08-24 22:00:00,146.07483
2011-08-24 23:00:00,76.17222
2011-08-25 00:00:00,45.563427
2011-08-25 01:00:00,18.283556
2011-08-25 02:00:00,10.778332
2011-08-25 03:00:00,6.744111
2011-08-25 04:00:00,6.8614197
2011-08-25 05:00:00,20.374727
2011-08-25 06:00:00,103.99179
2011-08-25 07:00:00,283.4734
2011-08-25 08:00:00,411.587
2011-08-25 09:00:00,199.27765
2011-08-25 10:00:00,122.32323
2011-08-25 11:00:00,117.70706
2011-08-25 12:00:00,119.03794
2011-08-25 13:00:00,137.23578
2011-08-25 14:00:00,144.5528
2011-08-25 15:00:00,155.52426
2011-08-25 16:00:00,199.97858
2011-08-25 17:00:00,346.4483
2011-08-25 18:00:00,299.95947
2011-08-25 19:00:00,255.47963
2011-08-25 20:00:00,229.87225
2011-08-25 21:00:00,200.43143
2011-08-25 22:00:00,112.48266
2011-08-25 23:00:00,79.45473
2011-08-26 00:00:00,49.076427
2011-08-26 01:00:00,19.672222
2011-08-26 02:00:00,9.02048
2011-08-26 03:00:00,3.5654652
2011-08-26 04:00:00,3.8663704
2011-08-26 05:00:00,18.921005
2011-08-26 06:00:00,92.722374
2011-08-26 07:00:00,259.81036
2011-08-26 08:00:00,398.93304
2011-08-26 09:00:00,222.13861
2011-08-26 10:00:00,159.00099
2011-08-26 11:00:00,169.86612
2011-08-26 12:00:00,219.34882
2011-08-26 13:00:00,226.08533
2011-08-26 14:00:00,187.75728
2011-08-26 15:00:00,224.10358
2011-08-26 16:00:00,316.76096
2011-08-26 17:00:00,420.6699
2011-08-26 18:00:00,358.79578
2011-08-26 19:00:00,260.8986
2011-08-26 20:00:00,216.63513
2011-08-26 21:00:00,178.34042
2011-08-26 22:00:00,155.1713
2011-08-26 23:00:00,131.00514
2011-08-27 00:00:00,110.89744
2011-08-27 01:00:00,83.941696
2011-08-27 02:00:00,61.60677
2011-08-27 03:00:00,26.264503
2011-08-27 04:00:00,9.376941
2011-08-27 05:00:00,7.457882
2011-08-27 06:00:00,16.506268
2011-08-27 07:00:00,44.339962
2011-08-27 08:00:00,112.24382
2011-08-27 09:00:00,160.36824
2011-08-27 10:00:00,230.82802
2011-08-27 11:00:00,211.51299
2011-08-27 12:00:00,237.49799
2011-08-27 13:00:00,230.71687
2011-08-27 14:00:00,221.94576
2011-08-27 15:00:00,239.15572
2011-08-27 16:00:00,200.57094
2011-08-27 17:00:00,160.41609
2011-08-28 07:00:00,56.875465
2011-08-28 08:00:00,96.820786
2011-08-28 09:00:00,162.19598
2011-08-28 10:00:00,282.20105
2011-08-28 11:00:00,348.07172
2011-08-28 12:00:00,399.10538
2011-08-28 13:00:00,415.7243
2011-08-28 14:00:00,382.86038
2011-08-28 15:00:00,363.1018
2011-08-28 16:00:00,364.00024
2011-08-28 17:00:00,397.68857
2011-08-28 18:00:00,363.1927
2011-08-28 19:00:00,323.9089
2011-08-28 20:00:00,254.34
2011-08-28 21:00:00,184.36009
2011-08-28 22:00:00,118.19412
2011-08-28 23:00:00,73.19466
2011-08-29 00:00:00,33.369392
2011-08-29 01:00:00,14.3819
2011-08-29 02:00:00,9.234024
2011-08-29 03:00:00,6.869638
2011-08-29 04:00:00,5.509108
2011-08-29 05:00:00,21.61453
2011-08-29 06:00:00,102.90159
2011-08-29 07:00:00,297.10953
2011-08-29 08:00:00,409.48596
2011-08-29 09:00:00,190.85823
2011-08-29 10:00:00,123.82684
2011-08-29 11:00:00,145.87624
2011-08-29 12:00:00,193.60558
2011-08-29 13:00:00,182.77788
2011-08-29 14:00:00,173.05554
2011-08-29 15:00:00,187.20818
2011-08-29 16:00:00,295.04767
2011-08-29 17:00:00,539.28436
2011-08-29 18:00:00,530.70966
2011-08-29 19:00:00,376.53656
2011-08-29 20:00:00,280.50006
2011-08-29 21:00:00,210.45163
2011-08-29 22:00:00,143.217
2011-08-29 23:00:00,78.29581
2011-08-30 00:00:00,32.446327
2011-08-30 01:00:00,13.397326
2011-08-30 02:00:00,8.122027
2011-08-30 03:00:00,5.7406044
2011-08-30 04:00:00,6.821457
2011-08-30 05:00:00,25.432396
2011-08-30 06:00:00,113.15805
2011-08-30 07:00:00,316.269
2011-08-30 08:00:00,455.28494
2011-08-30 09:00:00,203.54932
2011-08-30 10:00:00,132.5378
2011-08-30 11:00:00,153.28275
2011-08-30 12:00:00,181.89384
2011-08-30 13:00:00,191.01567
2011-08-30 14:00:00,175.8349
2011-08-30 15:00:00,186.97536
2011-08-30 16:00:00,297.42963
2011-08-30 17:00:00,573.702
2011-08-30 18:00:00,547.93274
2011-08-30 19:00:00,370.0597
2011-08-30 20:00:00,281.73773
2011-08-30 21:00:00,203.96777
2011-08-30 22:00:00,146.42006
2011-08-30 23:00:00,85.096825
2011-08-31 00:00:00,30.7101
2011-08-31 01:00:00,10.380497
2011-08-31 02:00:00,3.2315507
2011-08-31 03:00:00,2.3386703
2011-08-31 04:00:00,1.185585
2011-08-31 05:00:00,19.713932
2011-08-31 06:00:00,106.927185
2011-08-31 07:00:00,309.6253
2011-08-31 08:00:00,430.7812
2011-08-31 09:00:00,203.8706
2011-08-31 10:00:00,125.290184
2011-08-31 11:00:00,149.50827
2011-08-31 12:00:00,188.80904
2011-08-31 13:00:00,192.1685
2011-08-31 14:00:00,172.53793
2011-08-31 15:00:00,181.71196
2011-08-31 16:00:00,290.31656
2011-08-31 17:00:00,561.90765
2011-08-31 18:00:00,543.4664
2011-08-31 19:00:00,372.22653
2011-08-31 20:00:00,279.80786
2011-08-31 21:00:00,207.81409
2011-08-31 22:00:00,136.64299
2011-08-31 23:00:00,77.04511
2011-09-20 00:00:00,29.89639
2011-09-20 01:00:00,8.880632
2011-09-20 02:00:00,4.2228317
2011-09-20 03:00:00,5.5697546
2011-09-20 04:00:00,4.769919
2011-09-20 05:00:00,22.878452
2011-09-20 06:00:00,105.39852
2011-09-20 07:00:00,288.0736
2011-09-20 08:00:00,198.9499
2011-09-20 09:00:00,127.404045
2011-09-20 10:00:00,105.16767
2011-09-20 11:00:00,116.3266
2011-09-20 12:00:00,104.674164
2011-09-20 13:00:00,103.726524
2011-09-20 14:00:00,129.98451
2011-09-20 15:00:00,168.92435
2011-09-20 16:00:00,214.29901
2011-09-20 17:00:00,389.2374
2011-09-20 18:00:00,362.83127
2011-09-20 19:00:00,247.76021
2011-09-20 20:00:00,160.18723
2011-09-20 21:00:00,117.705696
2011-09-20 22:00:00,105.90292
2011-09-20 23:00:00,64.467026
2011-09-21 00:00:00,23.445936
2011-09-21 01:00:00,8.298635
2011-09-21 02:00:00,4.276951
2011-09-21 03:00:00,0.37292504
2011-09-21 04:00:00,1.4629468
2011-09-21 05:00:00,14.589781
2011-09-21 06:00:00,94.13611
2011-09-21 07:00:00,241.17911
2011-09-21 08:00:00,349.87366
2011-09-21 09:00:00,136.2976
2011-09-21 10:00:00,101.70347
2011-09-21 11:00:00,121.5566
2011-09-21 12:00:00,168.4157
2011-09-21 13:00:00,170.3343
2011-09-21 14:00:00,164.27988
2011-09-21 15:00:00,168.22704
2011-09-21 16:00:00,254.90933
2011-09-21 17:00:00,428.02234
2011-09-21 18:00:00,325.00897
2011-09-21 19:00:00,177.77478
2011-09-21 20:00:00,119.00081
2011-09-21 21:00:00,107.29847
2011-09-21 22:00:00,91.40168
2011-09-21 23:00:00,70.574585
2011-09-22 00:00:00,30.213503
2011-09-22 01:00:00,8.491003
2011-09-22 02:00:00,3.1641068
2011-09-22 03:00:00,2.0069876
2011-09-22 04:00:00,2.061068
2011-09-22 05:00:00,17.928507
2011-09-22 06:00:00,93.88077
2011-09-22 07:00:00,246.79688
2011-09-22 08:00:00,338.12283
2011-09-22 09:00:00,150.37796
2011-09-22 10:00:00,112.65474
2011-09-22 11:00:00,128.39905
2011-09-22 12:00:00,150.57915
2011-09-22 13:00:00,144.17622
2011-09-22 14:00:00,138.51408
2011-09-22 15:00:00,162.96526
2011-09-22 16:00:00,257.04376
2011-09-22 17:00:00,424.90353
2011-09-22 18:00:00,303.91754
2011-09-22 19:00:00,193.95215
2011-09-22 20:00:00,130.57074
2011-09-22 21:00:00,118.01219
2011-09-22 22:00:00,93.86486
2011-09-22 23:00:00,68.36671
2011-09-23 00:00:00,36.82153
2011-09-23 01:00:00,13.786878
2011-09-23 02:00:00,9.412894
2011-09-23 03:00:00,5.2067633
2011-09-23 04:00:00,3.318475
2011-09-23 05:00:00,18.214937
2011-09-23 06:00:00,87.76197
2011-09-23 07:00:00,141.59914
2011-09-23 08:00:00,221.41977
2011-09-23 09:00:00,126.924904
2011-09-23 10:00:00,89.15172
2011-09-23 11:00:00,103.49152
2011-09-23 12:00:00,104.85743
2011-09-23 13:00:00,88.722755
2011-09-23 14:00:00,92.49165
2011-09-23 15:00:00,120.01975
2011-09-23 16:00:00,179.49945
2011-09-23 17:00:00,250.50504
2011-09-23 18:00:00,233.18774
2011-09-23 19:00:00,193.72131
2011-09-23 20:00:00,153.29655
2011-09-23 21:00:00,122.834854
2011-09-23 22:00:00,125.919815
2011-09-23 23:00:00,95.154175
2011-09-24 00:00:00,98.84535
2011-09-24 01:00:00,73.18237
2011-09-24 02:00:00,54.897644
2011-09-24 03:00:00,23.964018
2011-09-24 04:00:00,6.195536
2011-09-24 05:00:00,6.7886305
2011-09-24 06:00:00,13.863762
2011-09-24 07:00:00,53.07227
2011-09-24 08:00:00,80.570145
2011-09-24 09:00:00,179.20772
2011-09-24 10:00:00,249.65045
2011-09-24 11:00:00,290.37714
2011-09-24 12:00:00,318.75052
2011-09-24 13:00:00,340.25668
2011-09-24 14:00:00,322.09665
2011-09-24 15:00:00,344.60236
2011-09-24 16:00:00,322.3417
2011-09-24 17:00:00,322.36563
2011-09-24 18:00:00,299.60596
2011-09-24 19:00:00,224.10071
2011-09-24 20:00:00,170.75464
2011-09-24 21:00:00,145.15022
2011-09-24 22:00:00,120.6329
2011-09-24 23:00:00,113.082405
2011-09-25 00:00:00,95.12401
2011-09-25 01:00:00,79.7236
2011-09-25 02:00:00,56.170918
2011-09-25 03:00:00,24.510258
2011-09-25 04:00:00,6.3832526
2011-09-25 05:00:00,11.731259
2011-09-25 06:00:00,13.349921
2011-09-25 07:00:00,30.966898
2011-09-25 08:00:00,90.211426
2011-09-25 09:00:00,161.16258
2011-09-25 10:00:00,254.11395
2011-09-25 11:00:00,313.10297
2011-09-25 12:00:00,346.57666
2011-09-25 13:00:00,334.28265
2011-09-25 14:00:00,297.85437
2011-09-25 15:00:00,313.78696
2011-09-25 16:00:00,348.11252
2011-09-25 17:00:00,312.28412
2011-09-25 18:00:00,287.6916
2011-09-25 19:00:00,214.98215
2011-09-25 20:00:00,175.42834
2011-09-25 21:00:00,122.078285
2011-09-25 22:00:00,108.89348
2011-09-25 23:00:00,70.25376
2011-09-26 00:00:00,23.159342
2011-09-26 01:00:00,8.527306
2011-09-26 02:00:00,3.547452
2011-09-26 03:00:00,2.475274
2011-09-26 04:00:00,1.686794
2011-09-26 05:00:00,22.527016
2011-09-26 06:00:00,94.0013
2011-09-26 07:00:00,258.81274
2011-09-26 08:00:00,350.59714
2011-09-26 09:00:00,184.6963
2011-09-26 10:00:00,110.01175
2011-09-26 11:00:00,134.34648
2011-09-26 12:00:00,153.8281
2011-09-26 13:00:00,170.38217
2011-09-26 14:00:00,174.23267
2011-09-26 15:00:00,186.80609
2011-09-26 16:00:00,291.55722
2011-09-26 17:00:00,532.05237
2011-09-26 18:00:00,343.10184
2011-09-26 19:00:00,285.6208
2011-09-26 20:00:00,175.51894
2011-09-26 21:00:00,131.91745
2011-09-26 22:00:00,96.45006
2011-09-26 23:00:00,55.006107
2011-09-27 00:00:00,24.528479
2011-09-27 01:00:00,8.492556
2011-09-27 02:00:00,4.069225
2011-09-27 03:00:00,1.9697304
2011-09-27 04:00:00,5.3686466
2011-09-27 05:00:00,17.947168
2011-09-27 06:00:00,95.630554
2011-09-27 07:00:00,265.33795
2011-09-27 08:00:00,394.2969
2011-09-27 09:00:00,166.70677
2011-09-27 10:00:00,96.74978
2011-09-27 11:00:00,122.95206
2011-09-27 12:00:00,140.67079
2011-09-27 13:00:00,169.01477
2011-09-27 14:00:00,149.80199
2011-09-27 15:00:00,143.1343
2011-09-27 16:00:00,218.08926
2011-09-27 17:00:00,252.52095
2011-09-27 18:00:00,245.29276
2011-09-27 19:00:00,214.29541
2011-09-27 20:00:00,243.89104
2011-09-27 21:00:00,143.99446
2011-09-27 22:00:00,124.45534
2011-09-27 23:00:00,75.659355
2011-09-28 00:00:00,30.001
2011-09-28 01:00:00,10.813066
2011-09-28 02:00:00,7.351732
2011-09-28 03:00:00,1.1205292
2011-09-28 04:00:00,4.7981997
2011-09-28 05:00:00,18.68608
2011-09-28 06:00:00,63.133667
2011-09-28 07:00:00,120.01253
2011-09-28 08:00:00,243.40848
2011-09-28 09:00:00,139.9186
2011-09-28 10:00:00,71.50018
2011-09-28 11:00:00,122.76153
2011-09-28 12:00:00,148.7708
2011-09-28 13:00:00,171.34186
2011-09-28 14:00:00,177.58952
2011-09-28 15:00:00,182.43976
2011-09-28 16:00:00,281.1933
2011-09-28 17:00:00,532.61725
2011-09-28 18:00:00,320.67087
2011-09-28 19:00:00,244.70865
2011-09-28 20:00:00,141.01811
2011-09-28 21:00:00,117.78821
2011-09-28 22:00:00,125.67701
2011-09-28 23:00:00,67.22893
2011-09-29 00:00:00,29.875015
2011-09-29 01:00:00,9.908187
2011-09-29 02:00:00,5.8700137
2011-09-29 03:00:00,5.421661
2011-09-29 04:00:00,6.278089
2011-09-29 05:00:00,21.398512
2011-09-29 06:00:00,105.75029
2011-09-29 07:00:00,314.22418
2011-09-29 08:00:00,439.46616
2011-09-29 09:00:00,210.45573
2011-09-29 10:00:00,126.79726
2011-09-29 11:00:00,153.25436
2011-09-29 12:00:00,192.04375
2011-09-29 13:00:00,189.81888
2011-09-29 14:00:00,176.44553
2011-09-29 15:00:00,182.67609
2011-09-29 16:00:00,290.88892
2011-09-29 17:00:00,562.5467
2011-09-29 18:00:00,531.4165
2011-09-29 19:00:00,371.88412
2011-09-29 20:00:00,285.71582
2011-09-29 21:00:00,192.0596
2011-09-29 22:00:00,140.7298
2011-09-29 23:00:00,93.93133
2011-09-30 00:00:00,54.29861
2011-09-30 01:00:00,27.427553
2011-09-30 02:00:00,16.613081
2011-09-30 03:00:00,9.58324
2011-09-30 04:00:00,7.606647
2011-09-30 05:00:00,24.239498
2011-09-30 06:00:00,103.44451
2011-09-30 07:00:00,279.33344
2011-09-30 08:00:00,430.55368
2011-09-30 09:00:00,222.38902
2011-09-30 10:00:00,165.77852
2011-09-30 11:00:00,194.60733
2011-09-30 12:00:00,239.6013
2011-09-30 13:00:00,225.62135
2011-09-30 14:00:00,216.94241
2011-09-30 15:00:00,231.52061
2011-09-30 16:00:00,347.23032
2011-09-30 17:00:00,549.68713
2011-09-30 18:00:00,448.18658
2011-09-30 19:00:00,271.30548
2011-09-30 20:00:00,207.63242
2011-09-30 21:00:00,169.10144
2011-09-30 22:00:00,141.34627
2011-09-30 23:00:00,113.37569
2011-10-20 00:00:00,25.934233
2011-10-20 01:00:00,11.801963
2011-10-20 02:00:00,5.4325576
2011-10-20 03:00:00,6.9280243
2011-10-20 04:00:00,6.734915
2011-10-20 05:00:00,23.208593
2011-10-20 06:00:00,106.1102
2011-10-20 07:00:00,284.91718
2011-10-20 08:00:00,440.08105
2011-10-20 09:00:00,209.36096
2011-10-20 10:00:00,116.590935
2011-10-20 11:00:00,139.22379
2011-10-20 12:00:00,175.20265
2011-10-20 13:00:00,168.67162
2011-10-20 14:00:00,151.59718
2011-10-20 15:00:00,155.30803
2011-10-20 16:00:00,241.89789
2011-10-20 17:00:00,467.6823
2011-10-20 18:00:00,404.13208
2011-10-20 19:00:00,280.19537
2011-10-20 20:00:00,204.17636
2011-10-20 21:00:00,153.515
2011-10-20 22:00:00,116.55443
2011-10-20 23:00:00,82.55898
2011-10-21 00:00:00,48.840546
2011-10-21 01:00:00,22.56073
2011-10-21 02:00:00,13.611893
2011-10-21 03:00:00,7.15615
2011-10-21 04:00:00,5.9065967
2011-10-21 05:00:00,20.056236
2011-10-21 06:00:00,91.004166
2011-10-21 07:00:00,261.15402
2011-10-21 08:00:00,453.33597
2011-10-21 09:00:00,232.41312
2011-10-21 10:00:00,144.30353
2011-10-21 11:00:00,173.08127
2011-10-21 12:00:00,214.26436
2011-10-21 13:00:00,201.87837
2011-10-21 14:00:00,206.49203
2011-10-21 15:00:00,213.97531
2011-10-21 16:00:00,315.29538
2011-10-21 17:00:00,460.87927
2011-10-21 18:00:00,390.10443
2011-10-21 19:00:00,228.78487
2011-10-21 20:00:00,178.41434
2011-10-21 21:00:00,150.77176
2011-10-21 22:00:00,132.18932
2011-10-21 23:00:00,94.52718
2011-10-22 00:00:00,88.30521
2011-10-22 01:00:00,68.66662
2011-10-22 02:00:00,51.9355
2011-10-22 03:00:00,25.53859
2011-10-22 04:00:00,10.653539
2011-10-22 05:00:00,9.019926
2011-10-22 06:00:00,15.064996
2011-10-22 07:00:00,51.38047
2011-10-22 08:00:00,87.780525
2011-10-22 09:00:00,197.00299
2011-10-22 10:00:00,240.8256
2011-10-22 11:00:00,301.05115
2011-10-22 12:00:00,362.85556
2011-10-22 13:00:00,385.82144
2011-10-22 14:00:00,352.74817
2011-10-22 15:00:00,366.69437
2011-10-22 16:00:00,370.77814
2011-10-22 17:00:00,316.25922
2011-10-22 18:00:00,261.1277
2011-10-22 19:00:00,193.68307
2011-10-22 20:00:00,153.14519
2011-10-22 21:00:00,130.70609
2011-10-22 22:00:00,119.088326
2011-10-22 23:00:00,95.22031
2011-10-23 00:00:00,86.78379
2011-10-23 01:00:00,76.93495
2011-10-23 02:00:00,59.729424
2011-10-23 03:00:00,29.221825
2011-10-23 04:00:00,9.455675
2011-10-23 05:00:00,8.572545
2011-10-23 06:00:00,12.206631
2011-10-23 07:00:00,41.745155
2011-10-23 08:00:00,69.85479
2011-10-23 09:00:00,166.53333
2011-10-23 10:00:00,252.18007
2011-10-23 11:00:00,298.31412
2011-10-23 12:00:00,374.7231
2011-10-23 13:00:00,379.31567
2011-10-23 14:00:00,364.93195
2011-10-23 15:00:00,362.3901
2011-10-23 16:00:00,356.48697
2011-10-23 17:00:00,331.97928
2011-10-23 18:00:00,285.29465
2011-10-23 19:00:00,188.4104
2011-10-23 20:00:00,138.22226
2011-10-23 21:00:00,114.21016
2011-10-23 22:00:00,88.33035
2011-10-23 23:00:00,58.716156
2011-10-24 00:00:00,25.694496
2011-10-24 01:00:00,12.421466
2011-10-24 02:00:00,5.7651863
2011-10-24 03:00:00,5.1116676
2011-10-24 04:00:00,4.403444
2011-10-24 05:00:00,21.867966
2011-10-24 06:00:00,97.498665
2011-10-24 07:00:00,259.6006
2011-10-24 08:00:00,413.28314
2011-10-24 09:00:00,213.73459
2011-10-24 10:00:00,114.49697
2011-10-24 11:00:00,141.36789
2011-10-24 12:00:00,184.22227
2011-10-24 13:00:00,176.20586
2011-10-24 14:00:00,158.48526
2011-10-24 15:00:00,188.75458
2011-10-24 16:00:00,276.7695
2011-10-24 17:00:00,536.1307
2011-10-24 18:00:00,496.58124
2011-10-24 19:00:00,230.33963
2011-10-24 20:00:00,213.44765
2011-10-24 21:00:00,145.17032
2011-10-24 22:00:00,116.880394
2011-10-24 23:00:00,57.400352
2011-10-25 00:00:00,32.04657
2011-10-25 01:00:00,13.117493
2011-10-25 02:00:00,7.5021973
2011-10-25 03:00:00,3.6428208
2011-10-25 04:00:00,4.8521705
2011-10-25 05:00:00,23.298904
2011-10-25 06:00:00,104.447044
2011-10-25 07:00:00,286.39697
2011-10-25 08:00:00,455.58447
2011-10-25 09:00:00,213.55072
2011-10-25 10:00:00,121.47152
2011-10-25 11:00:00,146.20052
2011-10-25 12:00:00,183.73676
2011-10-25 13:00:00,182.15009
2011-10-25 14:00:00,171.63889
2011-10-25 15:00:00,189.6713
2011-10-25 16:00:00,301.6903
2011-10-25 17:00:00,578.4319
2011-10-25 18:00:00,505.32886
2011-10-25 19:00:00,309.41962
2011-10-25 20:00:00,221.48114
2011-10-25 21:00:00,167.43922
2011-10-25 22:00:00,121.15987
2011-10-25 23:00:00,67.880646
2011-10-26 00:00:00,31.523443
2011-10-26 01:00:00,10.781144
2011-10-26 02:00:00,7.9345746
2011-10-26 03:00:00,3.8800569
2011-10-26 04:00:00,2.691577
2011-10-26 05:00:00,23.567844
2011-10-26 06:00:00,108.137314
2011-10-26 07:00:00,301.85226
2011-10-26 08:00:00,432.82898
2011-10-26 09:00:00,216.60733
2011-10-26 10:00:00,120.423676
2011-10-26 11:00:00,145.59914
2011-10-26 12:00:00,172.67178
2011-10-26 13:00:00,158.57092
2011-10-26 14:00:00,141.14777
2011-10-26 15:00:00,153.07474
2011-10-26 16:00:00,249.15726
2011-10-26 17:00:00,458.7938
2011-10-26 18:00:00,465.90375
2011-10-26 19:00:00,263.13437
2011-10-26 20:00:00,186.138
2011-10-26 21:00:00,159.0664
2011-10-26 22:00:00,115.80187
2011-10-26 23:00:00,67.20634
2011-10-27 00:00:00,33.015476
2011-10-27 01:00:00,10.692334
2011-10-27 02:00:00,3.7329
2011-10-27 03:00:00,3.027147
2011-10-27 04:00:00,2.5459545
2011-10-27 05:00:00,17.139147
2011-10-27 06:00:00,68.99461
2011-10-27 07:00:00,261.23398
2011-10-27 08:00:00,256.08917
2011-10-27 09:00:00,221.60934
2011-10-27 10:00:00,104.45271
2011-10-27 11:00:00,113.66239
2011-10-27 12:00:00,113.95636
2011-10-27 13:00:00,147.179
2011-10-27 14:00:00,129.46558
2011-10-27 15:00:00,148.5529
2011-10-27 16:00:00,267.12643
2011-10-27 17:00:00,423.91068
2011-10-27 18:00:00,395.71014
2011-10-27 19:00:00,242.82019
2011-10-27 20:00:00,190.38237
2011-10-27 21:00:00,138.8686
2011-10-27 22:00:00,91.28214
2011-10-27 23:00:00,63.919033
2011-10-28 00:00:00,41.83384
2011-10-28 01:00:00,16.057947
2011-10-28 02:00:00,9.34849
2011-10-28 03:00:00,1.6003366
2011-10-28 04:00:00,2.4144502
2011-10-28 05:00:00,17.051373
2011-10-28 06:00:00,82.10907
2011-10-28 07:00:00,235.38745
2011-10-28 08:00:00,440.69006
2011-10-28 09:00:00,227.76976
2011-10-28 10:00:00,133.76678
2011-10-28 11:00:00,146.77573
2011-10-28 12:00:00,192.79414
2011-10-28 13:00:00,186.85146
2011-10-28 14:00:00,167.66934
2011-10-28 15:00:00,185.88019
2011-10-28 16:00:00,238.92952
2011-10-28 17:00:00,411.1566
2011-10-28 18:00:00,363.135
2011-10-28 19:00:00,239.61234
2011-10-28 20:00:00,131.88756
2011-10-28 21:00:00,83.861206
2011-10-28 22:00:00,53.90779
2011-10-28 23:00:00,37.368954
2011-10-29 00:00:00,58.05719
2011-10-29 01:00:00,46.708584
2011-10-29 02:00:00,32.763874
2011-10-29 03:00:00,8.065259
2011-10-29 04:00:00,0.0
2011-10-29 05:00:00,2.9379954
2011-10-29 06:00:00,1.3012798
2011-10-29 07:00:00,49.546635
2011-10-29 08:00:00,91.796265
2011-10-29 09:00:00,97.98623
2011-10-29 10:00:00,116.019516
2011-10-29 11:00:00,115.733765
2011-10-29 12:00:00,109.99663
2011-10-29 13:00:00,105.96995
2011-10-29 14:00:00,124.4394
2011-10-29 15:00:00,141.2568
2011-10-29 16:00:00,141.59358
2011-10-29 17:00:00,130.02086
2011-10-29 18:00:00,118.92853
2011-10-29 19:00:00,113.64647
2011-10-29 20:00:00,86.058754
2011-10-29 21:00:00,67.9947
2011-10-29 22:00:00,72.34195
2011-10-29 23:00:00,64.22184
2011-10-30 00:00:00,73.65592
2011-10-30 01:00:00,64.05553
2011-10-30 02:00:00,45.18841
2011-10-30 03:00:00,18.34102
2011-10-30 04:00:00,0.99252045
2011-10-30 05:00:00,0.0
2011-10-30 06:00:00,4.7978697
2011-10-30 07:00:00,25.585442
2011-10-30 08:00:00,52.05974
2011-10-30 09:00:00,132.85889
2011-10-30 10:00:00,223.48935
2011-10-30 11:00:00,277.08478
2011-10-30 12:00:00,325.78168
2011-10-30 13:00:00,343.28162
2011-10-30 14:00:00,357.18634
2011-10-30 15:00:00,356.72012
2011-10-30 16:00:00,336.70926
2011-10-30 17:00:00,262.19
2011-10-30 18:00:00,213.05684
2011-10-30 19:00:00,282.8853
2011-10-30 20:00:00,117.05573
2011-10-30 21:00:00,92.268585
2011-10-30 22:00:00,73.637405
2011-10-30 23:00:00,49.557755
2011-10-31 00:00:00,21.072788
2011-10-31 01:00:00,7.480344
2011-10-31 02:00:00,2.8104684
2011-10-31 03:00:00,2.3377645
2011-10-31 04:00:00,2.6297328
2011-10-31 05:00:00,17.762693
2011-10-31 06:00:00,84.338974
2011-10-31 07:00:00,255.68599
2011-10-31 08:00:00,423.31268
2011-10-31 09:00:00,203.15825
2011-10-31 10:00:00,116.182686
2011-10-31 11:00:00,131.60512
2011-10-31 12:00:00,167.04901
2011-10-31 13:00:00,162.69823
2011-10-31 14:00:00,143.64441
2011-10-31 15:00:00,168.66907
2011-10-31 16:00:00,248.76797
2011-10-31 17:00:00,495.1557
2011-10-31 18:00:00,412.31912
2011-10-31 19:00:00,276.9141
2011-10-31 20:00:00,190.44249
2011-10-31 21:00:00,132.91353
2011-10-31 22:00:00,98.39872
2011-10-31 23:00:00,52.180542
2011-11-20 00:00:00,85.15133
2011-11-20 01:00:00,71.396996
2011-11-20 02:00:00,56.08263
2011-11-20 03:00:00,28.561563
2011-11-20 04:00:00,7.509038
2011-11-20 05:00:00,6.313693
2011-11-20 06:00:00,11.422254
2011-11-20 07:00:00,36.56825
2011-11-20 08:00:00,62.63326
2011-11-20 09:00:00,163.18279
2011-11-20 10:00:00,227.83247
2011-11-20 11:00:00,318.00732
2011-11-20 12:00:00,348.32993
2011-11-20 13:00:00,353.59753
2011-11-20 14:00:00,340.21234
2011-11-20 15:00:00,322.85767
2011-11-20 16:00:00,308.65997
2011-11-20 17:00:00,258.79663
2011-11-20 18:00:00,254.18823
2011-11-20 19:00:00,204.8565
2011-11-20 20:00:00,177.09071
2011-11-20 21:00:00,127.95272
2011-11-20 22:00:00,65.5513
2011-11-20 23:00:00,50.534317
2011-11-21 00:00:00,24.73873
2011-11-21 01:00:00,10.43964
2011-11-21 02:00:00,6.189864
2011-11-21 03:00:00,3.5512037
2011-11-21 04:00:00,3.9925985
2011-11-21 05:00:00,18.356531
2011-11-21 06:00:00,90.90834
2011-11-21 07:00:00,250.33562
2011-11-21 08:00:00,401.86853
2011-11-21 09:00:00,176.19597
2011-11-21 10:00:00,110.000534
2011-11-21 11:00:00,129.27036
2011-11-21 12:00:00,170.56065
2011-11-21 13:00:00,166.13039
2011-11-21 14:00:00,141.45972
2011-11-21 15:00:00,101.83323
2011-11-21 16:00:00,127.95217
2011-11-21 17:00:00,156.01807
2011-11-21 18:00:00,206.36168
2011-11-21 19:00:00,164.78848
2011-11-21 20:00:00,133.37341
2011-11-21 21:00:00,113.527794
2011-11-21 22:00:00,75.026794
2011-11-21 23:00:00,45.49497
2011-11-22 00:00:00,19.120481
2011-11-22 01:00:00,8.000231
2011-11-22 02:00:00,3.3345947
2011-11-22 03:00:00,3.0496166
2011-11-22 04:00:00,3.693864
2011-11-22 05:00:00,15.282372
2011-11-22 06:00:00,85.73799
2011-11-22 07:00:00,108.1762
2011-11-22 08:00:00,194.46034
2011-11-22 09:00:00,116.683685
2011-11-22 10:00:00,75.722595
2011-11-22 11:00:00,95.83715
2011-11-22 12:00:00,95.8276
2011-11-22 13:00:00,94.12964
2011-11-22 14:00:00,85.776474
2011-11-22 15:00:00,84.99274
2011-11-22 16:00:00,119.19315
2011-11-22 17:00:00,186.3198
2011-11-22 18:00:00,185.39647
2011-11-22 19:00:00,173.11711
2011-11-22 20:00:00,160.19572
2011-11-22 21:00:00,123.034996
2011-11-22 22:00:00,101.993034
2011-11-22 23:00:00,57.90934
2011-11-23 00:00:00,22.994932
2011-11-23 01:00:00,7.7660527
2011-11-23 02:00:00,7.912761
2011-11-23 03:00:00,7.0575128
2011-11-23 04:00:00,7.287874
2011-11-23 05:00:00,17.146458
2011-11-23 06:00:00,88.68477
2011-11-23 07:00:00,241.17464
2011-11-23 08:00:00,402.97797
2011-11-23 09:00:00,178.67697
2011-11-23 10:00:00,94.863914
2011-11-23 11:00:00,130.9833
2011-11-23 12:00:00,166.07285
2011-11-23 13:00:00,141.65588
2011-11-23 14:00:00,136.46535
2011-11-23 15:00:00,139.14592
2011-11-23 16:00:00,193.76842
2011-11-23 17:00:00,257.4522
2011-11-23 18:00:00,361.09238
2011-11-23 19:00:00,248.59988
2011-11-23 20:00:00,170.06528
2011-11-23 21:00:00,124.344894
2011-11-23 22:00:00,92.473694
2011-11-23 23:00:00,52.893673
2011-11-24 00:00:00,48.348335
2011-11-24 01:00:00,27.193705
2011-11-24 02:00:00,17.660389
2011-11-24 03:00:00,8.8710985
2011-11-24 04:00:00,7.908011
2011-11-24 05:00:00,18.995205
2011-11-24 06:00:00,41.302624
2011-11-24 07:00:00,87.71388
2011-11-24 08:00:00,224.92056
2011-11-24 09:00:00,205.12161
2011-11-24 10:00:00,176.27045
2011-11-24 11:00:00,232.80545
2011-11-24 12:00:00,277.44553
2011-11-24 13:00:00,295.24234
2011-11-24 14:00:00,307.0014
2011-11-24 15:00:00,302.75647
2011-11-24 16:00:00,283.45535
2011-11-24 17:00:00,347.40262
2011-11-24 18:00:00,286.67062
2011-11-24 19:00:00,209.18222
2011-11-24 20:00:00,157.89447
2011-11-24 21:00:00,132.42972
2011-11-24 22:00:00,114.81355
2011-11-24 23:00:00,80.43598
2011-11-25 00:00:00,41.888714
2011-11-25 01:00:00,17.174057
2011-11-25 02:00:00,9.124046
2011-11-25 03:00:00,5.043155
2011-11-25 04:00:00,6.176164
2011-11-25 05:00:00,18.58383
2011-11-25 06:00:00,80.418686
2011-11-25 07:00:00,239.68602
2011-11-25 08:00:00,420.52948
2011-11-25 09:00:00,225.6867
2011-11-25 10:00:00,136.0974
2011-11-25 11:00:00,151.32721
2011-11-25 12:00:00,192.46829
2011-11-25 13:00:00,206.14069
2011-11-25 14:00:00,195.29584
2011-11-25 15:00:00,216.5511
2011-11-25 16:00:00,296.3328
2011-11-25 17:00:00,468.823
2011-11-25 18:00:00,394.84756
2011-11-25 19:00:00,232.49287
2011-11-25 20:00:00,175.07574
2011-11-25 21:00:00,124.13988
2011-11-25 22:00:00,113.12379
2011-11-25 23:00:00,84.64546
2011-11-26 00:00:00,81.109215
2011-11-26 01:00:00,66.80008
2011-11-26 02:00:00,47.16012
2011-11-26 03:00:00,19.247114
2011-11-26 04:00:00,6.9360604
2011-11-26 05:00:00,10.603884
2011-11-26 06:00:00,16.327831
2011-11-26 07:00:00,43.77312
2011-11-26 08:00:00,90.425674
2011-11-26 09:00:00,181.78156
2011-11-26 10:00:00,212.28786
2011-11-26 11:00:00,282.0567
2011-11-26 12:00:00,338.0119
2011-11-26 13:00:00,359.89523
2011-11-26 14:00:00,345.05823
2011-11-26 15:00:00,371.01358
2011-11-26 16:00:00,315.4635
2011-11-26 17:00:00,248.65645
2011-11-26 18:00:00,224.79234
2011-11-26 19:00:00,180.06325
2011-11-26 20:00:00,151.07906
2011-11-26 21:00:00,117.336365
2011-11-26 22:00:00,109.259766
2011-11-26 23:00:00,82.78951
2011-11-27 00:00:00,83.85377
2011-11-27 01:00:00,78.40189
2011-11-27 02:00:00,55.614845
2011-11-27 03:00:00,28.577627
2011-11-27 04:00:00,9.923557
2011-11-27 05:00:00,6.308234
2011-11-27 06:00:00,13.612588
2011-11-27 07:00:00,35.003983
2011-11-27 08:00:00,60.6052
2011-11-27 09:00:00,155.22572
2011-11-27 10:00:00,230.3475
2011-11-27 11:00:00,319.1513
2011-11-27 12:00:00,365.46133
2011-11-27 13:00:00,368.3173
2011-11-27 14:00:00,417.03516
2011-11-27 15:00:00,384.8524
2011-11-27 16:00:00,375.86374
2011-11-27 17:00:00,284.73444
2011-11-27 18:00:00,247.21725
2011-11-27 19:00:00,192.10574
2011-11-27 20:00:00,159.02917
2011-11-27 21:00:00,114.97127
2011-11-27 22:00:00,92.64998
2011-11-27 23:00:00,63.822453
2011-11-28 00:00:00,30.319242
2011-11-28 01:00:00,10.925212
2011-11-28 03:00:00,4.1524777
2011-11-28 04:00:00,6.1315217
2011-11-28 05:00:00,22.53565
2011-11-28 06:00:00,102.262
2011-11-28 07:00:00,282.25684
2011-11-28 08:00:00,407.09412
2011-11-28 09:00:00,210.44635
2011-11-28 10:00:00,122.50966
2011-11-28 11:00:00,146.36627
2011-11-28 12:00:00,184.91364
2011-11-28 13:00:00,168.33203
2011-11-28 14:00:00,166.55457
2011-11-28 15:00:00,182.91364
2011-11-28 16:00:00,278.6249
2011-11-28 17:00:00,518.59924
2011-11-28 18:00:00,503.8075
2011-11-28 19:00:00,300.59766
2011-11-28 20:00:00,221.81683
2011-11-28 21:00:00,172.47469
2011-11-28 22:00:00,116.81776
2011-11-28 23:00:00,63.097565
2011-11-29 00:00:00,29.542526
2011-11-29 01:00:00,13.839417
2011-11-29 02:00:00,5.593904
2011-11-29 03:00:00,3.803875
2011-11-29 04:00:00,2.9669206
2011-11-29 05:00:00,23.890495
2011-11-29 06:00:00,108.204155
2011-11-29 07:00:00,309.5981
2011-11-29 08:00:00,446.0247
2011-11-29 09:00:00,173.93332
2011-11-29 10:00:00,123.614
2011-11-29 11:00:00,111.27151
2011-11-29 12:00:00,94.805664
2011-11-29 13:00:00,88.46429
2011-11-29 14:00:00,85.65638
2011-11-29 15:00:00,85.65219
2011-11-29 16:00:00,117.251945
2011-11-29 17:00:00,278.13806
2011-11-29 18:00:00,276.80945
2011-11-29 19:00:00,220.3855
2011-11-29 20:00:00,157.52518
2011-11-29 21:00:00,125.34573
2011-11-29 22:00:00,97.77047
2011-11-29 23:00:00,48.775047
2011-11-30 00:00:00,29.369488
2011-11-30 01:00:00,11.387923
2011-11-30 02:00:00,6.146385
2011-11-30 03:00:00,3.8364308
2011-11-30 04:00:00,2.4734075
2011-11-30 05:00:00,20.653625
2011-11-30 06:00:00,90.0669
2011-11-30 07:00:00,253.78589
2011-11-30 08:00:00,433.66284
2011-11-30 09:00:00,213.95915
2011-11-30 10:00:00,113.986885
2011-11-30 11:00:00,127.26333
2011-11-30 12:00:00,142.754
2011-11-30 13:00:00,146.66354
2011-11-30 14:00:00,134.40656
2011-11-30 15:00:00,144.2523
2011-11-30 16:00:00,202.93823
2011-11-30 17:00:00,365.9496
2011-11-30 18:00:00,350.43384
2011-11-30 19:00:00,232.26724
2011-11-30 20:00:00,163.3089
2011-11-30 21:00:00,113.13354
2011-11-30 22:00:00,81.70841
2011-11-30 23:00:00,44.910976
2011-12-20 00:00:00,32.050846
2011-12-20 01:00:00,6.419347
2011-12-20 02:00:00,2.6124754
2011-12-20 03:00:00,0.95099926
2011-12-20 04:00:00,6.776305
2011-12-20 05:00:00,20.709354
2011-12-20 06:00:00,93.47555
2011-12-20 07:00:00,262.0917
2011-12-20 08:00:00,442.66425
2011-12-20 09:00:00,211.0234
2011-12-20 10:00:00,114.06871
2011-12-20 11:00:00,126.70182
2011-12-20 12:00:00,157.06027
2011-12-20 13:00:00,153.30493
2011-12-20 14:00:00,140.63301
2011-12-20 15:00:00,140.98563
2011-12-20 16:00:00,228.11568
2011-12-20 17:00:00,398.68262
2011-12-20 18:00:00,379.21054
2011-12-20 19:00:00,263.84305
2011-12-20 20:00:00,183.17607
2011-12-20 21:00:00,138.3204
2011-12-20 22:00:00,98.98268
2011-12-20 23:00:00,62.196354
2011-12-21 00:00:00,29.41506
2011-12-21 01:00:00,15.844625
2011-12-21 02:00:00,3.2118344
2011-12-21 03:00:00,1.3737855
2011-12-21 04:00:00,1.6088948
2011-12-21 05:00:00,22.690538
2011-12-21 06:00:00,89.73632
2011-12-21 07:00:00,262.8453
2011-12-21 08:00:00,179.87926
2011-12-21 09:00:00,208.10147
2011-12-21 10:00:00,106.63811
2011-12-21 11:00:00,119.01963
2011-12-21 12:00:00,86.35998
2011-12-21 13:00:00,65.325584
2011-12-21 14:00:00,122.60655
2011-12-21 15:00:00,127.08021
2011-12-21 16:00:00,87.16364
2011-12-21 17:00:00,120.42025
2011-12-21 18:00:00,216.70833
2011-12-21 19:00:00,170.496
2011-12-21 20:00:00,144.46217
2011-12-21 21:00:00,141.36969
2011-12-21 22:00:00,111.25696
2011-12-21 23:00:00,67.22068
2011-12-22 00:00:00,34.329056
2011-12-22 01:00:00,11.741408
2011-12-22 02:00:00,10.965977
2011-12-22 03:00:00,7.4449983
2011-12-22 04:00:00,7.1105247
2011-12-22 05:00:00,22.590801
2011-12-22 06:00:00,96.56996
2011-12-22 07:00:00,269.57184
2011-12-22 08:00:00,442.4945
2011-12-22 09:00:00,216.95274
2011-12-22 10:00:00,106.36573
2011-12-22 11:00:00,118.4157
2011-12-22 12:00:00,152.17685
2011-12-22 13:00:00,137.09001
2011-12-22 14:00:00,123.009186
2011-12-22 15:00:00,140.10826
2011-12-22 16:00:00,214.89882
2011-12-22 17:00:00,400.39667
2011-12-22 18:00:00,393.70038
2011-12-22 19:00:00,269.08444
2011-12-22 20:00:00,139.26132
2011-12-22 21:00:00,104.43071
2011-12-22 22:00:00,62.931885
2011-12-22 23:00:00,43.7395
2011-12-23 00:00:00,32.306137
2011-12-23 01:00:00,10.668454
2011-12-23 02:00:00,7.5405393
2011-12-23 03:00:00,2.6732066
2011-12-23 04:00:00,1.3236014
2011-12-23 05:00:00,17.247019
2011-12-23 06:00:00,89.01989
2011-12-23 07:00:00,253.6271
2011-12-23 08:00:00,438.53152
2011-12-23 09:00:00,226.2395
2011-12-23 10:00:00,134.92679
2011-12-23 11:00:00,146.5871
2011-12-23 12:00:00,176.35858
2011-12-23 13:00:00,170.62595
2011-12-23 14:00:00,164.52258
2011-12-23 15:00:00,177.80159
2011-12-23 16:00:00,218.39917
2011-12-23 17:00:00,371.112
2011-12-23 18:00:00,331.077
2011-12-23 19:00:00,223.24692
2011-12-23 20:00:00,150.76833
2011-12-23 21:00:00,116.13836
2011-12-23 22:00:00,102.25999
2011-12-23 23:00:00,84.84429
2011-12-24 00:00:00,77.75351
2011-12-24 01:00:00,64.347115
2011-12-24 02:00:00,54.055878
2011-12-24 03:00:00,22.734644
2011-12-24 04:00:00,10.020934
2011-12-24 05:00:00,11.354122
2011-12-24 06:00:00,11.443383
2011-12-24 07:00:00,38.16988
2011-12-24 08:00:00,74.63356
2011-12-24 09:00:00,127.41549
2011-12-24 10:00:00,175.03009
2011-12-24 11:00:00,225.71129
2011-12-24 12:00:00,288.9288
2011-12-24 13:00:00,280.53644
2011-12-24 14:00:00,280.4516
2011-12-24 15:00:00,269.92154
2011-12-24 16:00:00,249.1466
2011-12-24 17:00:00,173.67859
2011-12-24 18:00:00,176.81134
2011-12-24 19:00:00,157.1732
2011-12-24 20:00:00,112.541115
2011-12-24 21:00:00,93.50659
2011-12-24 22:00:00,96.2875
2011-12-24 23:00:00,71.1126
2011-12-25 00:00:00,72.72143
2011-12-25 01:00:00,58.13022
2011-12-25 02:00:00,50.33369
2011-12-25 03:00:00,22.284845
2011-12-25 05:00:00,2.9746857
2011-12-25 06:00:00,3.8837225
2011-12-25 07:00:00,16.828901
2011-12-25 08:00:00,40.942635
2011-12-25 09:00:00,98.57794
2011-12-25 10:00:00,154.621
2011-12-25 11:00:00,218.35016
2011-12-25 12:00:00,228.24992
2011-12-25 13:00:00,258.0994
2011-12-25 14:00:00,254.9351
2011-12-25 15:00:00,260.77286
2011-12-25 16:00:00,258.4755
2011-12-25 17:00:00,209.49304
2011-12-25 18:00:00,177.09215
2011-12-25 19:00:00,155.10542
2011-12-25 20:00:00,105.36798
2011-12-25 21:00:00,87.7843
2011-12-25 22:00:00,63.00369
2011-12-25 23:00:00,43.27059
2011-12-26 00:00:00,42.743435
2011-12-26 01:00:00,30.376469
2011-12-26 02:00:00,20.002449
2011-12-26 04:00:00,6.677035
2011-12-26 05:00:00,21.277912
2011-12-26 06:00:00,29.74649
2011-12-26 07:00:00,94.13886
2011-12-26 08:00:00,182.78009
2011-12-26 09:00:00,176.44505
2011-12-26 10:00:00,165.08873
2011-12-26 11:00:00,182.25009
2011-12-26 12:00:00,229.94249
2011-12-26 13:00:00,234.93706
2011-12-26 14:00:00,237.15858
2011-12-26 15:00:00,240.64789
2011-12-26 16:00:00,222.3409
2011-12-26 17:00:00,249.15628
2011-12-26 18:00:00,230.68329
2011-12-26 19:00:00,176.52942
2011-12-26 20:00:00,135.69975
2011-12-26 21:00:00,104.438194
2011-12-26 22:00:00,83.31044
2011-12-26 23:00:00,42.330994
2011-12-27 00:00:00,22.019693
2011-12-27 01:00:00,7.989652
2011-12-27 02:00:00,4.03329
2011-12-27 03:00:00,5.261106
2011-12-27 04:00:00,5.496728
2011-12-27 05:00:00,23.116302
2011-12-27 06:00:00,87.25717
2011-12-27 07:00:00,254.50768
2011-12-27 08:00:00,442.37192
2011-12-27 09:00:00,118.30654
2011-12-27 10:00:00,109.938614
2011-12-27 11:00:00,80.27403
2011-12-27 12:00:00,75.16693
2011-12-27 13:00:00,72.22544
2011-12-27 14:00:00,65.41284
2011-12-27 15:00:00,71.90678
2011-12-27 16:00:00,96.600105
2011-12-27 17:00:00,193.90433
2011-12-27 18:00:00,265.10376
2011-12-27 19:00:00,218.10182
2011-12-27 20:00:00,164.30618
2011-12-27 21:00:00,121.91616
2011-12-27 22:00:00,97.51303
2011-12-27 23:00:00,51.698215
2011-12-28 00:00:00,26.902266
2011-12-28 01:00:00,11.341625
2011-12-28 02:00:00,7.935917
2011-12-28 03:00:00,5.378596
2011-12-28 05:00:00,21.178635
2011-12-28 06:00:00,91.51672
2011-12-28 07:00:00,259.10608
2011-12-28 08:00:00,453.94543
2011-12-28 09:00:00,216.06255
2011-12-28 10:00:00,112.97208
2011-12-28 11:00:00,124.33194
2011-12-28 12:00:00,137.99844
2011-12-28 13:00:00,130.79759
2011-12-28 14:00:00,120.978325
2011-12-28 15:00:00,132.38899
2011-12-28 16:00:00,180.24396
2011-12-28 17:00:00,314.13754
2011-12-28 18:00:00,295.2759
2011-12-28 19:00:00,214.54533
2011-12-28 20:00:00,150.5286
2011-12-28 21:00:00,100.277145
2011-12-28 22:00:00,73.73088
2011-12-28 23:00:00,39.74963
2011-12-29 00:00:00,17.011044
2011-12-29 01:00:00,3.9053159
2011-12-29 02:00:00,0.0
2011-12-29 03:00:00,0.0
2011-12-29 04:00:00,0.027734198
2011-12-29 05:00:00,15.522533
2011-12-29 06:00:00,79.510735
2011-12-29 07:00:00,223.36475
2011-12-29 08:00:00,406.28986
2011-12-29 09:00:00,209.24704
2011-12-29 10:00:00,91.13612
2011-12-29 11:00:00,107.34252
2011-12-29 12:00:00,123.95318
2011-12-29 13:00:00,134.86163
2011-12-29 14:00:00,122.162094
2011-12-29 15:00:00,136.06992
2011-12-29 16:00:00,199.05666
2011-12-29 17:00:00,348.4066
2011-12-29 18:00:00,338.50018
2011-12-29 19:00:00,242.62149
2011-12-29 20:00:00,160.76001
2011-12-29 21:00:00,117.63704
2011-12-29 22:00:00,96.8275
2011-12-29 23:00:00,71.45116
2011-12-30 00:00:00,38.00402
2011-12-30 01:00:00,13.99294
2011-12-30 02:00:00,7.1824713
2011-12-30 03:00:00,3.0664449
2011-12-30 04:00:00,3.036663
2011-12-30 05:00:00,14.136016
2011-12-30 06:00:00,74.156906
2011-12-30 07:00:00,214.78712
2011-12-30 08:00:00,404.70108
2011-12-30 09:00:00,227.23636
2011-12-30 10:00:00,123.432106
2011-12-30 11:00:00,138.29602
2011-12-30 12:00:00,175.20757
2011-12-30 13:00:00,173.73378
2011-12-30 14:00:00,163.89081
2011-12-30 15:00:00,184.38348
2011-12-30 16:00:00,260.21695
2011-12-30 17:00:00,381.21945
2011-12-30 18:00:00,347.84637
2011-12-30 19:00:00,208.65942
2011-12-30 20:00:00,162.2571
2011-12-30 21:00:00,125.76091
2011-12-30 22:00:00,104.09777
2011-12-30 23:00:00,77.13356
2011-12-31 00:00:00,85.271385
2011-12-31 01:00:00,72.4905
2011-12-31 02:00:00,57.185066
2011-12-31 03:00:00,26.235023
2011-12-31 04:00:00,9.528929
2011-12-31 05:00:00,12.294681
2011-12-31 06:00:00,15.604715
2011-12-31 07:00:00,41.91612
2011-12-31 08:00:00,79.344376
2011-12-31 09:00:00,171.90744
2011-12-31 10:00:00,215.01756
2011-12-31 11:00:00,290.7998
2011-12-31 12:00:00,384.50336
2011-12-31 13:00:00,378.08057
2011-12-31 14:00:00,337.83047
2011-12-31 15:00:00,336.05923
2011-12-31 16:00:00,311.46317
2011-12-31 17:00:00,246.51108
2011-12-31 18:00:00,224.38304
2011-12-31 19:00:00,183.66615
2011-12-31 20:00:00,153.3005
2011-12-31 21:00:00,129.89497
2011-12-31 22:00:00,119.56137
2011-12-31 23:00:00,87.87496
2012-01-20 00:00:00,29.092312
2012-01-20 01:00:00,14.098202
2012-01-20 02:00:00,8.535057
2012-01-20 03:00:00,3.4818344
2012-01-20 04:00:00,6.91518
2012-01-20 05:00:00,17.676714
2012-01-20 06:00:00,72.685394
2012-01-20 07:00:00,217.16473
2012-01-20 08:00:00,451.1828
2012-01-20 09:00:00,231.27434
2012-01-20 10:00:00,118.828964
2012-01-20 11:00:00,129.2366
2012-01-20 12:00:00,157.80647
2012-01-20 13:00:00,156.16241
2012-01-20 14:00:00,142.46104
2012-01-20 15:00:00,158.26183
2012-01-20 16:00:00,195.64035
2012-01-20 17:00:00,313.76837
2012-01-20 18:00:00,292.9188
2012-01-20 19:00:00,222.29895
2012-01-20 20:00:00,148.26056
2012-01-20 21:00:00,103.184975
2012-01-20 22:00:00,82.079346
2012-01-20 23:00:00,49.640347
2012-01-21 00:00:00,41.114223
2012-01-21 01:00:00,44.112587
2012-01-21 02:00:00,32.749302
2012-01-21 03:00:00,14.320862
2012-01-21 04:00:00,3.3366764
2012-01-21 05:00:00,4.322971
2012-01-21 06:00:00,9.329776
2012-01-21 07:00:00,42.302975
2012-01-21 08:00:00,74.60747
2012-01-21 09:00:00,108.086105
2012-01-21 10:00:00,116.869156
2012-01-21 11:00:00,202.91365
2012-01-21 12:00:00,227.36191
2012-01-21 13:00:00,223.347
2012-01-21 14:00:00,135.39595
2012-01-21 15:00:00,141.51677
2012-01-21 16:00:00,186.68536
2012-01-21 17:00:00,143.55345
2012-01-21 18:00:00,138.44473
2012-01-21 19:00:00,107.93671
2012-01-21 20:00:00,93.315636
2012-01-21 21:00:00,76.21084
2012-01-21 22:00:00,72.2749
2012-01-21 23:00:00,60.37696
2012-01-22 00:00:00,53.68389
2012-01-22 01:00:00,46.71775
2012-01-22 02:00:00,41.345486
2012-01-22 03:00:00,18.93007
2012-01-22 04:00:00,0.0
2012-01-22 05:00:00,1.6266309
2012-01-22 06:00:00,7.592984
2012-01-22 07:00:00,19.928747
2012-01-22 08:00:00,47.428215
2012-01-22 09:00:00,85.42276
2012-01-22 10:00:00,130.41954
2012-01-22 11:00:00,95.78148
2012-01-22 12:00:00,195.5857
2012-01-22 13:00:00,214.6631
2012-01-22 14:00:00,176.52527
2012-01-22 15:00:00,176.41685
2012-01-22 16:00:00,152.9227
2012-01-22 17:00:00,139.41821
2012-01-22 18:00:00,119.174385
2012-01-22 19:00:00,101.28386
2012-01-22 20:00:00,74.499725
2012-01-22 21:00:00,57.4039
2012-01-22 22:00:00,60.535225
2012-01-22 23:00:00,37.903667
2012-01-23 00:00:00,15.522103
2012-01-23 01:00:00,6.0386047
2012-01-23 02:00:00,2.337661
2012-01-23 03:00:00,2.430369
2012-01-23 04:00:00,0.025225975
2012-01-23 05:00:00,14.009321
2012-01-23 06:00:00,74.16071
2012-01-23 07:00:00,112.368286
2012-01-23 08:00:00,233.86472
2012-01-23 09:00:00,220.35393
2012-01-23 10:00:00,104.53888
2012-01-23 11:00:00,109.788284
2012-01-23 12:00:00,119.80323
2012-01-23 13:00:00,83.34633
2012-01-23 14:00:00,79.69194
2012-01-23 15:00:00,115.47471
2012-01-23 16:00:00,166.4211
2012-01-23 17:00:00,242.17732
2012-01-23 18:00:00,254.1828
2012-01-23 19:00:00,215.14255
2012-01-23 20:00:00,145.55656
2012-01-23 21:00:00,102.9277
2012-01-23 22:00:00,71.18776
2012-01-23 23:00:00,24.972052
2012-01-24 00:00:00,16.669355
2012-01-24 01:00:00,4.615308
2012-01-24 02:00:00,1.1557689
2012-01-24 03:00:00,1.8046756
2012-01-24 04:00:00,2.6007211
2012-01-24 05:00:00,15.205619
2012-01-24 06:00:00,77.98936
2012-01-24 07:00:00,255.42033
2012-01-24 08:00:00,488.08127
2012-01-24 09:00:00,226.8456
2012-01-24 10:00:00,113.18327
2012-01-24 11:00:00,121.400955
2012-01-24 12:00:00,135.71024
2012-01-24 13:00:00,132.90791
2012-01-24 14:00:00,122.279785
2012-01-24 15:00:00,139.63239
2012-01-24 16:00:00,217.70486
2012-01-24 17:00:00,462.48825
2012-01-24 18:00:00,427.4084
2012-01-24 19:00:00,313.7407
2012-01-24 20:00:00,191.30756
2012-01-24 21:00:00,142.94893
2012-01-24 22:00:00,108.12487
2012-01-24 23:00:00,57.42813
2012-01-25 00:00:00,19.078947
2012-01-25 01:00:00,12.208733
2012-01-25 02:00:00,5.8461585
2012-01-25 03:00:00,3.204077
2012-01-25 04:00:00,1.9076215
2012-01-25 05:00:00,17.91728
2012-01-25 06:00:00,85.61111
2012-01-25 07:00:00,250.00679
2012-01-25 08:00:00,475.37164
2012-01-25 09:00:00,236.10292
2012-01-25 10:00:00,106.242004
2012-01-25 11:00:00,104.52357
2012-01-25 12:00:00,150.67426
2012-01-25 13:00:00,147.58424
2012-01-25 14:00:00,127.63655
2012-01-25 15:00:00,151.80836
2012-01-25 16:00:00,212.15987
2012-01-25 17:00:00,419.91132
2012-01-25 18:00:00,389.47824
2012-01-25 19:00:00,269.56372
2012-01-25 20:00:00,186.65955
2012-01-25 21:00:00,140.85463
2012-01-25 22:00:00,108.89215
2012-01-25 23:00:00,49.131165
2012-01-26 00:00:00,22.168697
2012-01-26 01:00:00,7.4959774
2012-01-26 02:00:00,7.0026402
2012-01-26 03:00:00,3.6920936
2012-01-26 04:00:00,3.7872148
2012-01-26 05:00:00,18.652004
2012-01-26 06:00:00,86.59635
2012-01-26 07:00:00,262.83063
2012-01-26 08:00:00,500.6151
2012-01-26 09:00:00,236.47069
2012-01-26 10:00:00,113.05443
2012-01-26 11:00:00,121.45611
2012-01-26 12:00:00,149.9932
2012-01-26 13:00:00,140.60182
2012-01-26 14:00:00,131.4021
2012-01-26 15:00:00,149.91034
2012-01-26 16:00:00,209.74959
2012-01-26 17:00:00,437.13965
2012-01-26 18:00:00,434.01193
2012-01-26 19:00:00,286.0699
2012-01-26 20:00:00,196.11942
2012-01-26 21:00:00,153.53572
2012-01-26 22:00:00,126.924904
2012-01-26 23:00:00,68.566
2012-01-27 00:00:00,32.4847
2012-01-27 01:00:00,15.807224
2012-01-27 02:00:00,16.120264
2012-01-27 03:00:00,4.106141
2012-01-27 04:00:00,1.8246139
2012-01-27 05:00:00,14.384612
2012-01-27 06:00:00,74.60904
2012-01-27 07:00:00,218.75903
2012-01-27 08:00:00,278.73077
2012-01-27 09:00:00,152.39117
2012-01-27 10:00:00,85.75055
2012-01-27 11:00:00,129.27888
2012-01-27 12:00:00,189.96794
2012-01-27 13:00:00,225.29141
2012-01-27 14:00:00,202.99005
2012-01-27 15:00:00,205.08188
2012-01-27 16:00:00,262.84253
2012-01-27 17:00:00,451.80862
2012-01-27 18:00:00,376.62103
2012-01-27 19:00:00,244.89143
2012-01-27 20:00:00,168.10016
2012-01-27 21:00:00,117.26839
2012-01-27 22:00:00,103.34128
2012-01-27 23:00:00,69.85996
2012-01-28 00:00:00,57.619102
2012-01-28 01:00:00,51.623207
2012-01-28 02:00:00,39.367676
2012-01-28 03:00:00,18.133877
2012-01-28 04:00:00,4.3771434
2012-01-28 05:00:00,7.589298
2012-01-28 06:00:00,11.460553
2012-01-28 07:00:00,34.426495
2012-01-28 08:00:00,82.86945
2012-01-28 09:00:00,131.29828
2012-01-28 10:00:00,196.10316
2012-01-28 11:00:00,255.6305
2012-01-28 12:00:00,271.06772
2012-01-28 13:00:00,317.4701
2012-01-28 14:00:00,340.88852
2012-01-28 15:00:00,346.26505
2012-01-28 16:00:00,375.5086
2012-01-28 17:00:00,293.4678
2012-01-28 18:00:00,259.6959
2012-01-28 19:00:00,191.21118
2012-01-28 20:00:00,136.16052
2012-01-28 21:00:00,103.42548
2012-01-28 22:00:00,107.27888
2012-01-28 23:00:00,76.38241
2012-01-29 00:00:00,62.965202
2012-01-29 01:00:00,57.457943
2012-01-29 02:00:00,44.686153
2012-01-29 03:00:00,18.265442
2012-01-29 04:00:00,0.0
2012-01-29 05:00:00,3.3711123
2012-01-29 06:00:00,10.429442
2012-01-29 07:00:00,25.043335
2012-01-29 08:00:00,47.07202
2012-01-29 09:00:00,91.544586
2012-01-29 10:00:00,172.66357
2012-01-29 11:00:00,201.96051
2012-01-29 12:00:00,272.3744
2012-01-29 13:00:00,273.66348
2012-01-29 14:00:00,256.21054
2012-01-29 15:00:00,293.85675
2012-01-29 16:00:00,259.6104
2012-01-29 17:00:00,215.32437
2012-01-29 18:00:00,174.5706
2012-01-29 19:00:00,138.8501
2012-01-29 20:00:00,90.69997
2012-01-29 21:00:00,75.766815
2012-01-29 22:00:00,64.35856
2012-01-29 23:00:00,38.02458
2012-01-30 00:00:00,29.300047
2012-01-30 01:00:00,6.73589
2012-01-30 02:00:00,6.1983767
2012-01-30 03:00:00,3.0156837
2012-01-30 04:00:00,1.7654686
2012-01-30 05:00:00,14.674492
2012-01-30 06:00:00,77.49777
2012-01-30 07:00:00,230.33624
2012-01-30 08:00:00,435.07343
2012-01-30 09:00:00,215.07356
2012-01-30 10:00:00,102.6082
2012-01-30 11:00:00,103.25522
2012-01-30 12:00:00,138.33139
2012-01-30 13:00:00,141.42226
2012-01-30 14:00:00,129.0066
2012-01-30 15:00:00,142.11536
2012-01-30 16:00:00,206.0767
2012-01-30 17:00:00,402.57007
2012-01-30 18:00:00,395.0472
2012-01-30 19:00:00,271.25836
2012-01-30 20:00:00,186.17105
2012-01-30 21:00:00,136.56581
2012-01-30 22:00:00,77.431625
2012-01-30 23:00:00,34.989296
2012-01-31 00:00:00,18.806202
2012-01-31 01:00:00,8.000514
2012-01-31 02:00:00,6.680995
2012-01-31 03:00:00,4.6677
2012-01-31 04:00:00,4.177177
2012-01-31 05:00:00,20.599714
2012-01-31 06:00:00,86.3385
2012-01-31 07:00:00,250.36545
2012-01-31 08:00:00,479.89825
2012-01-31 09:00:00,229.92543
2012-01-31 10:00:00,114.53224
2012-01-31 11:00:00,129.84422
2012-01-31 12:00:00,158.52773
2012-01-31 13:00:00,171.80943
2012-01-31 14:00:00,151.38626
2012-01-31 15:00:00,175.29639
2012-01-31 16:00:00,266.05313
2012-01-31 17:00:00,522.7992
2012-01-31 18:00:00,507.9653
2012-01-31 19:00:00,325.62576
2012-01-31 20:00:00,208.32034
2012-01-31 21:00:00,167.14398
2012-01-31 22:00:00,109.90402
2012-01-31 23:00:00,57.292408
2012-02-20 00:00:00,31.586056
2012-02-20 01:00:00,23.458635
2012-02-20 02:00:00,16.696928
2012-02-20 03:00:00,9.347406
2012-02-20 05:00:00,17.239319
2012-02-20 06:00:00,28.593506
2012-02-20 07:00:00,72.11441
2012-02-20 08:00:00,151.23282
2012-02-20 09:00:00,143.25652
2012-02-20 10:00:00,151.27203
2012-02-20 11:00:00,177.98027
2012-02-20 12:00:00,203.21104
2012-02-20 13:00:00,224.20975
2012-02-20 14:00:00,225.46097
2012-02-20 15:00:00,248.18027
2012-02-20 16:00:00,263.3057
2012-02-20 17:00:00,308.89722
2012-02-20 18:00:00,270.0196
2012-02-20 19:00:00,201.07262
2012-02-20 20:00:00,143.94426
2012-02-20 21:00:00,115.17437
2012-02-20 22:00:00,93.31136
2012-02-20 23:00:00,37.273365
2012-02-21 00:00:00,16.501993
2012-02-21 01:00:00,5.3609147
2012-02-21 02:00:00,3.9370089
2012-02-21 04:00:00,1.2630552
2012-02-21 05:00:00,16.281775
2012-02-21 06:00:00,81.90165
2012-02-21 07:00:00,251.96341
2012-02-21 08:00:00,472.16797
2012-02-21 09:00:00,246.13316
2012-02-21 10:00:00,106.33053
2012-02-21 11:00:00,109.09147
2012-02-21 12:00:00,131.92773
2012-02-21 13:00:00,148.70602
2012-02-21 14:00:00,117.90463
2012-02-21 15:00:00,144.45036
2012-02-21 16:00:00,222.96825
2012-02-21 17:00:00,452.55145
2012-02-21 18:00:00,439.8371
2012-02-21 19:00:00,286.29004
2012-02-21 20:00:00,192.07443
2012-02-21 21:00:00,147.20288
2012-02-21 22:00:00,95.99929
2012-02-21 23:00:00,51.54934
2012-02-22 00:00:00,22.832539
2012-02-22 01:00:00,10.624259
2012-02-22 02:00:00,5.264507
2012-02-22 03:00:00,3.1504412
2012-02-22 04:00:00,3.9317796
2012-02-22 05:00:00,21.138998
2012-02-22 06:00:00,91.84809
2012-02-22 07:00:00,289.4174
2012-02-22 08:00:00,524.9396
2012-02-22 09:00:00,251.62415
2012-02-22 10:00:00,122.41231
2012-02-22 11:00:00,133.90308
2012-02-22 12:00:00,160.20045
2012-02-22 13:00:00,164.53099
2012-02-22 14:00:00,141.92833
2012-02-22 15:00:00,184.04889
2012-02-22 16:00:00,272.91235
2012-02-22 17:00:00,529.7605
2012-02-22 18:00:00,475.98627
2012-02-22 19:00:00,305.28503
2012-02-22 20:00:00,210.26355
2012-02-22 21:00:00,167.94748
2012-02-22 22:00:00,110.06482
2012-02-22 23:00:00,63.69512
2012-02-23 00:00:00,30.302153
2012-02-23 01:00:00,14.676897
2012-02-23 02:00:00,9.873631
2012-02-23 03:00:00,0.9353185
2012-02-23 04:00:00,5.9024057
2012-02-23 05:00:00,24.103853
2012-02-23 06:00:00,96.21508
2012-02-23 07:00:00,289.10104
2012-02-23 08:00:00,524.8428
2012-02-23 09:00:00,248.00461
2012-02-23 10:00:00,126.62938
2012-02-23 11:00:00,155.60544
2012-02-23 12:00:00,197.5816
2012-02-23 13:00:00,200.28555
2012-02-23 14:00:00,173.24928
2012-02-23 15:00:00,196.77608
2012-02-23 16:00:00,292.934
2012-02-23 17:00:00,551.1924
2012-02-23 18:00:00,539.04346
2012-02-23 19:00:00,347.1461
2012-02-23 20:00:00,244.25809
2012-02-23 21:00:00,182.56447
2012-02-23 22:00:00,131.01155
2012-02-23 23:00:00,75.30007
2012-02-24 00:00:00,43.881832
2012-02-24 01:00:00,23.422255
2012-02-24 02:00:00,4.526303
2012-02-24 03:00:00,10.98391
2012-02-24 04:00:00,8.567398
2012-02-24 05:00:00,18.41586
2012-02-24 06:00:00,84.04894
2012-02-24 07:00:00,255.06335
2012-02-24 08:00:00,489.2804
2012-02-24 09:00:00,130.61119
2012-02-24 10:00:00,76.697914
2012-02-24 11:00:00,142.53865
2012-02-24 12:00:00,185.35081
2012-02-24 13:00:00,181.6875
2012-02-24 14:00:00,169.53856
2012-02-24 15:00:00,86.04222
2012-02-24 16:00:00,114.754814
2012-02-24 17:00:00,198.21985
2012-02-24 18:00:00,283.8336
2012-02-24 19:00:00,240.7174
2012-02-24 20:00:00,174.5921
2012-02-24 21:00:00,131.12845
2012-02-24 22:00:00,112.62459
2012-02-24 23:00:00,77.28143
2012-02-25 00:00:00,70.34462
2012-02-25 01:00:00,60.229126
2012-02-25 02:00:00,42.300133
2012-02-25 03:00:00,16.280653
2012-02-25 04:00:00,7.6829605
2012-02-25 05:00:00,9.415304
2012-02-25 06:00:00,14.443881
2012-02-25 07:00:00,42.168644
2012-02-25 08:00:00,76.00905
2012-02-25 09:00:00,87.12864
2012-02-25 10:00:00,199.0809
2012-02-25 11:00:00,230.50252
2012-02-25 12:00:00,258.10522
2012-02-25 13:00:00,299.6908
2012-02-25 14:00:00,263.38876
2012-02-25 15:00:00,306.1946
2012-02-25 16:00:00,246.80083
2012-02-25 17:00:00,194.82265
2012-02-25 18:00:00,150.56644
2012-02-25 19:00:00,124.18554
2012-02-25 20:00:00,94.83465
2012-02-25 21:00:00,83.99244
2012-02-25 22:00:00,81.061516
2012-02-25 23:00:00,64.120026
2012-02-26 00:00:00,59.753872
2012-02-26 01:00:00,56.11735
2012-02-26 02:00:00,47.605927
2012-02-26 03:00:00,24.466236
2012-02-26 04:00:00,7.6693254
2012-02-26 05:00:00,2.0673351
2012-02-26 06:00:00,8.095978
2012-02-26 07:00:00,22.660908
2012-02-26 08:00:00,44.263424
2012-02-26 09:00:00,90.63699
2012-02-26 10:00:00,182.01407
2012-02-26 11:00:00,216.61293
2012-02-26 12:00:00,289.89514
2012-02-26 13:00:00,302.02975
2012-02-26 14:00:00,315.5371
2012-02-26 15:00:00,332.4853
2012-02-26 16:00:00,289.16504
2012-02-26 17:00:00,248.80342
2012-02-26 18:00:00,199.85693
2012-02-26 19:00:00,153.64812
2012-02-26 20:00:00,99.84554
2012-02-26 21:00:00,78.952156
2012-02-26 22:00:00,67.73549
2012-02-26 23:00:00,37.314526
2012-02-27 00:00:00,18.412989
2012-02-27 01:00:00,7.193572
2012-02-27 02:00:00,3.1359756
2012-02-27 03:00:00,4.520376
2012-02-27 04:00:00,3.5927653
2012-02-27 05:00:00,18.139488
2012-02-27 06:00:00,78.08698
2012-02-27 07:00:00,247.98273
2012-02-27 08:00:00,454.08667
2012-02-27 09:00:00,231.93459
2012-02-27 10:00:00,115.05271
2012-02-27 11:00:00,134.24634
2012-02-27 12:00:00,164.54082
2012-02-27 13:00:00,163.62456
2012-02-27 14:00:00,157.6272
2012-02-27 15:00:00,182.07198
2012-02-27 16:00:00,270.64832
2012-02-27 17:00:00,521.1491
2012-02-27 18:00:00,501.18402
2012-02-27 19:00:00,323.17166
2012-02-27 20:00:00,225.24316
2012-02-27 21:00:00,165.66495
2012-02-27 22:00:00,105.72968
2012-02-27 23:00:00,46.606255
2012-02-28 00:00:00,26.232792
2012-02-28 01:00:00,13.594249
2012-02-28 02:00:00,7.5695276
2012-02-28 03:00:00,7.7601833
2012-02-28 04:00:00,5.2670593
2012-02-28 05:00:00,22.55208
2012-02-28 06:00:00,87.59525
2012-02-28 07:00:00,263.0423
2012-02-28 08:00:00,479.52267
2012-02-28 09:00:00,241.2288
2012-02-28 10:00:00,111.68528
2012-02-28 11:00:00,136.82219
2012-02-28 12:00:00,167.6485
2012-02-28 13:00:00,168.73048
2012-02-28 14:00:00,148.68721
2012-02-28 15:00:00,182.87679
2012-02-28 16:00:00,262.57605
2012-02-28 17:00:00,511.4413
2012-02-28 18:00:00,491.9505
2012-02-28 19:00:00,319.25385
2012-02-28 20:00:00,206.40074
2012-02-28 21:00:00,149.52545
2012-02-28 22:00:00,108.79068
2012-02-28 23:00:00,55.395515
2012-02-29 00:00:00,24.618158
2012-02-29 01:00:00,10.098104
2012-02-29 02:00:00,6.5023317
2012-02-29 03:00:00,3.645183
2012-02-29 05:00:00,21.253408
2012-02-29 06:00:00,86.762856
2012-02-29 07:00:00,262.56378
2012-02-29 08:00:00,503.80508
2012-02-29 09:00:00,123.39034
2012-02-29 10:00:00,57.01261
2012-02-29 11:00:00,76.2811
2012-02-29 12:00:00,66.87573
2012-02-29 13:00:00,127.44227
2012-02-29 14:00:00,113.30068
2012-02-29 15:00:00,125.00453
2012-02-29 16:00:00,105.75156
2012-02-29 17:00:00,337.32892
2012-02-29 18:00:00,277.00238
2012-02-29 19:00:00,260.8753
2012-02-29 20:00:00,143.16139
2012-02-29 21:00:00,114.05934
2012-02-29 22:00:00,57.844322
2012-02-29 23:00:00,32.763016
2012-03-20 00:00:00,26.865345
2012-03-20 01:00:00,13.395595
2012-03-20 02:00:00,8.450422
2012-03-20 03:00:00,3.7176085
2012-03-20 04:00:00,6.652874
2012-03-20 05:00:00,22.828571
2012-03-20 06:00:00,106.92388
2012-03-20 07:00:00,151.18428
2012-03-20 08:00:00,586.6896
2012-03-20 09:00:00,338.14972
2012-03-20 10:00:00,177.62073
2012-03-20 11:00:00,187.96806
2012-03-20 12:00:00,241.70824
2012-03-20 13:00:00,239.41957
2012-03-20 14:00:00,200.93756
2012-03-20 15:00:00,241.01538
2012-03-20 16:00:00,339.32007
2012-03-20 17:00:00,694.5062
2012-03-20 18:00:00,672.083
2012-03-20 19:00:00,502.5752
2012-03-20 20:00:00,331.20996
2012-03-20 21:00:00,233.77513
2012-03-20 22:00:00,169.99968
2012-03-20 23:00:00,82.88698
2012-03-21 00:00:00,32.044746
2012-03-21 01:00:00,15.864097
2012-03-21 02:00:00,7.850533
2012-03-21 03:00:00,11.080019
2012-03-21 04:00:00,11.307584
2012-03-21 05:00:00,31.66458
2012-03-21 06:00:00,111.18501
2012-03-21 07:00:00,190.71822
2012-03-21 08:00:00,393.54315
2012-03-21 09:00:00,350.45056
2012-03-21 10:00:00,181.29102
2012-03-21 11:00:00,187.58698
2012-03-21 12:00:00,223.33018
2012-03-21 13:00:00,193.68234
2012-03-21 14:00:00,185.9254
2012-03-21 15:00:00,198.21234
2012-03-21 16:00:00,328.92313
2012-03-21 17:00:00,660.8135
2012-03-21 18:00:00,664.0514
2012-03-21 19:00:00,513.29694
2012-03-21 20:00:00,331.60464
2012-03-21 21:00:00,243.40894
2012-03-21 22:00:00,192.04747
2012-03-21 23:00:00,104.14004
2012-03-22 00:00:00,40.832626
2012-03-22 01:00:00,19.25072
2012-03-22 02:00:00,9.883003
2012-03-22 03:00:00,7.051683
2012-03-22 04:00:00,10.40092
2012-03-22 05:00:00,25.339014
2012-03-22 06:00:00,111.471794
2012-03-22 07:00:00,340.81607
2012-03-22 08:00:00,609.15564
2012-03-22 09:00:00,337.92337
2012-03-22 10:00:00,178.42952
2012-03-22 11:00:00,188.49062
2012-03-22 12:00:00,230.18347
2012-03-22 13:00:00,243.35977
2012-03-22 14:00:00,222.44183
2012-03-22 15:00:00,265.53802
2012-03-22 16:00:00,362.05304
2012-03-22 17:00:00,717.56824
2012-03-22 18:00:00,730.28876
2012-03-22 19:00:00,530.62726
2012-03-22 20:00:00,352.59317
2012-03-22 21:00:00,271.01782
2012-03-22 22:00:00,204.48015
2012-03-22 23:00:00,137.91057
2012-03-23 00:00:00,53.585846
2012-03-23 01:00:00,26.076529
2012-03-23 02:00:00,15.961034
2012-03-23 03:00:00,7.9821835
2012-03-23 04:00:00,11.678822
2012-03-23 05:00:00,27.279081
2012-03-23 06:00:00,108.578636
2012-03-23 07:00:00,329.24084
2012-03-23 08:00:00,579.9714
2012-03-23 09:00:00,334.95477
2012-03-23 10:00:00,219.93733
2012-03-23 11:00:00,244.3423
2012-03-23 12:00:00,352.1518
2012-03-23 13:00:00,355.93585
2012-03-23 14:00:00,346.8954
2012-03-23 15:00:00,371.65695
2012-03-23 16:00:00,508.5478
2012-03-23 17:00:00,734.35864
2012-03-23 18:00:00,674.5751
2012-03-23 19:00:00,474.33014
2012-03-23 20:00:00,347.18005
2012-03-23 21:00:00,285.78705
2012-03-23 22:00:00,245.95901
2012-03-23 23:00:00,172.30418
2012-03-24 00:00:00,93.61128
2012-03-24 01:00:00,83.08741
2012-03-24 02:00:00,59.603146
2012-03-24 03:00:00,26.928871
2012-03-24 04:00:00,11.931249
2012-03-24 05:00:00,23.40562
2012-03-24 06:00:00,37.17992
2012-03-24 07:00:00,87.67412
2012-03-24 08:00:00,186.18451
2012-03-24 09:00:00,292.36295
2012-03-24 10:00:00,411.16342
2012-03-24 11:00:00,484.04025
2012-03-24 12:00:00,368.12103
2012-03-24 13:00:00,363.52777
2012-03-24 14:00:00,335.97812
2012-03-24 15:00:00,331.56607
2012-03-24 16:00:00,260.308
2012-03-24 17:00:00,245.30598
2012-03-24 18:00:00,244.08366
2012-03-24 19:00:00,215.70375
2012-03-24 20:00:00,148.68848
2012-03-24 21:00:00,130.46489
2012-03-24 22:00:00,92.34286
2012-03-24 23:00:00,122.63846
2012-03-25 00:00:00,77.59642
2012-03-25 01:00:00,68.702255
2012-03-25 02:00:00,40.7593
2012-03-25 03:00:00,16.60717
2012-03-25 04:00:00,17.618568
2012-03-25 05:00:00,13.373554
2012-03-25 06:00:00,20.983425
2012-03-25 07:00:00,39.23132
2012-03-25 08:00:00,103.595276
2012-03-25 09:00:00,199.7791
2012-03-25 10:00:00,307.01224
2012-03-25 11:00:00,357.27167
2012-03-25 12:00:00,416.2571
2012-03-25 13:00:00,428.70932
2012-03-25 14:00:00,383.76987
2012-03-25 15:00:00,392.96405
2012-03-25 16:00:00,412.75806
2012-03-25 17:00:00,454.94846
2012-03-25 18:00:00,406.3778
2012-03-25 19:00:00,303.62958
2012-03-25 20:00:00,194.86583
2012-03-25 21:00:00,145.72499
2012-03-25 22:00:00,99.11209
2012-03-25 23:00:00,60.28307
2012-03-26 00:00:00,33.11287
2012-03-26 01:00:00,13.764095
2012-03-26 02:00:00,5.8334527
2012-03-26 03:00:00,4.504138
2012-03-26 04:00:00,4.8550854
2012-03-26 05:00:00,24.992321
2012-03-26 06:00:00,107.17953
2012-03-26 07:00:00,376.98788
2012-03-26 08:00:00,614.886
2012-03-26 09:00:00,308.57104
2012-03-26 10:00:00,193.70767
2012-03-26 11:00:00,222.5035
2012-03-26 12:00:00,271.07898
2012-03-26 13:00:00,266.16586
2012-03-26 14:00:00,247.17113
2012-03-26 15:00:00,266.0719
2012-03-26 16:00:00,346.33365
2012-03-26 17:00:00,637.66785
2012-03-26 18:00:00,590.56195
2012-03-26 19:00:00,429.5274
2012-03-26 20:00:00,260.3304
2012-03-26 21:00:00,176.99689
2012-03-26 22:00:00,121.132675
2012-03-26 23:00:00,67.18339
2012-03-27 00:00:00,21.027449
2012-03-27 01:00:00,9.690528
2012-03-27 02:00:00,0.0
2012-03-27 03:00:00,0.0
2012-03-27 04:00:00,1.0392222
2012-03-27 05:00:00,18.19473
2012-03-27 06:00:00,89.02774
2012-03-27 07:00:00,325.90268
2012-03-27 08:00:00,601.9925
2012-03-27 09:00:00,317.5491
2012-03-27 10:00:00,171.83054
2012-03-27 11:00:00,190.80669
2012-03-27 12:00:00,227.22482
2012-03-27 13:00:00,234.15404
2012-03-27 14:00:00,221.60255
2012-03-27 15:00:00,242.08052
2012-03-27 16:00:00,353.0604
2012-03-27 17:00:00,634.83093
2012-03-27 18:00:00,621.9891
2012-03-27 19:00:00,454.64142
2012-03-27 20:00:00,306.39172
2012-03-27 21:00:00,194.43793
2012-03-27 22:00:00,140.9238
2012-03-27 23:00:00,80.52526
2012-03-28 00:00:00,33.304207
2012-03-28 01:00:00,16.176472
2012-03-28 02:00:00,4.4652896
2012-03-28 03:00:00,8.894615
2012-03-28 04:00:00,8.539725
2012-03-28 05:00:00,28.722424
2012-03-28 06:00:00,108.52026
2012-03-28 07:00:00,347.01364
2012-03-28 08:00:00,639.5812
2012-03-28 09:00:00,332.03336
2012-03-28 10:00:00,188.12701
2012-03-28 11:00:00,228.41446
2012-03-28 12:00:00,274.0198
2012-03-28 13:00:00,277.54803
2012-03-28 14:00:00,250.43776
2012-03-28 15:00:00,269.14392
2012-03-28 16:00:00,356.94247
2012-03-28 17:00:00,739.902
2012-03-28 18:00:00,752.018
2012-03-28 19:00:00,530.3835
2012-03-28 20:00:00,374.95963
2012-03-28 21:00:00,280.19025
2012-03-28 22:00:00,208.12231
2012-03-28 23:00:00,111.09711
2012-03-29 00:00:00,40.80647
2012-03-29 01:00:00,27.179094
2012-03-29 02:00:00,22.3697
2012-03-29 03:00:00,18.509426
2012-03-29 04:00:00,16.020782
2012-03-29 05:00:00,34.033707
2012-03-29 06:00:00,125.23112
2012-03-29 07:00:00,383.2086
2012-03-29 08:00:00,645.56525
2012-03-29 09:00:00,335.84433
2012-03-29 10:00:00,184.45741
2012-03-29 11:00:00,233.12492
2012-03-29 12:00:00,284.64224
2012-03-29 13:00:00,267.72662
2012-03-29 14:00:00,254.39656
2012-03-29 15:00:00,279.9372
2012-03-29 16:00:00,387.75253
2012-03-29 17:00:00,716.092
2012-03-29 18:00:00,690.70435
2012-03-29 19:00:00,472.23438
2012-03-29 20:00:00,303.98688
2012-03-29 21:00:00,217.15808
2012-03-29 22:00:00,161.77815
2012-03-29 23:00:00,110.42917
2012-03-30 00:00:00,49.52217
2012-03-30 01:00:00,22.667196
2012-03-30 02:00:00,11.061586
2012-03-30 03:00:00,10.397371
2012-03-30 04:00:00,6.3393297
2012-03-30 05:00:00,23.529327
2012-03-30 06:00:00,97.66861
2012-03-30 07:00:00,309.5141
2012-03-30 08:00:00,617.3048
2012-03-30 09:00:00,346.42993
2012-03-30 10:00:00,206.74922
2012-03-30 11:00:00,218.62906
2012-03-30 12:00:00,278.91217
2012-03-30 13:00:00,149.23515
2012-03-30 14:00:00,127.25631
2012-03-30 15:00:00,140.92406
2012-03-30 16:00:00,240.0775
2012-03-30 17:00:00,580.6814
2012-03-30 18:00:00,535.6588
2012-03-30 19:00:00,368.1278
2012-03-30 20:00:00,243.32812
2012-03-30 21:00:00,180.0436
2012-03-30 22:00:00,154.7606
2012-03-30 23:00:00,131.1859
2012-03-31 00:00:00,78.971695
2012-03-31 01:00:00,73.683464
2012-03-31 02:00:00,55.70093
2012-03-31 03:00:00,21.869207
2012-03-31 04:00:00,9.48247
2012-03-31 05:00:00,14.983615
2012-03-31 06:00:00,26.614344
2012-03-31 07:00:00,63.47696
2012-03-31 08:00:00,149.85155
2012-03-31 09:00:00,270.61365
2012-03-31 10:00:00,364.87885
2012-03-31 11:00:00,502.258
2012-03-31 12:00:00,557.28455
2012-03-31 13:00:00,624.9481
2012-03-31 14:00:00,514.0479
2012-03-31 15:00:00,563.9618
2012-03-31 16:00:00,510.50323
2012-03-31 17:00:00,511.38348
2012-03-31 18:00:00,331.42673
2012-03-31 19:00:00,306.98227
2012-03-31 20:00:00,216.54012
2012-03-31 21:00:00,173.47359
2012-03-31 22:00:00,154.57312
2012-03-31 23:00:00,110.343834
2012-04-20 00:00:00,61.357258
2012-04-20 01:00:00,33.205517
2012-04-20 02:00:00,15.560722
2012-04-20 03:00:00,8.546447
2012-04-20 04:00:00,8.309629
2012-04-20 05:00:00,24.784382
2012-04-20 06:00:00,108.04494
2012-04-20 07:00:00,334.09186
2012-04-20 08:00:00,602.9917
2012-04-20 09:00:00,340.87585
2012-04-20 10:00:00,218.72375
2012-04-20 11:00:00,258.79416
2012-04-20 12:00:00,363.48615
2012-04-20 13:00:00,368.95398
2012-04-20 14:00:00,340.8442
2012-04-20 15:00:00,368.442
2012-04-20 16:00:00,511.56268
2012-04-20 17:00:00,728.8339
2012-04-20 18:00:00,647.57446
2012-04-20 19:00:00,473.81708
2012-04-20 20:00:00,317.4126
2012-04-20 21:00:00,250.81749
2012-04-20 22:00:00,224.32475
2012-04-20 23:00:00,191.42352
2012-04-21 00:00:00,110.25731
2012-04-21 01:00:00,84.90263
2012-04-21 02:00:00,62.57206
2012-04-21 03:00:00,27.42407
2012-04-21 04:00:00,13.184719
2012-04-21 05:00:00,18.137949
2012-04-21 06:00:00,34.610504
2012-04-21 07:00:00,80.380455
2012-04-21 08:00:00,197.49214
2012-04-21 09:00:00,307.01575
2012-04-21 10:00:00,439.82605
2012-04-21 11:00:00,523.4882
2012-04-21 12:00:00,621.6201
2012-04-21 13:00:00,645.0778
2012-04-21 14:00:00,631.94336
2012-04-21 15:00:00,661.5131
2012-04-21 16:00:00,621.453
2012-04-21 17:00:00,602.9253
2012-04-21 18:00:00,514.7837
2012-04-21 19:00:00,309.23355
2012-04-21 20:00:00,99.827225
2012-04-21 21:00:00,107.93992
2012-04-21 22:00:00,179.663
2012-04-21 23:00:00,127.98334
2012-04-22 00:00:00,106.78939
2012-04-22 01:00:00,91.85151
2012-04-22 02:00:00,66.57495
2012-04-22 03:00:00,33.79455
2012-04-22 04:00:00,17.626896
2012-04-22 05:00:00,15.039824
2012-04-22 06:00:00,19.187378
2012-04-22 07:00:00,34.924232
2012-04-22 08:00:00,99.99337
2012-04-22 09:00:00,158.18736
2012-04-22 10:00:00,238.94386
2012-04-22 11:00:00,255.70801
2012-04-22 12:00:00,271.9134
2012-04-22 13:00:00,269.37958
2012-04-22 14:00:00,248.05392
2012-04-22 15:00:00,254.92285
2012-04-22 16:00:00,226.30275
2012-04-22 17:00:00,187.02705
2012-04-22 18:00:00,168.08464
2012-04-22 19:00:00,121.85599
2012-04-22 20:00:00,120.120766
2012-04-22 21:00:00,108.35412
2012-04-22 22:00:00,67.37976
2012-04-22 23:00:00,45.358902
2012-04-23 00:00:00,17.338774
2012-04-23 01:00:00,6.027953
2012-04-23 02:00:00,3.513149
2012-04-23 03:00:00,0.0
2012-04-23 04:00:00,0.0
2012-04-23 05:00:00,5.79801
2012-04-23 06:00:00,88.59681
2012-04-23 07:00:00,181.12094
2012-04-23 08:00:00,593.0702
2012-04-23 09:00:00,292.83563
2012-04-23 10:00:00,146.99072
2012-04-23 11:00:00,156.79807
2012-04-23 12:00:00,109.967575
2012-04-23 13:00:00,112.488785
2012-04-23 14:00:00,111.216736
2012-04-23 15:00:00,187.93538
2012-04-23 16:00:00,186.04955
2012-04-23 17:00:00,395.89102
2012-04-23 18:00:00,469.91876
2012-04-23 19:00:00,358.10263
2012-04-23 20:00:00,248.56035
2012-04-23 21:00:00,164.12979
2012-04-23 22:00:00,125.98681
2012-04-23 23:00:00,71.835266
2012-04-24 00:00:00,24.827032
2012-04-24 01:00:00,13.610009
2012-04-24 02:00:00,4.015266
2012-04-24 03:00:00,2.2467935
2012-04-24 04:00:00,3.3311574
2012-04-24 05:00:00,24.861938
2012-04-24 06:00:00,106.16725
2012-04-24 07:00:00,339.81628
2012-04-24 08:00:00,637.1851
2012-04-24 09:00:00,319.70462
2012-04-24 10:00:00,173.51788
2012-04-24 11:00:00,203.58821
2012-04-24 12:00:00,249.2114
2012-04-24 13:00:00,250.73155
2012-04-24 14:00:00,242.0899
2012-04-24 15:00:00,257.7713
2012-04-24 16:00:00,374.98337
2012-04-24 17:00:00,714.6902
2012-04-24 18:00:00,709.1301
2012-04-24 19:00:00,487.0141
2012-04-24 20:00:00,317.67963
2012-04-24 21:00:00,218.27383
2012-04-24 22:00:00,165.18869
2012-04-24 23:00:00,98.34383
2012-04-25 00:00:00,28.935066
2012-04-25 01:00:00,15.822135
2012-04-25 02:00:00,6.081064
2012-04-25 03:00:00,4.521289
2012-04-25 04:00:00,4.800203
2012-04-25 05:00:00,22.638443
2012-04-25 06:00:00,111.77214
2012-04-25 07:00:00,358.89804
2012-04-25 08:00:00,651.2913
2012-04-25 09:00:00,327.23373
2012-04-25 10:00:00,176.5029
2012-04-25 11:00:00,221.56313
2012-04-25 12:00:00,269.84082
2012-04-25 13:00:00,269.08328
2012-04-25 14:00:00,234.10027
2012-04-25 15:00:00,277.66656
2012-04-25 16:00:00,374.64893
2012-04-25 17:00:00,753.6238
2012-04-25 18:00:00,752.53143
2012-04-25 19:00:00,535.24835
2012-04-25 20:00:00,367.15707
2012-04-25 21:00:00,271.6746
2012-04-25 22:00:00,186.97154
2012-04-25 23:00:00,105.12157
2012-04-26 00:00:00,30.288576
2012-04-26 01:00:00,19.059196
2012-04-26 02:00:00,8.326511
2012-04-26 03:00:00,6.1850667
2012-04-26 04:00:00,7.9355173
2012-04-26 05:00:00,31.480015
2012-04-26 06:00:00,123.48658
2012-04-26 07:00:00,217.21783
2012-04-26 08:00:00,502.49066
2012-04-26 09:00:00,219.17291
2012-04-26 10:00:00,174.89246
2012-04-26 11:00:00,187.08755
2012-04-26 12:00:00,223.82709
2012-04-26 13:00:00,209.12662
2012-04-26 14:00:00,204.7592
2012-04-26 15:00:00,199.53621
2012-04-26 16:00:00,294.64877
2012-04-26 17:00:00,496.01575
2012-04-26 18:00:00,472.25494
2012-04-26 19:00:00,414.4075
2012-04-26 20:00:00,355.58493
2012-04-26 21:00:00,246.22037
2012-04-26 22:00:00,215.38487
2012-04-26 23:00:00,132.54507
2012-04-27 00:00:00,64.89148
2012-04-27 01:00:00,35.565296
2012-04-27 02:00:00,19.752132
2012-04-27 03:00:00,10.7358885
2012-04-27 04:00:00,13.803479
2012-04-27 05:00:00,30.066292
2012-04-27 06:00:00,106.59673
2012-04-27 07:00:00,310.9332
2012-04-27 08:00:00,612.586
2012-04-27 09:00:00,344.39554
2012-04-27 10:00:00,218.07257
2012-04-27 11:00:00,247.15517
2012-04-27 12:00:00,316.53345
2012-04-27 13:00:00,318.1334
2012-04-27 14:00:00,298.68143
2012-04-27 15:00:00,371.6584
2012-04-27 16:00:00,507.32632
2012-04-27 17:00:00,713.88293
2012-04-27 18:00:00,596.1446
2012-04-27 19:00:00,396.28482
2012-04-27 20:00:00,260.96478
2012-04-27 21:00:00,189.44441
2012-04-27 22:00:00,171.95781
2012-04-27 23:00:00,139.88771
2012-04-28 00:00:00,100.55522
2012-04-28 01:00:00,66.58492
2012-04-28 02:00:00,55.89749
2012-04-28 03:00:00,19.750248
2012-04-28 04:00:00,9.621043
2012-04-28 05:00:00,18.350262
2012-04-28 06:00:00,20.6097
2012-04-28 07:00:00,64.283714
2012-04-28 08:00:00,161.585
2012-04-28 09:00:00,248.55356
2012-04-28 10:00:00,345.6417
2012-04-28 11:00:00,418.42273
2012-04-28 12:00:00,463.48904
2012-04-28 13:00:00,467.0756
2012-04-28 14:00:00,522.70337
2012-04-28 15:00:00,539.7322
2012-04-28 16:00:00,496.54932
2012-04-28 17:00:00,472.20056
2012-04-28 18:00:00,329.01462
2012-04-28 19:00:00,284.9202
2012-04-28 20:00:00,217.9009
2012-04-28 21:00:00,133.83621
2012-04-28 22:00:00,157.46588
2012-04-28 23:00:00,145.1988
2012-04-29 00:00:00,83.53639
2012-04-29 01:00:00,86.91655
2012-04-29 02:00:00,61.013397
2012-04-29 03:00:00,26.586523
2012-04-29 04:00:00,13.4872675
2012-04-29 05:00:00,11.473707
2012-04-29 06:00:00,20.863935
2012-04-29 07:00:00,47.71304
2012-04-29 08:00:00,118.54711
2012-04-29 09:00:00,217.1917
2012-04-29 10:00:00,352.1187
2012-04-29 11:00:00,472.848
2012-04-29 12:00:00,570.19275
2012-04-29 13:00:00,565.5734
2012-04-29 14:00:00,553.2335
2012-04-29 15:00:00,569.80255
2012-04-29 16:00:00,559.4444
2012-04-29 17:00:00,553.8813
2012-04-29 18:00:00,455.60907
2012-04-29 19:00:00,368.01794
2012-04-29 20:00:00,255.93475
2012-04-29 21:00:00,170.01665
2012-04-29 22:00:00,109.17294
2012-04-29 23:00:00,65.25082
2012-04-30 00:00:00,34.095478
2012-04-30 01:00:00,14.552148
2012-04-30 02:00:00,8.745525
2012-04-30 03:00:00,4.944078
2012-04-30 04:00:00,4.757475
2012-04-30 05:00:00,23.210693
2012-04-30 06:00:00,105.15031
2012-04-30 07:00:00,340.01117
2012-04-30 08:00:00,612.8834
2012-04-30 09:00:00,318.8543
2012-04-30 10:00:00,171.1163
2012-04-30 11:00:00,185.73685
2012-04-30 12:00:00,218.40749
2012-04-30 13:00:00,234.37633
2012-04-30 14:00:00,221.8814
2012-04-30 15:00:00,241.58861
2012-04-30 16:00:00,348.8262
2012-04-30 17:00:00,724.69836
2012-04-30 18:00:00,706.12823
2012-04-30 19:00:00,478.33118
2012-04-30 20:00:00,300.3228
2012-04-30 21:00:00,214.01843
2012-04-30 22:00:00,155.62466
2012-04-30 23:00:00,82.97299
2012-05-20 00:00:00,152.54425
2012-05-20 01:00:00,111.62871
2012-05-20 02:00:00,78.31182
2012-05-20 03:00:00,42.789394
2012-05-20 04:00:00,16.704094
2012-05-20 05:00:00,13.525925
2012-05-20 06:00:00,30.490652
2012-05-20 07:00:00,59.605835
2012-05-20 08:00:00,151.42722
2012-05-20 09:00:00,281.79166
2012-05-20 10:00:00,441.31046
2012-05-20 11:00:00,541.2829
2012-05-20 12:00:00,629.899
2012-05-20 13:00:00,641.527
2012-05-20 14:00:00,593.57074
2012-05-20 15:00:00,546.78845
2012-05-20 16:00:00,577.6279
2012-05-20 17:00:00,572.08386
2012-05-20 18:00:00,505.67255
2012-05-20 19:00:00,382.96204
2012-05-20 20:00:00,294.294
2012-05-20 21:00:00,211.63086
2012-05-20 22:00:00,134.82013
2012-05-20 23:00:00,60.09522
2012-05-21 00:00:00,23.525593
2012-05-21 01:00:00,8.224114
2012-05-21 02:00:00,4.521945
2012-05-21 03:00:00,3.73883
2012-05-21 04:00:00,0.0
2012-05-21 05:00:00,18.374268
2012-05-21 06:00:00,86.75896
2012-05-21 07:00:00,154.57901
2012-05-21 08:00:00,180.3911
2012-05-21 09:00:00,141.33594
2012-05-21 10:00:00,93.675514
2012-05-21 11:00:00,143.23648
2012-05-21 12:00:00,171.22473
2012-05-21 13:00:00,88.758934
2012-05-21 14:00:00,85.72529
2012-05-21 15:00:00,221.03505
2012-05-21 16:00:00,308.81006
2012-05-21 17:00:00,638.067
2012-05-21 18:00:00,659.1543
2012-05-21 19:00:00,523.60223
2012-05-21 20:00:00,388.22498
2012-05-21 21:00:00,265.93564
2012-05-21 22:00:00,149.4237
2012-05-21 23:00:00,89.59519
2012-05-22 00:00:00,35.36413
2012-05-22 01:00:00,11.456119
2012-05-22 02:00:00,3.637147
2012-05-22 03:00:00,1.3693461
2012-05-22 04:00:00,3.9606984
2012-05-22 05:00:00,22.228443
2012-05-22 06:00:00,87.99057
2012-05-22 07:00:00,155.31042
2012-05-22 08:00:00,533.3778
2012-05-22 09:00:00,308.69794
2012-05-22 10:00:00,173.35825
2012-05-22 11:00:00,192.98036
2012-05-22 12:00:00,223.11368
2012-05-22 13:00:00,216.40443
2012-05-22 14:00:00,201.6652
2012-05-22 15:00:00,284.12253
2012-05-22 16:00:00,378.93158
2012-05-22 17:00:00,797.93787
2012-05-22 18:00:00,769.0518
2012-05-22 19:00:00,523.8103
2012-05-22 20:00:00,398.8578
2012-05-22 21:00:00,257.91467
2012-05-22 22:00:00,205.09317
2012-05-22 23:00:00,127.807434
2012-05-23 00:00:00,54.716026
2012-05-23 01:00:00,19.53439
2012-05-23 02:00:00,8.586244
2012-05-23 03:00:00,8.712431
2012-05-23 04:00:00,2.9470994
2012-05-23 05:00:00,25.027946
2012-05-23 06:00:00,162.47903
2012-05-23 07:00:00,469.73328
2012-05-23 08:00:00,643.3081
2012-05-23 09:00:00,342.2738
2012-05-23 10:00:00,196.06276
2012-05-23 11:00:00,232.99922
2012-05-23 12:00:00,270.7975
2012-05-23 13:00:00,235.84781
2012-05-23 14:00:00,262.17505
2012-05-23 15:00:00,260.2197
2012-05-23 16:00:00,336.27448
2012-05-23 17:00:00,587.954
2012-05-23 18:00:00,622.84485
2012-05-23 19:00:00,346.9136
2012-05-23 20:00:00,247.258
2012-05-23 21:00:00,197.17052
2012-05-23 22:00:00,165.4111
2012-05-23 23:00:00,125.50247
2012-05-24 00:00:00,57.830204
2012-05-24 01:00:00,23.520124
2012-05-24 02:00:00,10.420866
2012-05-24 03:00:00,3.6178606
2012-05-24 04:00:00,6.4939055
2012-05-24 05:00:00,32.096954
2012-05-24 06:00:00,153.02718
2012-05-24 07:00:00,475.6043
2012-05-24 08:00:00,683.0627
2012-05-24 09:00:00,345.8069
2012-05-24 10:00:00,207.12755
2012-05-24 11:00:00,251.08868
2012-05-24 12:00:00,308.99615
2012-05-24 13:00:00,315.19073
2012-05-24 14:00:00,269.16714
2012-05-24 15:00:00,292.90918
2012-05-24 16:00:00,385.24197
2012-05-24 17:00:00,794.42847
2012-05-24 18:00:00,797.66174
2012-05-24 19:00:00,550.13153
2012-05-24 20:00:00,369.93015
2012-05-24 21:00:00,189.25917
2012-05-24 22:00:00,192.69461
2012-05-24 23:00:00,141.74692
2012-05-25 00:00:00,81.01273
2012-05-25 01:00:00,34.746784
2012-05-25 02:00:00,13.941462
2012-05-25 03:00:00,8.759126
2012-05-25 04:00:00,7.2242656
2012-05-25 05:00:00,33.39656
2012-05-25 06:00:00,147.03485
2012-05-25 07:00:00,420.6941
2012-05-25 08:00:00,585.1272
2012-05-25 09:00:00,317.31323
2012-05-25 10:00:00,243.29735
2012-05-25 11:00:00,270.369
2012-05-25 12:00:00,353.374
2012-05-25 13:00:00,357.26562
2012-05-25 14:00:00,328.18475
2012-05-25 15:00:00,332.81467
2012-05-25 16:00:00,455.4683
2012-05-25 17:00:00,639.2549
2012-05-25 18:00:00,600.73035
2012-05-25 19:00:00,466.82874
2012-05-25 20:00:00,353.41986
2012-05-25 21:00:00,286.6893
2012-05-25 22:00:00,276.94025
2012-05-25 23:00:00,202.21964
2012-05-26 00:00:00,150.44788
2012-05-26 01:00:00,109.36816
2012-05-26 02:00:00,72.259254
2012-05-26 03:00:00,28.39988
2012-05-26 04:00:00,13.04141
2012-05-26 05:00:00,15.4747095
2012-05-26 06:00:00,35.308575
2012-05-26 07:00:00,72.71587
2012-05-26 08:00:00,201.95088
2012-05-26 09:00:00,295.2141
2012-05-26 10:00:00,425.37616
2012-05-26 11:00:00,499.5221
2012-05-26 12:00:00,520.559
2012-05-26 13:00:00,523.5844
2012-05-26 14:00:00,499.5772
2012-05-26 15:00:00,494.2046
2012-05-26 16:00:00,518.11835
2012-05-26 17:00:00,562.70636
2012-05-26 18:00:00,534.75555
2012-05-26 19:00:00,402.81982
2012-05-26 20:00:00,321.90204
2012-05-26 21:00:00,253.93832
2012-05-26 22:00:00,263.67
2012-05-26 23:00:00,205.42654
2012-05-27 00:00:00,153.96548
2012-05-27 01:00:00,126.48453
2012-05-27 02:00:00,89.56799
2012-05-27 03:00:00,47.48511
2012-05-27 04:00:00,14.211105
2012-05-27 05:00:00,10.890357
2012-05-27 06:00:00,23.633438
2012-05-27 07:00:00,58.326797
2012-05-27 08:00:00,136.64937
2012-05-27 09:00:00,236.28418
2012-05-27 10:00:00,399.35696
2012-05-27 11:00:00,441.99442
2012-05-27 12:00:00,476.75797
2012-05-27 13:00:00,513.3925
2012-05-27 14:00:00,477.24548
2012-05-27 15:00:00,482.7832
2012-05-27 16:00:00,478.28702
2012-05-27 17:00:00,552.9475
2012-05-27 18:00:00,473.20093
2012-05-27 19:00:00,377.3318
2012-05-27 20:00:00,319.49756
2012-05-27 21:00:00,168.2366
2012-05-27 22:00:00,84.07942
2012-05-27 23:00:00,71.48185
2012-05-28 00:00:00,93.622086
2012-05-28 01:00:00,52.839405
2012-05-28 02:00:00,37.942123
2012-05-28 03:00:00,18.297907
2012-05-28 04:00:00,13.38458
2012-05-28 05:00:00,34.172268
2012-05-28 06:00:00,71.56778
2012-05-28 07:00:00,307.25806
2012-05-28 08:00:00,411.53717
2012-05-28 09:00:00,288.26974
2012-05-28 10:00:00,317.2776
2012-05-28 11:00:00,322.67252
2012-05-28 12:00:00,372.7642
2012-05-28 13:00:00,371.1031
2012-05-28 14:00:00,365.5507
2012-05-28 15:00:00,373.73022
2012-05-28 16:00:00,396.90912
2012-05-28 17:00:00,604.5889
2012-05-28 18:00:00,580.53894
2012-05-28 19:00:00,508.45236
2012-05-28 20:00:00,427.11578
2012-05-28 21:00:00,305.18182
2012-05-28 22:00:00,224.26724
2012-05-28 23:00:00,123.43688
2012-05-29 00:00:00,54.528297
2012-05-29 01:00:00,28.829582
2012-05-29 02:00:00,18.111814
2012-05-29 03:00:00,15.080966
2012-05-29 04:00:00,13.065349
2012-05-29 05:00:00,43.04283
2012-05-29 06:00:00,174.64243
2012-05-29 07:00:00,494.44308
2012-05-29 08:00:00,665.2471
2012-05-29 09:00:00,327.98697
2012-05-29 10:00:00,173.75027
2012-05-29 11:00:00,218.19627
2012-05-29 12:00:00,271.01572
2012-05-29 13:00:00,270.64722
2012-05-29 14:00:00,249.86963
2012-05-29 15:00:00,268.42303
2012-05-29 16:00:00,385.76334
2012-05-29 17:00:00,787.5553
2012-05-29 18:00:00,788.4457
2012-05-29 19:00:00,557.6689
2012-05-29 20:00:00,306.68405
2012-05-29 21:00:00,144.45947
2012-05-29 22:00:00,155.57925
2012-05-29 23:00:00,62.455196
2012-05-30 00:00:00,39.84204
2012-05-30 01:00:00,17.820456
2012-05-30 02:00:00,7.203273
2012-05-30 03:00:00,2.8377223
2012-05-30 04:00:00,8.356674
2012-05-30 05:00:00,39.19367
2012-05-30 06:00:00,163.14517
2012-05-30 07:00:00,281.81534
2012-05-30 08:00:00,679.4479
2012-05-30 09:00:00,341.1421
2012-05-30 10:00:00,176.02087
2012-05-30 11:00:00,229.05125
2012-05-30 12:00:00,311.62158
2012-05-30 13:00:00,303.8042
2012-05-30 14:00:00,275.36157
2012-05-30 15:00:00,306.4666
2012-05-30 16:00:00,423.76633
2012-05-30 17:00:00,803.3186
2012-05-30 18:00:00,821.7807
2012-05-30 19:00:00,587.4277
2012-05-30 20:00:00,349.43506
2012-05-30 21:00:00,336.21564
2012-05-30 22:00:00,268.41415
2012-05-30 23:00:00,167.21759
2012-05-31 00:00:00,65.4855
2012-05-31 01:00:00,30.422972
2012-05-31 02:00:00,20.897902
2012-05-31 03:00:00,13.000101
2012-05-31 04:00:00,11.105515
2012-05-31 05:00:00,37.17357
2012-05-31 06:00:00,171.42802
2012-05-31 07:00:00,497.9916
2012-05-31 08:00:00,684.3606
2012-05-31 09:00:00,348.45224
2012-05-31 10:00:00,217.63937
2012-05-31 11:00:00,270.11642
2012-05-31 12:00:00,327.56366
2012-05-31 13:00:00,327.198
2012-05-31 14:00:00,287.5376
2012-05-31 15:00:00,310.92664
2012-05-31 16:00:00,433.6636
2012-05-31 17:00:00,842.3992
2012-05-31 18:00:00,818.0507
2012-05-31 19:00:00,598.8108
2012-05-31 20:00:00,448.25168
2012-05-31 21:00:00,338.13452
2012-05-31 22:00:00,280.64545
2012-05-31 23:00:00,199.303
2012-06-20 00:00:00,51.89269
2012-06-20 01:00:00,22.999458
2012-06-20 02:00:00,10.6731205
2012-06-20 03:00:00,7.9947214
2012-06-20 04:00:00,8.414368
2012-06-20 05:00:00,35.689575
2012-06-20 06:00:00,151.5142
2012-06-20 07:00:00,410.20065
2012-06-20 08:00:00,667.70776
2012-06-20 09:00:00,339.1341
2012-06-20 10:00:00,194.43625
2012-06-20 11:00:00,217.75385
2012-06-20 12:00:00,266.25003
2012-06-20 13:00:00,252.25244
2012-06-20 14:00:00,224.85143
2012-06-20 15:00:00,243.98232
2012-06-20 16:00:00,374.21475
2012-06-20 17:00:00,714.43854
2012-06-20 18:00:00,702.3293
2012-06-20 19:00:00,527.5452
2012-06-20 20:00:00,433.76614
2012-06-20 21:00:00,350.9176
2012-06-20 22:00:00,299.7451
2012-06-20 23:00:00,160.57204
2012-06-21 00:00:00,63.296654
2012-06-21 01:00:00,28.322353
2012-06-21 02:00:00,19.156954
2012-06-21 03:00:00,8.579535
2012-06-21 04:00:00,9.669207
2012-06-21 05:00:00,35.18358
2012-06-21 06:00:00,162.67465
2012-06-21 07:00:00,440.42517
2012-06-21 08:00:00,630.8952
2012-06-21 09:00:00,321.3199
2012-06-21 10:00:00,185.11221
2012-06-21 11:00:00,209.90512
2012-06-21 12:00:00,259.79556
2012-06-21 13:00:00,242.86938
2012-06-21 14:00:00,227.9433
2012-06-21 15:00:00,250.5369
2012-06-21 16:00:00,375.76154
2012-06-21 17:00:00,731.3624
2012-06-21 18:00:00,748.7435
2012-06-21 19:00:00,528.7284
2012-06-21 20:00:00,440.34317
2012-06-21 21:00:00,388.8712
2012-06-21 22:00:00,258.99832
2012-06-21 23:00:00,165.53705
2012-06-22 00:00:00,77.39956
2012-06-22 01:00:00,36.135544
2012-06-22 02:00:00,20.466301
2012-06-22 03:00:00,12.097622
2012-06-22 04:00:00,8.967108
2012-06-22 05:00:00,39.374672
2012-06-22 06:00:00,148.64513
2012-06-22 07:00:00,430.47638
2012-06-22 08:00:00,624.0983
2012-06-22 09:00:00,326.84772
2012-06-22 10:00:00,231.4766
2012-06-22 11:00:00,271.9746
2012-06-22 12:00:00,336.2811
2012-06-22 13:00:00,319.5622
2012-06-22 14:00:00,296.237
2012-06-22 15:00:00,321.07178
2012-06-22 16:00:00,384.87976
2012-06-22 17:00:00,756.0452
2012-06-22 18:00:00,657.6351
2012-06-22 19:00:00,470.89072
2012-06-22 20:00:00,364.1183
2012-06-22 21:00:00,216.90488
2012-06-22 22:00:00,261.04123
2012-06-22 23:00:00,179.40056
2012-06-23 00:00:00,156.30986
2012-06-23 01:00:00,117.02446
2012-06-23 02:00:00,62.550995
2012-06-23 03:00:00,27.205738
2012-06-23 04:00:00,8.204792
2012-06-23 05:00:00,11.027502
2012-06-23 06:00:00,31.684286
2012-06-23 07:00:00,71.366905
2012-06-23 08:00:00,186.71747
2012-06-23 09:00:00,301.87454
2012-06-23 10:00:00,430.75488
2012-06-23 11:00:00,519.4546
2012-06-23 12:00:00,549.6622
2012-06-23 13:00:00,555.2803
2012-06-23 14:00:00,565.4728
2012-06-23 15:00:00,516.1058
2012-06-23 16:00:00,517.9821
2012-06-23 17:00:00,558.5123
2012-06-23 18:00:00,519.6018
2012-06-23 19:00:00,416.96613
2012-06-23 20:00:00,334.44467
2012-06-23 21:00:00,321.03525
2012-06-23 22:00:00,290.6767
2012-06-23 23:00:00,230.10321
2012-06-24 00:00:00,183.65512
2012-06-24 01:00:00,134.64995
2012-06-24 02:00:00,93.777664
2012-06-24 03:00:00,49.833397
2012-06-24 04:00:00,22.29529
2012-06-24 05:00:00,15.895283
2012-06-24 06:00:00,31.896852
2012-06-24 07:00:00,57.850574
2012-06-24 08:00:00,148.70093
2012-06-24 09:00:00,281.52335
2012-06-24 10:00:00,415.30936
2012-06-24 11:00:00,484.0179
2012-06-24 12:00:00,519.4415
2012-06-24 13:00:00,523.8491
2012-06-24 14:00:00,467.41998
2012-06-24 15:00:00,441.90878
2012-06-24 16:00:00,460.76474
2012-06-24 17:00:00,532.3657
2012-06-24 18:00:00,504.9976
2012-06-24 19:00:00,402.16583
2012-06-24 20:00:00,310.00864
2012-06-24 21:00:00,253.20622
2012-06-24 22:00:00,190.92625
2012-06-24 23:00:00,109.643974
2012-06-25 00:00:00,44.105877
2012-06-25 01:00:00,18.578917
2012-06-25 02:00:00,7.8181224
2012-06-25 03:00:00,8.050395
2012-06-25 04:00:00,7.311648
2012-06-25 05:00:00,35.37771
2012-06-25 06:00:00,157.59338
2012-06-25 07:00:00,464.9095
2012-06-25 08:00:00,606.28784
2012-06-25 09:00:00,309.3616
2012-06-25 10:00:00,193.20631
2012-06-25 11:00:00,212.61455
2012-06-25 12:00:00,266.42017
2012-06-25 13:00:00,272.4248
2012-06-25 14:00:00,237.94498
2012-06-25 15:00:00,269.95453
2012-06-25 16:00:00,382.92834
2012-06-25 17:00:00,792.4023
2012-06-25 18:00:00,786.57764
2012-06-25 19:00:00,576.5984
2012-06-25 20:00:00,424.63824
2012-06-25 21:00:00,304.41702
2012-06-25 22:00:00,217.80287
2012-06-25 23:00:00,122.66211
2012-06-26 00:00:00,49.16985
2012-06-26 01:00:00,34.48452
2012-06-26 02:00:00,12.198167
2012-06-26 03:00:00,8.433361
2012-06-26 04:00:00,12.139329
2012-06-26 05:00:00,39.95968
2012-06-26 06:00:00,159.65515
2012-06-26 07:00:00,483.94458
2012-06-26 08:00:00,658.544
2012-06-26 09:00:00,336.66125
2012-06-26 10:00:00,196.16095
2012-06-26 11:00:00,242.48672
2012-06-26 12:00:00,294.24432
2012-06-26 13:00:00,284.3707
2012-06-26 14:00:00,263.67184
2012-06-26 15:00:00,280.48764
2012-06-26 16:00:00,409.4433
2012-06-26 17:00:00,811.0223
2012-06-26 18:00:00,803.10535
2012-06-26 19:00:00,584.2884
2012-06-26 20:00:00,447.8809
2012-06-26 21:00:00,328.13446
2012-06-26 22:00:00,238.48311
2012-06-26 23:00:00,140.16946
2012-06-27 00:00:00,60.55045
2012-06-27 01:00:00,30.16543
2012-06-27 02:00:00,11.775096
2012-06-27 03:00:00,16.244097
2012-06-27 04:00:00,19.924807
2012-06-27 05:00:00,50.024292
2012-06-27 06:00:00,167.97931
2012-06-27 07:00:00,493.5393
2012-06-27 08:00:00,668.5673
2012-06-27 09:00:00,341.30304
2012-06-27 10:00:00,212.7689
2012-06-27 11:00:00,239.25334
2012-06-27 12:00:00,294.61716
2012-06-27 13:00:00,267.50305
2012-06-27 14:00:00,271.89264
2012-06-27 15:00:00,273.2527
2012-06-27 16:00:00,390.9495
2012-06-27 17:00:00,790.3535
2012-06-27 18:00:00,780.35205
2012-06-27 19:00:00,574.93634
2012-06-27 20:00:00,464.41962
2012-06-27 21:00:00,353.74643
2012-06-27 22:00:00,278.36188
2012-06-27 23:00:00,171.80011
2012-06-28 00:00:00,76.363304
2012-06-28 01:00:00,33.729336
2012-06-28 02:00:00,26.511492
2012-06-28 03:00:00,21.809345
2012-06-28 04:00:00,16.120895
2012-06-28 05:00:00,47.58833
2012-06-28 06:00:00,171.2275
2012-06-28 07:00:00,499.92297
2012-06-28 08:00:00,653.33185
2012-06-28 09:00:00,352.06143
2012-06-28 10:00:00,214.8221
2012-06-28 11:00:00,230.01472
2012-06-28 12:00:00,281.7173
2012-06-28 13:00:00,275.47995
2012-06-28 14:00:00,260.7544
2012-06-28 15:00:00,283.8041
2012-06-28 16:00:00,406.12122
2012-06-28 17:00:00,752.79095
2012-06-28 18:00:00,746.027
2012-06-28 19:00:00,540.3723
2012-06-28 20:00:00,466.4495
2012-06-28 21:00:00,361.79626
2012-06-28 22:00:00,282.87793
2012-06-28 23:00:00,196.61844
2012-06-29 00:00:00,108.13406
2012-06-29 01:00:00,53.695534
2012-06-29 02:00:00,25.387346
2012-06-29 03:00:00,16.97795
2012-06-29 04:00:00,15.399918
2012-06-29 05:00:00,40.475197
2012-06-29 06:00:00,155.58821
2012-06-29 07:00:00,437.119
2012-06-29 08:00:00,648.43726
2012-06-29 09:00:00,349.1826
2012-06-29 10:00:00,221.495
2012-06-29 11:00:00,254.12024
2012-06-29 12:00:00,326.21317
2012-06-29 13:00:00,309.26572
2012-06-29 14:00:00,283.8179
2012-06-29 15:00:00,289.8496
2012-06-29 16:00:00,341.71082
2012-06-29 17:00:00,629.6976
2012-06-29 18:00:00,542.10913
2012-06-29 19:00:00,439.01642
2012-06-29 20:00:00,342.58713
2012-06-29 21:00:00,273.2322
2012-06-29 22:00:00,185.39066
2012-06-29 23:00:00,140.85342
2012-06-30 00:00:00,124.00807
2012-06-30 01:00:00,92.90776
2012-06-30 02:00:00,66.65252
2012-06-30 03:00:00,28.297924
2012-06-30 04:00:00,10.09832
2012-06-30 05:00:00,14.496934
2012-06-30 06:00:00,29.048723
2012-06-30 07:00:00,70.131004
2012-06-30 08:00:00,179.30598
2012-06-30 09:00:00,285.19855
2012-06-30 10:00:00,379.32178
2012-06-30 11:00:00,467.20483
2012-06-30 12:00:00,504.47287
2012-06-30 13:00:00,507.6985
2012-06-30 14:00:00,506.6458
2012-06-30 15:00:00,500.52597
2012-06-30 16:00:00,459.38373
2012-06-30 17:00:00,484.2918
2012-06-30 18:00:00,445.35904
2012-06-30 19:00:00,395.77554
2012-06-30 20:00:00,350.0024
2012-06-30 21:00:00,325.07498
2012-06-30 22:00:00,258.80225
2012-06-30 23:00:00,208.50223
2012-07-20 00:00:00,70.87408
2012-07-20 01:00:00,38.586426
2012-07-20 02:00:00,22.796371
2012-07-20 03:00:00,13.584597
2012-07-20 04:00:00,14.316997
2012-07-20 05:00:00,35.935165
2012-07-20 06:00:00,151.17523
2012-07-20 07:00:00,404.912
2012-07-20 08:00:00,617.332
2012-07-20 09:00:00,342.99316
2012-07-20 10:00:00,219.85663
2012-07-20 11:00:00,234.26457
2012-07-20 12:00:00,176.22307
2012-07-20 13:00:00,189.59033
2012-07-20 14:00:00,173.09132
2012-07-20 15:00:00,273.84128
2012-07-20 16:00:00,371.17493
2012-07-20 17:00:00,346.08597
2012-07-20 18:00:00,354.60898
2012-07-20 19:00:00,286.04767
2012-07-20 20:00:00,147.6081
2012-07-20 21:00:00,168.85974
2012-07-20 22:00:00,171.02614
2012-07-20 23:00:00,140.01524
2012-07-21 00:00:00,118.26055
2012-07-21 01:00:00,98.588135
2012-07-21 02:00:00,57.060024
2012-07-21 03:00:00,20.994566
2012-07-21 04:00:00,3.6434884
2012-07-21 05:00:00,9.062239
2012-07-21 06:00:00,16.486668
2012-07-21 07:00:00,63.42496
2012-07-21 08:00:00,151.58482
2012-07-21 09:00:00,250.58939
2012-07-21 10:00:00,280.8767
2012-07-21 11:00:00,431.00916
2012-07-21 12:00:00,272.52823
2012-07-21 13:00:00,265.63712
2012-07-21 14:00:00,461.5913
2012-07-21 15:00:00,292.1299
2012-07-21 16:00:00,237.56647
2012-07-21 17:00:00,248.74129
2012-07-21 18:00:00,266.71112
2012-07-21 19:00:00,242.1555
2012-07-21 20:00:00,163.67664
2012-07-21 21:00:00,200.41931
2012-07-21 22:00:00,167.75063
2012-07-21 23:00:00,136.97652
2012-07-22 00:00:00,137.52008
2012-07-22 01:00:00,111.725655
2012-07-22 02:00:00,77.51758
2012-07-22 03:00:00,33.049732
2012-07-22 04:00:00,14.023604
2012-07-22 05:00:00,12.413279
2012-07-22 06:00:00,19.259441
2012-07-22 07:00:00,39.989086
2012-07-22 08:00:00,121.7892
2012-07-22 09:00:00,250.54753
2012-07-22 10:00:00,398.47693
2012-07-22 11:00:00,416.09375
2012-07-22 12:00:00,424.06024
2012-07-22 13:00:00,414.36682
2012-07-22 14:00:00,428.34412
2012-07-22 15:00:00,414.25726
2012-07-22 16:00:00,390.64706
2012-07-22 17:00:00,450.26923
2012-07-22 18:00:00,424.0285
2012-07-22 19:00:00,348.9705
2012-07-22 20:00:00,265.43356
2012-07-22 21:00:00,207.26863
2012-07-22 22:00:00,131.38887
2012-07-22 23:00:00,85.94693
2012-07-23 00:00:00,45.92478
2012-07-23 01:00:00,19.6317
2012-07-23 02:00:00,12.666107
2012-07-23 03:00:00,10.687448
2012-07-23 04:00:00,8.861929
2012-07-23 05:00:00,31.064123
2012-07-23 06:00:00,146.73042
2012-07-23 07:00:00,425.77008
2012-07-23 08:00:00,624.82404
2012-07-23 09:00:00,320.08994
2012-07-23 10:00:00,195.94266
2012-07-23 11:00:00,218.6857
2012-07-23 12:00:00,266.59384
2012-07-23 13:00:00,268.4566
2012-07-23 14:00:00,249.39775
2012-07-23 15:00:00,261.96176
2012-07-23 16:00:00,380.98126
2012-07-23 17:00:00,787.5216
2012-07-23 18:00:00,782.58203
2012-07-23 19:00:00,573.0873
2012-07-23 20:00:00,429.50253
2012-07-23 21:00:00,307.16916
2012-07-23 22:00:00,195.90254
2012-07-23 23:00:00,108.443184
2012-07-24 00:00:00,49.467255
2012-07-24 01:00:00,21.645285
2012-07-24 02:00:00,7.3231125
2012-07-24 03:00:00,4.456807
2012-07-24 04:00:00,4.765284
2012-07-24 05:00:00,33.40743
2012-07-24 06:00:00,157.92126
2012-07-24 07:00:00,487.71277
2012-07-24 08:00:00,661.2832
2012-07-24 09:00:00,303.71243
2012-07-24 10:00:00,183.40892
2012-07-24 11:00:00,210.05785
2012-07-24 12:00:00,255.93372
2012-07-24 13:00:00,247.62625
2012-07-24 14:00:00,223.80043
2012-07-24 15:00:00,264.4951
2012-07-24 16:00:00,356.9159
2012-07-24 17:00:00,775.4183
2012-07-24 18:00:00,720.74115
2012-07-24 19:00:00,552.52026
2012-07-24 20:00:00,409.4533
2012-07-24 21:00:00,280.49057
2012-07-24 22:00:00,182.0783
2012-07-24 23:00:00,113.40033
2012-07-25 00:00:00,49.744354
2012-07-25 01:00:00,25.238186
2012-07-25 02:00:00,14.40556
2012-07-25 03:00:00,8.1417885
2012-07-25 04:00:00,10.289669
2012-07-25 05:00:00,42.48195
2012-07-25 06:00:00,170.68384
2012-07-25 07:00:00,464.30045
2012-07-25 08:00:00,682.87946
2012-07-25 09:00:00,347.26154
2012-07-25 10:00:00,204.96767
2012-07-25 11:00:00,239.95288
2012-07-25 12:00:00,295.85205
2012-07-25 13:00:00,278.20178
2012-07-25 14:00:00,250.18124
2012-07-25 15:00:00,283.63165
2012-07-25 16:00:00,393.04126
2012-07-25 17:00:00,795.42126
2012-07-25 18:00:00,797.99036
2012-07-25 19:00:00,606.1604
2012-07-25 20:00:00,461.78857
2012-07-25 21:00:00,350.0218
2012-07-25 22:00:00,254.7898
2012-07-25 23:00:00,149.35114
2012-07-26 00:00:00,59.85123
2012-07-26 01:00:00,25.281916
2012-07-26 02:00:00,8.836106
2012-07-26 03:00:00,5.092342
2012-07-26 04:00:00,8.49106
2012-07-26 05:00:00,37.88146
2012-07-26 06:00:00,170.77074
2012-07-26 07:00:00,477.98193
2012-07-26 08:00:00,691.98706
2012-07-26 09:00:00,326.5814
2012-07-26 10:00:00,173.65175
2012-07-26 11:00:00,203.5876
2012-07-26 12:00:00,257.22443
2012-07-26 13:00:00,255.79832
2012-07-26 14:00:00,219.33093
2012-07-26 15:00:00,244.34517
2012-07-26 16:00:00,348.28955
2012-07-26 17:00:00,665.4999
2012-07-26 18:00:00,663.9271
2012-07-26 19:00:00,527.606
2012-07-26 20:00:00,453.12433
2012-07-26 21:00:00,353.60785
2012-07-26 22:00:00,261.59552
2012-07-26 23:00:00,154.36427
2012-07-27 00:00:00,81.132324
2012-07-27 01:00:00,32.760197
2012-07-27 02:00:00,20.605984
2012-07-27 03:00:00,11.881843
2012-07-27 04:00:00,9.429691
2012-07-27 05:00:00,35.906418
2012-07-27 06:00:00,152.00009
2012-07-27 07:00:00,427.7033
2012-07-27 08:00:00,647.97003
2012-07-27 09:00:00,330.27484
2012-07-27 10:00:00,230.55618
2012-07-27 11:00:00,264.80658
2012-07-27 12:00:00,339.2905
2012-07-27 13:00:00,333.08475
2012-07-27 14:00:00,312.4226
2012-07-27 15:00:00,340.78107
2012-07-27 16:00:00,432.3125
2012-07-27 17:00:00,728.1199
2012-07-27 18:00:00,655.66766
2012-07-27 19:00:00,494.176
2012-07-27 20:00:00,375.40765
2012-07-27 21:00:00,304.57443
2012-07-27 22:00:00,267.28247
2012-07-27 23:00:00,190.91577
2012-07-28 00:00:00,169.46579
2012-07-28 01:00:00,115.75417
2012-07-28 02:00:00,73.20418
2012-07-28 03:00:00,31.670624
2012-07-28 04:00:00,15.436447
2012-07-28 05:00:00,18.641361
2012-07-28 06:00:00,30.449837
2012-07-28 07:00:00,69.47279
2012-07-28 08:00:00,184.57608
2012-07-28 09:00:00,294.97302
2012-07-28 10:00:00,398.25388
2012-07-28 11:00:00,488.57468
2012-07-28 12:00:00,529.1202
2012-07-28 13:00:00,525.848
2012-07-28 14:00:00,523.7832
2012-07-28 15:00:00,514.42426
2012-07-28 16:00:00,490.96368
2012-07-28 17:00:00,496.41983
2012-07-28 18:00:00,481.68024
2012-07-28 19:00:00,330.65204
2012-07-28 20:00:00,262.54752
2012-07-28 21:00:00,286.13025
2012-07-28 22:00:00,249.69864
2012-07-28 23:00:00,194.037
2012-07-29 00:00:00,166.55461
2012-07-29 01:00:00,126.99913
2012-07-29 02:00:00,87.1715
2012-07-29 03:00:00,41.76734
2012-07-29 04:00:00,16.39492
2012-07-29 05:00:00,13.060934
2012-07-29 06:00:00,25.02006
2012-07-29 07:00:00,49.46004
2012-07-29 08:00:00,129.30602
2012-07-29 09:00:00,239.7617
2012-07-29 10:00:00,399.12247
2012-07-29 11:00:00,466.49365
2012-07-29 12:00:00,524.4287
2012-07-29 13:00:00,517.3492
2012-07-29 14:00:00,483.59467
2012-07-29 15:00:00,472.82
2012-07-29 16:00:00,458.69904
2012-07-29 17:00:00,480.0081
2012-07-29 18:00:00,503.0262
2012-07-29 19:00:00,383.75244
2012-07-29 20:00:00,278.51935
2012-07-29 21:00:00,205.45099
2012-07-29 22:00:00,140.1115
2012-07-29 23:00:00,93.73175
2012-07-30 00:00:00,48.905205
2012-07-30 01:00:00,17.845333
2012-07-30 02:00:00,10.20117
2012-07-30 03:00:00,5.200296
2012-07-30 04:00:00,5.644153
2012-07-30 05:00:00,29.8431
2012-07-30 06:00:00,146.392
2012-07-30 07:00:00,459.3031
2012-07-30 08:00:00,648.1624
2012-07-30 09:00:00,327.98035
2012-07-30 10:00:00,181.7979
2012-07-30 11:00:00,224.24895
2012-07-30 12:00:00,270.76077
2012-07-30 13:00:00,266.78256
2012-07-30 14:00:00,238.95888
2012-07-30 15:00:00,260.87863
2012-07-30 16:00:00,375.5823
2012-07-30 17:00:00,765.0894
2012-07-30 18:00:00,750.00854
2012-07-30 19:00:00,582.7325
2012-07-30 20:00:00,390.2967
2012-07-30 21:00:00,270.2443
2012-07-30 22:00:00,156.26051
2012-07-30 23:00:00,97.39609
2012-07-31 00:00:00,49.74125
2012-07-31 01:00:00,16.392776
2012-07-31 02:00:00,7.107116
2012-07-31 03:00:00,4.5077133
2012-07-31 04:00:00,4.765284
2012-07-31 05:00:00,33.194607
2012-07-31 06:00:00,159.35625
2012-07-31 07:00:00,444.62354
2012-07-31 08:00:00,668.92944
2012-07-31 09:00:00,324.63733
2012-07-31 10:00:00,183.35289
2012-07-31 11:00:00,216.83582
2012-07-31 12:00:00,276.87387
2012-07-31 13:00:00,259.0151
2012-07-31 14:00:00,235.119
2012-07-31 15:00:00,256.08258
2012-07-31 16:00:00,342.15753
2012-07-31 17:00:00,773.68677
2012-07-31 18:00:00,766.20844
2012-07-31 19:00:00,463.79846
2012-07-31 20:00:00,343.5688
2012-07-31 21:00:00,289.15308
2012-07-31 22:00:00,186.42287
2012-07-31 23:00:00,97.3697
2012-08-20 00:00:00,26.672916
2012-08-20 01:00:00,8.533447
2012-08-20 02:00:00,1.9335809
2012-08-20 03:00:00,2.3627264
2012-08-20 04:00:00,0.0
2012-08-20 05:00:00,20.296215
2012-08-20 06:00:00,153.37453
2012-08-20 07:00:00,459.84247
2012-08-20 08:00:00,663.26013
2012-08-20 09:00:00,326.0621
2012-08-20 10:00:00,188.44974
2012-08-20 11:00:00,222.46692
2012-08-20 12:00:00,273.61676
2012-08-20 13:00:00,280.8578
2012-08-20 14:00:00,262.1565
2012-08-20 15:00:00,285.41708
2012-08-20 16:00:00,418.9144
2012-08-20 17:00:00,812.91516
2012-08-20 18:00:00,569.97864
2012-08-20 19:00:00,418.4547
2012-08-20 20:00:00,242.6094
2012-08-20 21:00:00,216.58003
2012-08-20 22:00:00,117.3102
2012-08-20 23:00:00,59.23356
2012-08-21 00:00:00,26.69511
2012-08-21 01:00:00,5.959993
2012-08-21 02:00:00,2.0985188
2012-08-21 03:00:00,3.2956579
2012-08-21 04:00:00,3.8707438
2012-08-21 05:00:00,28.738436
2012-08-21 06:00:00,148.94875
2012-08-21 07:00:00,494.31454
2012-08-21 08:00:00,691.4821
2012-08-21 09:00:00,330.02
2012-08-21 10:00:00,196.81738
2012-08-21 11:00:00,247.40135
2012-08-21 12:00:00,304.6552
2012-08-21 13:00:00,285.6501
2012-08-21 14:00:00,273.1496
2012-08-21 15:00:00,286.01376
2012-08-21 16:00:00,433.51837
2012-08-21 17:00:00,844.20874
2012-08-21 18:00:00,846.8815
2012-08-21 19:00:00,436.5185
2012-08-21 20:00:00,402.40005
2012-08-21 21:00:00,282.74738
2012-08-21 22:00:00,184.00343
2012-08-21 23:00:00,101.76004
2012-08-22 00:00:00,45.95902
2012-08-22 01:00:00,21.271984
2012-08-22 02:00:00,11.065522
2012-08-22 03:00:00,8.401134
2012-08-22 04:00:00,3.0449615
2012-08-22 05:00:00,37.83486
2012-08-22 06:00:00,169.36768
2012-08-22 07:00:00,487.36023
2012-08-22 08:00:00,698.69336
2012-08-22 09:00:00,337.59113
2012-08-22 10:00:00,205.43832
2012-08-22 11:00:00,231.05394
2012-08-22 12:00:00,295.64716
2012-08-22 13:00:00,292.49127
2012-08-22 14:00:00,260.2086
2012-08-22 15:00:00,288.18228
2012-08-22 16:00:00,381.56223
2012-08-22 17:00:00,821.90356
2012-08-22 18:00:00,808.8732
2012-08-22 19:00:00,501.06906
2012-08-22 20:00:00,437.57922
2012-08-22 21:00:00,314.7826
2012-08-22 22:00:00,240.29298
2012-08-22 23:00:00,118.943054
2012-08-23 00:00:00,63.03864
2012-08-23 01:00:00,18.61333
2012-08-23 02:00:00,7.039019
2012-08-23 03:00:00,3.9822905
2012-08-23 04:00:00,4.9511175
2012-08-23 05:00:00,31.063774
2012-08-23 06:00:00,142.45964
2012-08-23 07:00:00,391.6201
2012-08-23 08:00:00,708.74945
2012-08-23 09:00:00,358.04712
2012-08-23 10:00:00,198.41794
2012-08-23 11:00:00,250.2797
2012-08-23 12:00:00,294.7591
2012-08-23 13:00:00,291.19083
2012-08-23 14:00:00,245.71724
2012-08-23 15:00:00,276.302
2012-08-23 16:00:00,423.334
2012-08-23 17:00:00,848.37445
2012-08-23 18:00:00,848.31964
2012-08-23 19:00:00,617.9787
2012-08-23 20:00:00,448.64227
2012-08-23 21:00:00,345.40897
2012-08-23 22:00:00,224.89478
2012-08-23 23:00:00,158.05405
2012-08-24 00:00:00,87.7721
2012-08-24 01:00:00,36.01984
2012-08-24 02:00:00,23.616322
2012-08-24 03:00:00,13.581355
2012-08-24 04:00:00,13.790834
2012-08-24 05:00:00,36.41931
2012-08-24 06:00:00,129.93025
2012-08-24 07:00:00,428.45032
2012-08-24 08:00:00,697.22095
2012-08-24 09:00:00,362.10126
2012-08-24 10:00:00,259.59354
2012-08-24 11:00:00,288.0634
2012-08-24 12:00:00,367.5282
2012-08-24 13:00:00,356.72418
2012-08-24 14:00:00,336.39682
2012-08-24 15:00:00,357.49997
2012-08-24 16:00:00,485.10635
2012-08-24 17:00:00,786.30414
2012-08-24 18:00:00,648.4791
2012-08-24 19:00:00,502.60934
2012-08-24 20:00:00,365.82434
2012-08-24 21:00:00,282.01834
2012-08-24 22:00:00,231.92026
2012-08-24 23:00:00,187.76028
2012-08-25 00:00:00,166.30888
2012-08-25 01:00:00,129.51137
2012-08-25 02:00:00,90.96086
2012-08-25 03:00:00,42.09919
2012-08-25 04:00:00,23.434381
2012-08-25 05:00:00,19.267109
2012-08-25 06:00:00,33.15265
2012-08-25 07:00:00,65.61093
2012-08-25 08:00:00,162.1118
2012-08-25 09:00:00,279.5171
2012-08-25 10:00:00,413.5259
2012-08-25 11:00:00,458.66528
2012-08-25 12:00:00,453.99484
2012-08-25 13:00:00,550.99677
2012-08-25 14:00:00,339.02856
2012-08-25 15:00:00,462.78052
2012-08-25 16:00:00,485.90164
2012-08-25 17:00:00,389.1957
2012-08-25 18:00:00,448.31165
2012-08-25 19:00:00,340.26758
2012-08-25 20:00:00,156.87067
2012-08-25 21:00:00,228.2226
2012-08-25 22:00:00,195.90094
2012-08-25 23:00:00,138.24295
2012-08-26 00:00:00,153.77284
2012-08-26 01:00:00,117.63189
2012-08-26 02:00:00,80.17445
2012-08-26 03:00:00,38.6221
2012-08-26 04:00:00,11.558359
2012-08-26 05:00:00,8.458136
2012-08-26 06:00:00,11.617993
2012-08-26 07:00:00,41.479637
2012-08-26 08:00:00,124.01013
2012-08-26 09:00:00,237.57027
2012-08-26 10:00:00,379.95126
2012-08-26 11:00:00,413.4655
2012-08-26 12:00:00,297.65494
2012-08-26 13:00:00,250.99838
2012-08-26 14:00:00,384.70087
2012-08-26 15:00:00,176.7493
2012-08-26 16:00:00,222.5047
2012-08-26 17:00:00,288.3399
2012-08-26 18:00:00,286.53635
2012-08-26 19:00:00,236.25107
2012-08-26 20:00:00,188.0186
2012-08-26 21:00:00,170.10872
2012-08-26 22:00:00,121.922554
2012-08-26 23:00:00,86.63745
2012-08-27 00:00:00,38.90557
2012-08-27 01:00:00,12.727756
2012-08-27 02:00:00,3.1180193
2012-08-27 03:00:00,3.8174922
2012-08-27 04:00:00,3.1840556
2012-08-27 05:00:00,28.421124
2012-08-27 06:00:00,141.55232
2012-08-27 07:00:00,378.56464
2012-08-27 08:00:00,550.1378
2012-08-27 09:00:00,291.28333
2012-08-27 10:00:00,181.83427
2012-08-27 11:00:00,222.27504
2012-08-27 12:00:00,277.20657
2012-08-27 13:00:00,275.90643
2012-08-27 14:00:00,258.95337
2012-08-27 15:00:00,269.48157
2012-08-27 16:00:00,399.12094
2012-08-27 17:00:00,826.8758
2012-08-27 18:00:00,821.28577
2012-08-27 19:00:00,528.8538
2012-08-27 20:00:00,404.96143
2012-08-27 21:00:00,277.0103
2012-08-27 22:00:00,171.32414
2012-08-27 23:00:00,91.59501
2012-08-28 00:00:00,40.419476
2012-08-28 01:00:00,19.030079
2012-08-28 02:00:00,6.8260884
2012-08-28 03:00:00,6.781103
2012-08-28 04:00:00,0.0
2012-08-28 05:00:00,6.93468
2012-08-28 06:00:00,145.1862
2012-08-28 07:00:00,359.4619
2012-08-28 08:00:00,570.31555
2012-08-28 09:00:00,338.25812
2012-08-28 10:00:00,199.21783
2012-08-28 11:00:00,231.79083
2012-08-28 12:00:00,281.66428
2012-08-28 13:00:00,277.09845
2012-08-28 14:00:00,252.01279
2012-08-28 15:00:00,278.3011
2012-08-28 16:00:00,410.90045
2012-08-28 17:00:00,843.66223
2012-08-28 18:00:00,832.6898
2012-08-28 19:00:00,603.3491
2012-08-28 20:00:00,450.80646
2012-08-28 21:00:00,325.91278
2012-08-28 22:00:00,242.55214
2012-08-28 23:00:00,142.90225
2012-08-29 00:00:00,60.17668
2012-08-29 01:00:00,23.227608
2012-08-29 02:00:00,13.368181
2012-08-29 03:00:00,10.349178
2012-08-29 04:00:00,10.310371
2012-08-29 05:00:00,42.716892
2012-08-29 06:00:00,170.55112
2012-08-29 07:00:00,475.67178
2012-08-29 08:00:00,698.8314
2012-08-29 09:00:00,347.63528
2012-08-29 10:00:00,212.96707
2012-08-29 11:00:00,248.74393
2012-08-29 12:00:00,290.88397
2012-08-29 13:00:00,287.99493
2012-08-29 14:00:00,264.40778
2012-08-29 15:00:00,292.0155
2012-08-29 16:00:00,440.2644
2012-08-29 17:00:00,855.83154
2012-08-29 18:00:00,851.7901
2012-08-29 19:00:00,618.47174
2012-08-29 20:00:00,454.1719
2012-08-29 21:00:00,362.11877
2012-08-29 22:00:00,272.77985
2012-08-29 23:00:00,162.2424
2012-08-30 00:00:00,61.508373
2012-08-30 01:00:00,27.338463
2012-08-30 02:00:00,15.066516
2012-08-30 03:00:00,11.649482
2012-08-30 04:00:00,11.831272
2012-08-30 05:00:00,41.773342
2012-08-30 06:00:00,152.84479
2012-08-30 07:00:00,473.15176
2012-08-30 08:00:00,693.8916
2012-08-30 09:00:00,341.4158
2012-08-30 10:00:00,210.9519
2012-08-30 11:00:00,254.88474
2012-08-30 12:00:00,302.46924
2012-08-30 13:00:00,298.0067
2012-08-30 14:00:00,264.15118
2012-08-30 15:00:00,278.56113
2012-08-30 16:00:00,416.5257
2012-08-30 17:00:00,850.7418
2012-08-30 18:00:00,837.22986
2012-08-30 19:00:00,629.97546
2012-08-30 20:00:00,454.65118
2012-08-30 21:00:00,336.7936
2012-08-30 22:00:00,246.04901
2012-08-30 23:00:00,171.83705
2012-08-31 00:00:00,78.5743
2012-08-31 01:00:00,32.70616
2012-08-31 02:00:00,17.309526
2012-08-31 03:00:00,10.889627
2012-08-31 04:00:00,7.407806
2012-08-31 05:00:00,30.921312
2012-08-31 06:00:00,135.99152
2012-08-31 07:00:00,361.9011
2012-08-31 08:00:00,705.38495
2012-08-31 09:00:00,340.13876
2012-08-31 10:00:00,248.43784
2012-08-31 11:00:00,279.10754
2012-08-31 12:00:00,357.06302
2012-08-31 13:00:00,350.2143
2012-08-31 14:00:00,327.17392
2012-08-31 15:00:00,352.8808
2012-08-31 16:00:00,463.00818
2012-08-31 17:00:00,762.7352
2012-08-31 18:00:00,696.7589
2012-08-31 19:00:00,517.7816
2012-08-31 20:00:00,393.1443
2012-08-31 21:00:00,314.7935
2012-08-31 22:00:00,267.60162
2012-08-31 23:00:00,203.59615
2012-09-20 00:00:00,61.794815
2012-09-20 01:00:00,24.462006
2012-09-20 02:00:00,15.40934
2012-09-20 03:00:00,9.228397
2012-09-20 04:00:00,9.056478
2012-09-20 05:00:00,44.106236
2012-09-20 06:00:00,179.22853
2012-09-20 07:00:00,541.07007
2012-09-20 08:00:00,790.76904
2012-09-20 09:00:00,362.49393
2012-09-20 10:00:00,224.36787
2012-09-20 11:00:00,256.074
2012-09-20 12:00:00,312.75702
2012-09-20 13:00:00,309.17065
2012-09-20 14:00:00,287.69434
2012-09-20 15:00:00,324.2315
2012-09-20 16:00:00,461.06964
2012-09-20 17:00:00,875.9374
2012-09-20 18:00:00,861.80194
2012-09-20 19:00:00,609.53546
2012-09-20 20:00:00,428.3586
2012-09-20 21:00:00,327.24802
2012-09-20 22:00:00,231.38412
2012-09-20 23:00:00,162.04953
2012-09-21 00:00:00,79.209335
2012-09-21 01:00:00,36.759632
2012-09-21 02:00:00,20.574663
2012-09-21 03:00:00,13.928669
2012-09-21 04:00:00,9.794511
2012-09-21 05:00:00,40.736473
2012-09-21 06:00:00,163.55351
2012-09-21 07:00:00,468.48593
2012-09-21 08:00:00,734.34424
2012-09-21 09:00:00,352.5421
2012-09-21 10:00:00,264.8279
2012-09-21 11:00:00,308.08334
2012-09-21 12:00:00,396.54865
2012-09-21 13:00:00,408.88196
2012-09-21 14:00:00,381.15662
2012-09-21 15:00:00,412.2772
2012-09-21 16:00:00,585.2034
2012-09-21 17:00:00,825.5568
2012-09-21 18:00:00,750.33954
2012-09-21 19:00:00,532.22314
2012-09-21 20:00:00,377.37216
2012-09-21 21:00:00,273.1602
2012-09-21 22:00:00,236.71976
2012-09-21 23:00:00,179.6175
2012-09-22 00:00:00,165.9354
2012-09-22 01:00:00,111.200905
2012-09-22 02:00:00,75.33784
2012-09-22 03:00:00,30.703968
2012-09-22 04:00:00,10.363995
2012-09-22 05:00:00,14.051032
2012-09-22 06:00:00,25.424171
2012-09-22 07:00:00,80.710434
2012-09-22 08:00:00,203.50278
2012-09-22 09:00:00,343.29227
2012-09-22 10:00:00,469.28366
2012-09-22 11:00:00,582.07104
2012-09-22 12:00:00,643.8599
2012-09-22 13:00:00,635.71594
2012-09-22 14:00:00,610.1119
2012-09-22 15:00:00,611.94135
2012-09-22 16:00:00,619.05334
2012-09-22 17:00:00,627.29474
2012-09-22 18:00:00,574.166
2012-09-22 19:00:00,454.0555
2012-09-22 20:00:00,362.54486
2012-09-22 21:00:00,324.14893
2012-09-22 22:00:00,281.12637
2012-09-22 23:00:00,214.33711
2012-09-23 00:00:00,180.61841
2012-09-23 01:00:00,121.53392
2012-09-23 02:00:00,93.231384
2012-09-23 03:00:00,38.642284
2012-09-23 04:00:00,17.0956
2012-09-23 05:00:00,15.549907
2012-09-23 06:00:00,21.34609
2012-09-23 07:00:00,63.0681
2012-09-23 08:00:00,130.13481
2012-09-23 09:00:00,253.16693
2012-09-23 10:00:00,439.64105
2012-09-23 11:00:00,533.3681
2012-09-23 12:00:00,625.62885
2012-09-23 13:00:00,638.4056
2012-09-23 14:00:00,601.83405
2012-09-23 15:00:00,595.30164
2012-09-23 16:00:00,609.54126
2012-09-23 17:00:00,608.057
2012-09-23 18:00:00,540.1169
2012-09-23 19:00:00,371.00946
2012-09-23 20:00:00,271.7041
2012-09-23 21:00:00,170.01476
2012-09-23 22:00:00,146.923
2012-09-23 23:00:00,82.37026
2012-09-24 00:00:00,41.15194
2012-09-24 01:00:00,15.096317
2012-09-24 02:00:00,11.400621
2012-09-24 03:00:00,8.77468
2012-09-24 04:00:00,6.76218
2012-09-24 05:00:00,36.504642
2012-09-24 06:00:00,165.5092
2012-09-24 07:00:00,497.28644
2012-09-24 08:00:00,741.8426
2012-09-24 09:00:00,335.50137
2012-09-24 10:00:00,205.72098
2012-09-24 11:00:00,261.22934
2012-09-24 12:00:00,326.09152
2012-09-24 13:00:00,308.7248
2012-09-24 14:00:00,286.0536
2012-09-24 15:00:00,302.1801
2012-09-24 16:00:00,475.08276
2012-09-24 17:00:00,856.2241
2012-09-24 18:00:00,839.24786
2012-09-24 19:00:00,571.0384
2012-09-24 20:00:00,387.19788
2012-09-24 21:00:00,253.87854
2012-09-24 22:00:00,157.88377
2012-09-24 23:00:00,87.228775
2012-09-25 00:00:00,38.83171
2012-09-25 01:00:00,17.351942
2012-09-25 02:00:00,10.641962
2012-09-25 03:00:00,9.025194
2012-09-25 04:00:00,8.891798
2012-09-25 05:00:00,43.242363
2012-09-25 06:00:00,171.06046
2012-09-25 07:00:00,516.7116
2012-09-25 08:00:00,775.7773
2012-09-25 09:00:00,352.9626
2012-09-25 10:00:00,204.13135
2012-09-25 11:00:00,247.27461
2012-09-25 12:00:00,307.64264
2012-09-25 13:00:00,309.43527
2012-09-25 14:00:00,291.74966
2012-09-25 15:00:00,333.51797
2012-09-25 16:00:00,480.39594
2012-09-25 17:00:00,895.9855
2012-09-25 18:00:00,885.4939
2012-09-25 19:00:00,595.91925
2012-09-25 20:00:00,436.32816
2012-09-25 21:00:00,300.34772
2012-09-25 22:00:00,225.14465
2012-09-25 23:00:00,137.67343
2012-09-26 00:00:00,57.08124
2012-09-26 01:00:00,33.117004
2012-09-26 02:00:00,19.612703
2012-09-26 03:00:00,18.451714
2012-09-26 04:00:00,8.6844
2012-09-26 05:00:00,42.44278
2012-09-26 06:00:00,173.27052
2012-09-26 07:00:00,522.6726
2012-09-26 08:00:00,762.7508
2012-09-26 09:00:00,356.04285
2012-09-26 10:00:00,201.9225
2012-09-26 11:00:00,262.57983
2012-09-26 12:00:00,316.51392
2012-09-26 13:00:00,317.8994
2012-09-26 14:00:00,291.36243
2012-09-26 15:00:00,318.962
2012-09-26 16:00:00,465.88818
2012-09-26 17:00:00,885.7504
2012-09-26 18:00:00,883.60236
2012-09-26 19:00:00,623.11725
2012-09-26 20:00:00,452.99963
2012-09-26 21:00:00,346.2777
2012-09-26 22:00:00,205.8614
2012-09-26 23:00:00,114.68093
2012-09-27 00:00:00,69.297356
2012-09-27 01:00:00,33.200676
2012-09-27 02:00:00,21.408318
2012-09-27 03:00:00,15.259098
2012-09-27 04:00:00,9.220173
2012-09-27 05:00:00,40.45494
2012-09-27 06:00:00,168.64046
2012-09-27 07:00:00,522.65576
2012-09-27 08:00:00,777.03076
2012-09-27 09:00:00,359.2149
2012-09-27 10:00:00,215.01355
2012-09-27 11:00:00,253.57906
2012-09-27 12:00:00,309.07806
2012-09-27 13:00:00,291.67578
2012-09-27 14:00:00,274.10144
2012-09-27 15:00:00,297.41653
2012-09-27 16:00:00,448.6922
2012-09-27 17:00:00,736.73535
2012-09-27 18:00:00,755.4154
2012-09-27 19:00:00,613.2141
2012-09-27 20:00:00,406.5253
2012-09-27 21:00:00,219.74802
2012-09-27 22:00:00,141.50983
2012-09-27 23:00:00,110.107216
2012-09-28 00:00:00,60.473274
2012-09-28 01:00:00,23.974438
2012-09-28 02:00:00,11.221293
2012-09-28 03:00:00,13.668141
2012-09-28 04:00:00,3.4903984
2012-09-28 05:00:00,36.127533
2012-09-28 06:00:00,141.33517
2012-09-28 07:00:00,392.8536
2012-09-28 08:00:00,689.2603
2012-09-28 09:00:00,334.26944
2012-09-28 10:00:00,216.00333
2012-09-28 11:00:00,273.65656
2012-09-28 12:00:00,399.28906
2012-09-28 13:00:00,388.11746
2012-09-28 14:00:00,369.5077
2012-09-28 15:00:00,385.9279
2012-09-28 16:00:00,578.3173
2012-09-28 17:00:00,817.82
2012-09-28 18:00:00,759.3627
2012-09-28 19:00:00,487.005
2012-09-28 20:00:00,352.06412
2012-09-28 21:00:00,262.74207
2012-09-28 22:00:00,238.5281
2012-09-28 23:00:00,191.4933
2012-09-29 00:00:00,171.61986
2012-09-29 01:00:00,124.66455
2012-09-29 02:00:00,86.623955
2012-09-29 03:00:00,48.148693
2012-09-29 04:00:00,31.030502
2012-09-29 05:00:00,26.012085
2012-09-29 06:00:00,40.205746
2012-09-29 07:00:00,82.186905
2012-09-29 08:00:00,200.87776
2012-09-29 09:00:00,322.6298
2012-09-29 10:00:00,458.56543
2012-09-29 11:00:00,570.5383
2012-09-29 12:00:00,660.4108
2012-09-29 13:00:00,663.9478
2012-09-29 14:00:00,649.5238
2012-09-29 15:00:00,641.0099
2012-09-29 16:00:00,648.6644
2012-09-29 17:00:00,637.5456
2012-09-29 18:00:00,544.90643
2012-09-29 19:00:00,384.97934
2012-09-29 20:00:00,296.44623
2012-09-29 21:00:00,265.01584
2012-09-29 22:00:00,218.28488
2012-09-29 23:00:00,197.55319
2012-09-30 00:00:00,159.24274
2012-09-30 01:00:00,122.364
2012-09-30 02:00:00,80.63933
2012-09-30 03:00:00,42.464893
2012-09-30 04:00:00,18.2358
2012-09-30 05:00:00,15.920664
2012-09-30 06:00:00,27.268883
2012-09-30 07:00:00,62.137833
2012-09-30 08:00:00,136.23833
2012-09-30 09:00:00,283.84534
2012-09-30 10:00:00,441.52362
2012-09-30 11:00:00,536.1984
2012-09-30 12:00:00,621.4654
2012-09-30 13:00:00,626.76105
2012-09-30 14:00:00,584.5859
2012-09-30 15:00:00,602.1244
2012-09-30 16:00:00,630.8926
2012-09-30 17:00:00,614.76556
2012-09-30 18:00:00,464.99802
2012-09-30 19:00:00,272.36093
2012-09-30 20:00:00,193.68607
2012-09-30 21:00:00,156.48268
2012-09-30 22:00:00,105.21164
2012-09-30 23:00:00,84.96248
2012-10-20 00:00:00,160.10735
2012-10-20 01:00:00,112.74771
2012-10-20 02:00:00,68.88434
2012-10-20 03:00:00,30.730196
2012-10-20 04:00:00,17.367485
2012-10-20 05:00:00,19.673466
2012-10-20 06:00:00,34.494198
2012-10-20 07:00:00,87.436165
2012-10-20 08:00:00,198.0206
2012-10-20 09:00:00,339.76883
2012-10-20 10:00:00,444.25153
2012-10-20 11:00:00,569.5059
2012-10-20 12:00:00,631.824
2012-10-20 13:00:00,645.5675
2012-10-20 14:00:00,623.49567
2012-10-20 15:00:00,617.54395
2012-10-20 16:00:00,621.70166
2012-10-20 17:00:00,625.22534
2012-10-20 18:00:00,544.37427
2012-10-20 19:00:00,349.00974
2012-10-20 20:00:00,269.42953
2012-10-20 21:00:00,222.36888
2012-10-20 22:00:00,196.7123
2012-10-20 23:00:00,162.27046
2012-10-21 00:00:00,145.99937
2012-10-21 01:00:00,113.7462
2012-10-21 02:00:00,76.987564
2012-10-21 03:00:00,39.669464
2012-10-21 04:00:00,12.35203
2012-10-21 05:00:00,18.313997
2012-10-21 06:00:00,31.670427
2012-10-21 07:00:00,67.9781
2012-10-21 08:00:00,134.7092
2012-10-21 09:00:00,264.32495
2012-10-21 10:00:00,390.40924
2012-10-21 11:00:00,518.08453
2012-10-21 12:00:00,604.1293
2012-10-21 13:00:00,623.09406
2012-10-21 14:00:00,606.2644
2012-10-21 15:00:00,585.244
2012-10-21 16:00:00,613.6143
2012-10-21 17:00:00,582.21106
2012-10-21 18:00:00,519.5733
2012-10-21 19:00:00,327.55386
2012-10-21 20:00:00,231.41042
2012-10-21 21:00:00,144.07327
2012-10-21 22:00:00,111.541176
2012-10-21 23:00:00,84.14281
2012-10-22 00:00:00,45.865555
2012-10-22 01:00:00,16.731457
2012-10-22 02:00:00,9.944321
2012-10-22 03:00:00,15.391037
2012-10-22 04:00:00,7.344511
2012-10-22 05:00:00,36.12507
2012-10-22 06:00:00,146.09103
2012-10-22 07:00:00,418.3617
2012-10-22 08:00:00,718.48755
2012-10-22 09:00:00,338.7456
2012-10-22 10:00:00,203.29749
2012-10-22 11:00:00,260.3788
2012-10-22 12:00:00,320.39258
2012-10-22 13:00:00,314.35388
2012-10-22 14:00:00,300.60175
2012-10-22 15:00:00,324.7841
2012-10-22 16:00:00,478.36606
2012-10-22 17:00:00,829.0819
2012-10-22 18:00:00,704.5575
2012-10-22 19:00:00,527.275
2012-10-22 20:00:00,350.11316
2012-10-22 21:00:00,212.94221
2012-10-22 22:00:00,143.66995
2012-10-22 23:00:00,88.48877
2012-10-23 00:00:00,37.970943
2012-10-23 01:00:00,14.827576
2012-10-23 02:00:00,7.6232877
2012-10-23 03:00:00,6.7735643
2012-10-23 04:00:00,7.868825
2012-10-23 05:00:00,41.78028
2012-10-23 06:00:00,158.2321
2012-10-23 07:00:00,498.19012
2012-10-23 08:00:00,746.23956
2012-10-23 09:00:00,371.653
2012-10-23 10:00:00,231.31126
2012-10-23 11:00:00,251.46844
2012-10-23 12:00:00,311.88416
2012-10-23 13:00:00,299.12872
2012-10-23 14:00:00,281.1756
2012-10-23 15:00:00,324.99597
2012-10-23 16:00:00,459.4588
2012-10-23 17:00:00,836.6239
2012-10-23 18:00:00,807.10223
2012-10-23 19:00:00,563.0101
2012-10-23 20:00:00,385.8037
2012-10-23 21:00:00,247.21559
2012-10-23 22:00:00,195.3869
2012-10-23 23:00:00,123.89328
2012-10-24 00:00:00,56.435055
2012-10-24 01:00:00,28.28464
2012-10-24 02:00:00,18.98899
2012-10-24 03:00:00,14.365876
2012-10-24 04:00:00,14.649816
2012-10-24 05:00:00,44.1761
2012-10-24 06:00:00,170.913
2012-10-24 07:00:00,500.29904
2012-10-24 08:00:00,650.81036
2012-10-24 09:00:00,370.076
2012-10-24 10:00:00,199.68741
2012-10-24 11:00:00,267.87683
2012-10-24 12:00:00,317.14728
2012-10-24 13:00:00,304.5967
2012-10-24 14:00:00,298.9894
2012-10-24 15:00:00,322.36438
2012-10-24 16:00:00,485.19836
2012-10-24 17:00:00,828.8976
2012-10-24 18:00:00,814.9099
2012-10-24 19:00:00,551.4949
2012-10-24 20:00:00,394.243
2012-10-24 21:00:00,305.29132
2012-10-24 22:00:00,236.57657
2012-10-24 23:00:00,135.60799
2012-10-25 00:00:00,66.64021
2012-10-25 01:00:00,33.381447
2012-10-25 02:00:00,12.473662
2012-10-25 03:00:00,7.117106
2012-10-25 04:00:00,5.1298866
2012-10-25 05:00:00,39.03042
2012-10-25 06:00:00,159.8039
2012-10-25 07:00:00,451.04962
2012-10-25 08:00:00,651.6785
2012-10-25 09:00:00,350.93024
2012-10-25 10:00:00,185.00432
2012-10-25 11:00:00,187.28593
2012-10-25 12:00:00,252.43417
2012-10-25 13:00:00,235.89783
2012-10-25 14:00:00,255.8759
2012-10-25 15:00:00,325.146
2012-10-25 16:00:00,432.6257
2012-10-25 17:00:00,696.09357
2012-10-25 18:00:00,406.22412
2012-10-25 19:00:00,370.91257
2012-10-25 20:00:00,279.96185
2012-10-25 21:00:00,236.81894
2012-10-25 22:00:00,192.28606
2012-10-25 23:00:00,135.04164
2012-10-26 00:00:00,67.32744
2012-10-26 01:00:00,26.50901
2012-10-26 02:00:00,11.397841
2012-10-26 03:00:00,10.181128
2012-10-26 04:00:00,10.085013
2012-10-26 05:00:00,30.071138
2012-10-26 06:00:00,143.49109
2012-10-26 07:00:00,417.1028
2012-10-26 08:00:00,592.4429
2012-10-26 09:00:00,352.03867
2012-10-26 10:00:00,221.97218
2012-10-26 11:00:00,248.48376
2012-10-26 12:00:00,324.17633
2012-10-26 13:00:00,343.44464
2012-10-26 14:00:00,351.13242
2012-10-26 15:00:00,391.62207
2012-10-26 16:00:00,529.2628
2012-10-26 17:00:00,570.8364
2012-10-26 18:00:00,369.86688
2012-10-26 19:00:00,261.46445
2012-10-26 20:00:00,220.15843
2012-10-26 21:00:00,225.64098
2012-10-26 22:00:00,189.26936
2012-10-26 23:00:00,161.16379
2012-10-27 00:00:00,158.12459
2012-10-27 01:00:00,104.20942
2012-10-27 02:00:00,70.35057
2012-10-27 03:00:00,32.148098
2012-10-27 04:00:00,14.989894
2012-10-27 05:00:00,22.864794
2012-10-27 06:00:00,35.55901
2012-10-27 07:00:00,81.0267
2012-10-27 08:00:00,199.02786
2012-10-27 09:00:00,317.58798
2012-10-27 10:00:00,433.64523
2012-10-27 11:00:00,527.461
2012-10-27 12:00:00,647.95087
2012-10-27 13:00:00,651.3473
2012-10-27 14:00:00,623.6446
2012-10-27 15:00:00,581.3799
2012-10-27 16:00:00,572.7971
2012-10-27 17:00:00,562.2842
2012-10-27 18:00:00,507.72778
2012-10-27 19:00:00,335.50092
2012-10-27 20:00:00,251.70676
2012-10-27 21:00:00,210.97234
2012-10-27 22:00:00,198.05486
2012-10-27 23:00:00,160.7099
2012-10-28 00:00:00,131.66321
2012-10-28 01:00:00,112.590805
2012-10-28 02:00:00,80.26487
2012-10-28 03:00:00,45.001484
2012-10-28 04:00:00,23.42786
2012-10-28 05:00:00,19.461971
2012-10-28 06:00:00,31.931961
2012-10-28 07:00:00,57.595963
2012-10-28 08:00:00,127.39251
2012-10-28 09:00:00,230.58932
2012-10-28 10:00:00,340.18066
2012-10-28 11:00:00,448.2962
2012-10-28 12:00:00,489.81223
2012-10-28 13:00:00,488.06372
2012-10-28 14:00:00,462.55862
2012-10-28 15:00:00,409.41025
2012-10-28 16:00:00,351.73007
2012-10-28 17:00:00,292.33008
2012-10-28 18:00:00,171.85312
2012-10-28 19:00:00,127.68819
2012-10-28 20:00:00,133.0043
2012-10-28 21:00:00,123.297165
2012-10-28 22:00:00,75.76777
2012-10-28 23:00:00,56.22078
2012-10-29 00:00:00,32.271004
2012-10-30 13:00:00,108.27478
2012-10-30 14:00:00,99.00434
2012-10-30 15:00:00,123.50819
2012-10-30 16:00:00,264.9833
2012-10-30 17:00:00,462.79877
2012-10-30 18:00:00,473.27878
2012-10-30 19:00:00,493.26147
2012-10-30 20:00:00,234.73773
2012-10-30 21:00:00,186.52979
2012-10-30 22:00:00,146.77173
2012-10-30 23:00:00,97.52395
2012-10-31 00:00:00,47.07991
2012-10-31 01:00:00,19.464207
2012-10-31 02:00:00,11.021755
2012-10-31 03:00:00,7.9535985
2012-10-31 04:00:00,7.2966013
2012-10-31 05:00:00,35.45817
2012-10-31 06:00:00,145.94551
2012-10-31 07:00:00,388.0072
2012-10-31 08:00:00,703.7711
2012-10-31 09:00:00,341.24747
2012-10-31 10:00:00,175.96848
2012-10-31 11:00:00,179.41217
2012-10-31 12:00:00,252.3199
2012-10-31 13:00:00,245.57597
2012-10-31 14:00:00,214.34186
2012-10-31 15:00:00,265.30045
2012-10-31 16:00:00,372.41498
2012-10-31 17:00:00,645.319
2012-10-31 18:00:00,623.8403
2012-10-31 19:00:00,446.6472
2012-10-31 20:00:00,304.10532
2012-10-31 21:00:00,224.92459
2012-10-31 22:00:00,170.68929
2012-10-31 23:00:00,122.47278
2012-11-20 00:00:00,30.75462
2012-11-20 01:00:00,12.385264
2012-11-20 02:00:00,8.405108
2012-11-20 03:00:00,6.0513864
2012-11-20 04:00:00,7.482442
2012-11-20 05:00:00,31.994747
2012-11-20 06:00:00,140.13797
2012-11-20 07:00:00,405.51248
2012-11-20 08:00:00,681.59216
2012-11-20 09:00:00,337.95078
2012-11-20 10:00:00,170.44972
2012-11-20 11:00:00,197.2614
2012-11-20 12:00:00,235.53151
2012-11-20 13:00:00,232.36842
2012-11-20 14:00:00,221.43892
2012-11-20 15:00:00,264.82874
2012-11-20 16:00:00,360.0463
2012-11-20 17:00:00,579.9632
2012-11-20 18:00:00,557.2145
2012-11-20 19:00:00,397.4451
2012-11-20 20:00:00,270.19098
2012-11-20 21:00:00,198.63673
2012-11-20 22:00:00,157.56749
2012-11-20 23:00:00,92.96326
2012-11-21 00:00:00,35.824215
2012-11-21 01:00:00,16.832317
2012-11-21 02:00:00,8.944756
2012-11-21 03:00:00,6.780691
2012-11-21 04:00:00,6.9284196
2012-11-21 05:00:00,33.454826
2012-11-21 06:00:00,140.25575
2012-11-21 07:00:00,387.60757
2012-11-21 08:00:00,674.9708
2012-11-21 09:00:00,328.4525
2012-11-21 10:00:00,182.14734
2012-11-21 11:00:00,188.80524
2012-11-21 12:00:00,238.55246
2012-11-21 13:00:00,239.61765
2012-11-21 14:00:00,240.8091
2012-11-21 15:00:00,275.79575
2012-11-21 16:00:00,357.63678
2012-11-21 17:00:00,592.74365
2012-11-21 18:00:00,563.40173
2012-11-21 19:00:00,393.4696
2012-11-21 20:00:00,257.129
2012-11-21 21:00:00,207.41438
2012-11-21 22:00:00,155.29219
2012-11-21 23:00:00,111.50996
2012-11-22 00:00:00,71.03126
2012-11-22 01:00:00,45.65211
2012-11-22 02:00:00,25.75673
2012-11-22 03:00:00,12.666155
2012-11-22 04:00:00,8.964862
2012-11-22 05:00:00,21.267044
2012-11-22 06:00:00,50.777092
2012-11-22 07:00:00,140.55127
2012-11-22 08:00:00,325.40567
2012-11-22 09:00:00,266.9065
2012-11-22 10:00:00,278.10986
2012-11-22 11:00:00,372.73465
2012-11-22 12:00:00,454.44946
2012-11-22 13:00:00,480.86456
2012-11-22 14:00:00,483.1823
2012-11-22 15:00:00,483.40082
2012-11-22 16:00:00,407.45084
2012-11-22 17:00:00,511.05106
2012-11-22 18:00:00,411.41147
2012-11-22 19:00:00,336.8753
2012-11-22 20:00:00,266.2721
2012-11-22 21:00:00,222.23683
2012-11-22 22:00:00,182.26572
2012-11-22 23:00:00,135.7259
2012-11-23 00:00:00,52.711422
2012-11-23 01:00:00,28.516602
2012-11-23 02:00:00,12.381319
2012-11-23 03:00:00,7.0156565
2012-11-23 04:00:00,6.120193
2012-11-23 05:00:00,25.614681
2012-11-23 06:00:00,124.199196
2012-11-23 07:00:00,355.8024
2012-11-23 08:00:00,625.46454
2012-11-23 09:00:00,326.19
2012-11-23 10:00:00,200.05682
2012-11-23 11:00:00,223.86145
2012-11-23 12:00:00,294.76544
2012-11-23 13:00:00,304.22867
2012-11-23 14:00:00,336.18875
2012-11-23 15:00:00,346.20233
2012-11-23 16:00:00,447.12415
2012-11-23 17:00:00,674.6691
2012-11-23 18:00:00,557.428
2012-11-23 19:00:00,394.21393
2012-11-23 20:00:00,255.01163
2012-11-23 21:00:00,221.02899
2012-11-23 22:00:00,167.05022
2012-11-23 23:00:00,136.45103
2012-11-24 00:00:00,139.23712
2012-11-24 01:00:00,89.37966
2012-11-24 02:00:00,60.71264
2012-11-24 03:00:00,29.809772
2012-11-24 04:00:00,17.76896
2012-11-24 05:00:00,16.838762
2012-11-24 06:00:00,25.003538
2012-11-24 07:00:00,59.457024
2012-11-24 08:00:00,139.39139
2012-11-24 09:00:00,219.53935
2012-11-24 10:00:00,293.44025
2012-11-24 11:00:00,379.06665
2012-11-24 12:00:00,453.91293
2012-11-24 13:00:00,463.35168
2012-11-24 14:00:00,456.9862
2012-11-24 15:00:00,459.53873
2012-11-24 16:00:00,455.85632
2012-11-24 17:00:00,372.49734
2012-11-24 18:00:00,309.2192
2012-11-24 19:00:00,260.11786
2012-11-24 20:00:00,201.63579
2012-11-24 21:00:00,163.01965
2012-11-24 22:00:00,139.22029
2012-11-24 23:00:00,115.9077
2012-11-25 00:00:00,106.33588
2012-11-25 01:00:00,92.24138
2012-11-25 02:00:00,64.92236
2012-11-25 03:00:00,33.906147
2012-11-25 04:00:00,16.875692
2012-11-25 05:00:00,4.6950517
2012-11-25 06:00:00,11.408896
2012-11-25 07:00:00,34.923004
2012-11-25 08:00:00,98.64193
2012-11-25 09:00:00,179.36858
2012-11-25 10:00:00,287.51825
2012-11-25 11:00:00,358.58298
2012-11-25 12:00:00,421.02695
2012-11-25 13:00:00,415.28882
2012-11-25 14:00:00,389.04202
2012-11-25 15:00:00,408.37207
2012-11-25 16:00:00,419.80737
2012-11-25 17:00:00,333.93118
2012-11-25 18:00:00,252.86139
2012-11-25 19:00:00,233.6077
2012-11-25 20:00:00,172.16084
2012-11-25 21:00:00,126.61245
2012-11-25 22:00:00,97.27055
2012-11-25 23:00:00,63.764065
2012-11-26 00:00:00,22.677275
2012-11-26 01:00:00,7.55072
2012-11-26 02:00:00,1.9845567
2012-11-26 03:00:00,1.5567255
2012-11-26 04:00:00,3.2464907
2012-11-26 05:00:00,25.491863
2012-11-26 06:00:00,127.069145
2012-11-26 07:00:00,372.4746
2012-11-26 08:00:00,637.43524
2012-11-26 09:00:00,304.4887
2012-11-26 10:00:00,166.41745
2012-11-26 11:00:00,195.98665
2012-11-26 12:00:00,244.50897
2012-11-26 13:00:00,241.51463
2012-11-26 14:00:00,217.78268
2012-11-26 15:00:00,254.76077
2012-11-26 16:00:00,356.2271
2012-11-26 17:00:00,596.2762
2012-11-26 18:00:00,555.27783
2012-11-26 19:00:00,388.93573
2012-11-26 20:00:00,255.68585
2012-11-26 21:00:00,189.66888
2012-11-26 22:00:00,138.31326
2012-11-26 23:00:00,77.17256
2012-11-27 00:00:00,32.742096
2012-11-27 01:00:00,14.024261
2012-11-27 02:00:00,8.117108
2012-11-27 03:00:00,2.136483
2012-11-27 04:00:00,1.0746454
2012-11-27 05:00:00,27.966286
2012-11-27 06:00:00,134.79965
2012-11-27 07:00:00,185.49002
2012-11-27 08:00:00,345.14777
2012-11-27 09:00:00,315.1119
2012-11-27 10:00:00,89.241005
2012-11-27 11:00:00,98.32702
2012-11-27 12:00:00,118.7997
2012-11-27 13:00:00,124.313225
2012-11-27 14:00:00,112.14281
2012-11-27 15:00:00,186.81612
2012-11-27 16:00:00,308.20572
2012-11-27 17:00:00,535.0392
2012-11-27 18:00:00,473.86774
2012-11-27 19:00:00,359.67047
2012-11-27 20:00:00,238.99881
2012-11-27 21:00:00,181.41125
2012-11-27 22:00:00,135.64563
2012-11-27 23:00:00,76.22449
2012-11-28 00:00:00,37.829857
2012-11-28 01:00:00,14.507961
2012-11-28 02:00:00,6.481517
2012-11-28 03:00:00,6.154521
2012-11-28 04:00:00,7.337387
2012-11-28 05:00:00,31.386478
2012-11-28 06:00:00,135.22005
2012-11-28 07:00:00,381.93158
2012-11-28 08:00:00,672.54474
2012-11-28 09:00:00,315.7052
2012-11-28 10:00:00,163.03575
2012-11-28 11:00:00,181.45323
2012-11-28 12:00:00,228.94656
2012-11-28 13:00:00,222.70518
2012-11-28 14:00:00,209.69263
2012-11-28 15:00:00,237.50154
2012-11-28 16:00:00,345.2741
2012-11-28 17:00:00,586.3915
2012-11-28 18:00:00,552.8864
2012-11-28 19:00:00,388.20282
2012-11-28 20:00:00,261.79724
2012-11-28 21:00:00,201.35394
2012-11-28 22:00:00,136.70961
2012-11-28 23:00:00,85.21723
2012-11-29 00:00:00,37.19719
2012-11-29 01:00:00,13.234029
2012-11-29 02:00:00,5.8347993
2012-11-29 04:00:00,5.353896
2012-11-29 05:00:00,29.718025
2012-11-29 06:00:00,134.236
2012-11-29 07:00:00,386.1967
2012-11-29 08:00:00,650.2685
2012-11-29 09:00:00,327.7278
2012-11-29 10:00:00,167.47281
2012-11-29 11:00:00,195.71915
2012-11-29 12:00:00,232.029
2012-11-29 13:00:00,234.89325
2012-11-29 14:00:00,203.26237
2012-11-29 15:00:00,241.87221
2012-11-29 16:00:00,347.3622
2012-11-29 17:00:00,586.26245
2012-11-29 18:00:00,550.1435
2012-11-29 19:00:00,378.08362
2012-11-29 20:00:00,259.57007
2012-11-29 21:00:00,189.6812
2012-11-29 22:00:00,145.57295
2012-11-29 23:00:00,125.21297
2012-11-30 00:00:00,50.52887
2012-11-30 01:00:00,22.488588
2012-11-30 02:00:00,9.69179
2012-11-30 03:00:00,6.3267303
2012-11-30 04:00:00,5.524185
2012-11-30 05:00:00,25.461239
2012-11-30 06:00:00,122.04995
2012-11-30 07:00:00,350.63754
2012-11-30 08:00:00,612.77905
2012-11-30 09:00:00,326.09955
2012-11-30 10:00:00,186.18103
2012-11-30 11:00:00,212.38878
2012-11-30 12:00:00,280.67023
2012-11-30 13:00:00,284.33487
2012-11-30 14:00:00,265.7088
2012-11-30 15:00:00,306.7854
2012-11-30 16:00:00,399.25464
2012-11-30 17:00:00,581.9559
2012-11-30 18:00:00,498.76923
2012-11-30 19:00:00,324.61795
2012-11-30 20:00:00,217.34055
2012-11-30 21:00:00,169.82835
2012-11-30 22:00:00,151.50766
2012-11-30 23:00:00,120.22728
2012-12-20 00:00:00,42.97779
2012-12-20 01:00:00,14.280673
2012-12-20 02:00:00,5.475646
2012-12-20 03:00:00,4.089288
2012-12-20 04:00:00,4.250633
2012-12-20 05:00:00,26.709763
2012-12-20 06:00:00,127.007904
2012-12-20 07:00:00,378.33975
2012-12-20 08:00:00,665.59534
2012-12-20 09:00:00,313.7035
2012-12-20 10:00:00,154.56522
2012-12-20 11:00:00,182.33052
2012-12-20 12:00:00,226.345
2012-12-20 13:00:00,224.96237
2012-12-20 14:00:00,203.31665
2012-12-20 15:00:00,229.2899
2012-12-20 16:00:00,336.96808
2012-12-20 17:00:00,556.4565
2012-12-20 18:00:00,532.66846
2012-12-20 19:00:00,304.995
2012-12-20 20:00:00,207.18916
2012-12-20 21:00:00,157.71844
2012-12-20 22:00:00,101.43716
2012-12-20 23:00:00,79.27657
2012-12-21 00:00:00,53.25382
2012-12-21 01:00:00,26.07211
2012-12-21 02:00:00,18.572447
2012-12-21 03:00:00,13.890958
2012-12-21 04:00:00,4.1201305
2012-12-21 05:00:00,23.898083
2012-12-21 06:00:00,117.69992
2012-12-21 07:00:00,349.2793
2012-12-21 08:00:00,661.86633
2012-12-21 09:00:00,312.3382
2012-12-21 10:00:00,191.20364
2012-12-21 11:00:00,207.47491
2012-12-21 12:00:00,284.03522
2012-12-21 13:00:00,276.99927
2012-12-21 14:00:00,263.09552
2012-12-21 15:00:00,280.11853
2012-12-21 16:00:00,401.74918
2012-12-21 17:00:00,573.3145
2012-12-21 18:00:00,482.34192
2012-12-21 19:00:00,309.02628
2012-12-21 20:00:00,214.3509
2012-12-21 21:00:00,157.76895
2012-12-21 22:00:00,135.96106
2012-12-21 23:00:00,113.831505
2012-12-22 00:00:00,108.615585
2012-12-22 01:00:00,88.157486
2012-12-22 02:00:00,56.935715
2012-12-22 03:00:00,20.109905
2012-12-22 04:00:00,4.0526085
2012-12-22 05:00:00,7.5003977
2012-12-22 06:00:00,19.03869
2012-12-22 07:00:00,66.97276
2012-12-22 08:00:00,154.11919
2012-12-22 09:00:00,218.01416
2012-12-22 10:00:00,283.497
2012-12-22 11:00:00,381.7867
2012-12-22 12:00:00,442.45093
2012-12-22 13:00:00,441.09546
2012-12-22 14:00:00,437.7058
2012-12-22 15:00:00,432.31357
2012-12-22 16:00:00,446.6309
2012-12-22 17:00:00,355.786
2012-12-22 18:00:00,276.56754
2012-12-22 19:00:00,237.21164
2012-12-22 20:00:00,183.02847
2012-12-22 21:00:00,156.91167
2012-12-22 22:00:00,132.68094
2012-12-22 23:00:00,103.66476
2012-12-23 00:00:00,107.45743
2012-12-23 01:00:00,82.240326
2012-12-23 02:00:00,52.12981
2012-12-23 03:00:00,23.377026
2012-12-23 04:00:00,4.422869
2012-12-23 05:00:00,3.3847194
2012-12-23 06:00:00,9.865328
2012-12-23 07:00:00,44.252445
2012-12-23 08:00:00,111.89548
2012-12-23 09:00:00,189.73103
2012-12-23 10:00:00,271.97815
2012-12-23 11:00:00,353.81387
2012-12-23 12:00:00,421.33295
2012-12-23 13:00:00,429.42993
2012-12-23 14:00:00,407.73755
2012-12-23 15:00:00,411.8693
2012-12-23 16:00:00,427.7746
2012-12-23 17:00:00,311.09155
2012-12-23 18:00:00,231.85419
2012-12-23 19:00:00,208.38281
2012-12-23 20:00:00,162.27283
2012-12-23 21:00:00,120.41536
2012-12-23 22:00:00,83.97208
2012-12-23 23:00:00,67.40799
2012-12-24 00:00:00,22.571188
2012-12-24 01:00:00,8.066481
2012-12-24 02:00:00,3.4466968
2012-12-24 03:00:00,2.7548282
2012-12-24 05:00:00,27.144022
2012-12-24 06:00:00,117.17185
2012-12-24 07:00:00,357.49155
2012-12-24 08:00:00,626.8549
2012-12-24 09:00:00,293.83237
2012-12-24 10:00:00,143.98618
2012-12-24 11:00:00,171.97615
2012-12-24 12:00:00,215.35379
2012-12-24 13:00:00,138.95789
2012-12-24 14:00:00,126.97219
2012-12-24 15:00:00,153.21773
2012-12-24 16:00:00,296.3631
2012-12-24 17:00:00,475.58173
2012-12-24 18:00:00,459.65457
2012-12-24 19:00:00,321.34265
2012-12-24 20:00:00,189.55893
2012-12-24 21:00:00,151.52232
2012-12-24 22:00:00,100.632965
2012-12-24 23:00:00,61.888756
2012-12-25 00:00:00,56.0369
2012-12-25 01:00:00,46.67009
2012-12-25 02:00:00,28.526398
2012-12-25 04:00:00,12.1648655
2012-12-25 05:00:00,11.9994335
2012-12-25 06:00:00,30.888115
2012-12-25 07:00:00,230.0941
2012-12-25 08:00:00,400.9525
2012-12-25 09:00:00,240.97934
2012-12-25 10:00:00,256.6714
2012-12-25 11:00:00,300.93997
2012-12-25 12:00:00,352.30585
2012-12-25 13:00:00,365.45377
2012-12-25 14:00:00,374.42737
2012-12-25 15:00:00,369.17932
2012-12-25 16:00:00,369.4548
2012-12-25 17:00:00,421.76328
2012-12-25 18:00:00,383.64572
2012-12-25 19:00:00,321.3777
2012-12-25 20:00:00,231.21597
2012-12-25 21:00:00,161.35838
2012-12-25 22:00:00,115.810616
2012-12-25 23:00:00,79.001854
2012-12-26 00:00:00,46.487957
2012-12-26 01:00:00,19.133726
2012-12-26 02:00:00,10.444192
2012-12-26 03:00:00,10.301622
2012-12-26 04:00:00,11.314466
2012-12-26 05:00:00,30.267658
2012-12-26 06:00:00,122.51098
2012-12-26 07:00:00,170.29037
2012-12-26 08:00:00,347.84995
2012-12-26 09:00:00,172.30965
2012-12-26 10:00:00,109.18366
2012-12-26 11:00:00,121.29648
2012-12-26 12:00:00,149.5568
2012-12-26 13:00:00,147.42165
2012-12-26 14:00:00,138.23833
2012-12-26 15:00:00,150.57407
2012-12-26 16:00:00,268.19452
2012-12-26 17:00:00,435.8592
2012-12-26 18:00:00,427.51508
2012-12-26 19:00:00,266.44296
2012-12-26 20:00:00,160.37488
2012-12-26 21:00:00,164.37344
2012-12-26 22:00:00,87.50552
2012-12-26 23:00:00,58.841984
2012-12-27 00:00:00,33.789997
2012-12-27 01:00:00,14.649428
2012-12-27 02:00:00,10.083952
2012-12-27 03:00:00,8.988702
2012-12-27 04:00:00,9.770267
2012-12-27 05:00:00,26.911713
2012-12-27 06:00:00,126.68381
2012-12-27 07:00:00,372.06644
2012-12-27 08:00:00,680.90594
2012-12-27 09:00:00,322.0106
2012-12-27 10:00:00,164.30376
2012-12-27 11:00:00,175.62537
2012-12-27 12:00:00,225.68721
2012-12-27 13:00:00,220.67244
2012-12-27 14:00:00,195.31412
2012-12-27 15:00:00,213.15488
2012-12-27 16:00:00,334.8057
2012-12-27 17:00:00,558.4678
2012-12-27 18:00:00,532.6197
2012-12-27 19:00:00,360.66153
2012-12-27 20:00:00,233.82599
2012-12-27 21:00:00,170.70805
2012-12-27 22:00:00,127.66529
2012-12-27 23:00:00,95.47851
2012-12-28 00:00:00,52.04766
2012-12-28 01:00:00,22.382137
2012-12-28 02:00:00,12.285553
2012-12-28 03:00:00,8.270934
2012-12-28 04:00:00,7.102127
2012-12-28 05:00:00,25.34503
2012-12-28 06:00:00,119.72702
2012-12-28 07:00:00,335.7593
2012-12-28 08:00:00,628.99194
2012-12-28 09:00:00,319.5405
2012-12-28 10:00:00,186.26581
2012-12-28 11:00:00,203.48123
2012-12-28 12:00:00,264.7793
2012-12-28 13:00:00,261.60104
2012-12-28 14:00:00,244.6642
2012-12-28 15:00:00,271.43887
2012-12-28 16:00:00,380.9534
2012-12-28 17:00:00,556.1474
2012-12-28 18:00:00,472.67938
2012-12-28 19:00:00,308.17606
2012-12-28 20:00:00,197.54329
2012-12-28 21:00:00,149.4565
2012-12-28 22:00:00,125.65927
2012-12-28 23:00:00,109.037865
2012-12-29 00:00:00,102.39297
2012-12-29 01:00:00,86.196686
2012-12-29 02:00:00,51.65075
2012-12-29 03:00:00,20.929323
2012-12-29 04:00:00,8.510355
2012-12-29 05:00:00,8.116115
2012-12-29 06:00:00,13.427151
2012-12-29 07:00:00,47.985138
2012-12-29 08:00:00,131.05042
2012-12-29 09:00:00,211.09512
2012-12-29 10:00:00,213.84692
2012-12-29 11:00:00,256.7941
2012-12-29 12:00:00,301.2647
2012-12-29 13:00:00,296.7646
2012-12-29 14:00:00,373.94696
2012-12-29 15:00:00,388.8365
2012-12-29 16:00:00,412.68976
2012-12-29 17:00:00,299.83615
2012-12-29 18:00:00,260.15588
2012-12-29 19:00:00,235.857
2012-12-29 20:00:00,180.19705
2012-12-29 21:00:00,147.9186
2012-12-29 22:00:00,124.181145
2012-12-29 23:00:00,113.60904
2012-12-30 00:00:00,111.45188
2012-12-30 01:00:00,89.889694
2012-12-30 02:00:00,64.78252
2012-12-30 03:00:00,26.294489
2012-12-30 04:00:00,8.898638
2012-12-30 05:00:00,3.5678537
2012-12-30 06:00:00,5.9722314
2012-12-30 07:00:00,46.330444
2012-12-30 08:00:00,112.504074
2012-12-30 09:00:00,180.45253
2012-12-30 10:00:00,284.36255
2012-12-30 11:00:00,366.99594
2012-12-30 12:00:00,427.59268
2012-12-30 13:00:00,423.6055
2012-12-30 14:00:00,404.92865
2012-12-30 15:00:00,401.97437
2012-12-30 16:00:00,419.44232
2012-12-30 17:00:00,336.14883
2012-12-30 18:00:00,254.36255
2012-12-30 19:00:00,209.43411
2012-12-30 20:00:00,165.68573
2012-12-30 21:00:00,105.559975
2012-12-30 22:00:00,74.70587
2012-12-30 23:00:00,49.111084
2012-12-31 00:00:00,23.914745
2012-12-31 01:00:00,9.531414
2012-12-31 02:00:00,4.8059464
2012-12-31 03:00:00,5.507693
2012-12-31 04:00:00,2.9902184
2012-12-31 05:00:00,27.44053
2012-12-31 06:00:00,118.33601
2012-12-31 07:00:00,358.0455
2012-12-31 08:00:00,625.15845
2012-12-31 09:00:00,294.98874
2012-12-31 10:00:00,141.83559
2012-12-31 11:00:00,173.16705
2012-12-31 12:00:00,219.45758
2012-12-31 13:00:00,222.90149
2012-12-31 14:00:00,206.1547
2012-12-31 15:00:00,223.39035
2012-12-31 16:00:00,339.14786
2012-12-31 17:00:00,557.5073
2012-12-31 18:00:00,530.8694
2012-12-31 19:00:00,358.57718
2012-12-31 20:00:00,219.93265
2012-12-31 21:00:00,158.53477
2012-12-31 22:00:00,103.47076
2012-12-31 23:00:00,58.695187
