datetime,count
2011-01-20 00:00:00,16.240973
2011-01-20 01:00:00,9.976163
2011-01-20 02:00:00,9.173773
2011-01-20 03:00:00,9.639294
2011-01-20 04:00:00,9.5124
2011-01-20 05:00:00,12.289283
2011-01-20 06:00:00,33.23673
2011-01-20 07:00:00,79.26175
2011-01-20 08:00:00,196.56427
2011-01-20 09:00:00,102.58578
2011-01-20 10:00:00,53.65798
2011-01-20 11:00:00,55.9057
2011-01-20 12:00:00,66.22421
2011-01-20 13:00:00,64.60196
2011-01-20 14:00:00,62.23847
2011-01-20 15:00:00,66.39029
2011-01-20 16:00:00,84.24303
2011-01-20 17:00:00,165.79568
2011-01-20 18:00:00,151.03745
2011-01-20 19:00:00,95.16676
2011-01-20 20:00:00,72.352844
2011-01-20 21:00:00,60.33905
2011-01-20 22:00:00,48.936325
2011-01-20 23:00:00,37.899185
2011-01-21 00:00:00,20.443172
2011-01-21 01:00:00,15.443714
2011-01-21 02:00:00,14.147934
2011-01-21 03:00:00,11.421673
2011-01-21 04:00:00,12.231332
2011-01-21 05:00:00,14.2699375
2011-01-21 06:00:00,33.327633
2011-01-21 07:00:00,72.192474
2011-01-21 08:00:00,184.76987
2011-01-21 09:00:00,102.79245
2011-01-21 10:00:00,46.49774
2011-01-21 11:00:00,56.41234
2011-01-21 12:00:00,61.07408
2011-01-21 13:00:00,53.035095
2011-01-21 14:00:00,56.472935
2011-01-21 15:00:00,58.245796
2011-01-21 16:00:00,74.63637
2011-01-21 17:00:00,139.12843
2011-01-21 18:00:00,120.83043
2011-01-21 19:00:00,79.67395
2011-01-21 20:00:00,55.89607
2011-01-21 21:00:00,47.525764
2011-01-21 22:00:00,43.783615
2011-01-21 23:00:00,34.960747
2011-01-22 00:00:00,33.525177
2011-01-22 01:00:00,27.583244
2011-01-22 02:00:00,21.936543
2011-01-22 03:00:00,16.24276
2011-01-22 04:00:00,13.353902
2011-01-22 06:00:00,10.781422
2011-01-22 07:00:00,16.741486
2011-01-22 08:00:00,28.551575
2011-01-22 09:00:00,39.382843
2011-01-22 10:00:00,54.030106
2011-01-22 11:00:00,62.68373
2011-01-22 12:00:00,76.39754
2011-01-22 13:00:00,80.98764
2011-01-22 14:00:00,81.051834
2011-01-22 15:00:00,83.597176
2011-01-22 16:00:00,79.93248
2011-01-22 17:00:00,77.955124
2011-01-22 18:00:00,61.334854
2011-01-22 19:00:00,50.826286
2011-01-22 20:00:00,45.833443
2011-01-22 21:00:00,42.583122
2011-01-22 22:00:00,41.945587
2011-01-22 23:00:00,38.341873
2011-01-23 00:00:00,36.93163
2011-01-23 01:00:00,31.469938
2011-01-23 02:00:00,23.23452
2011-01-23 03:00:00,18.388016
2011-01-23 05:00:00,14.132254
2011-01-23 06:00:00,12.983067
2011-01-23 07:00:00,14.93261
2011-01-23 08:00:00,22.984756
2011-01-23 09:00:00,36.43941
2011-01-23 10:00:00,56.164482
2011-01-23 11:00:00,66.41194
2011-01-23 12:00:00,74.7628
2011-01-23 13:00:00,79.4796
2011-01-23 14:00:00,77.611084
2011-01-23 15:00:00,79.77652
2011-01-23 16:00:00,73.65942
2011-01-23 17:00:00,65.576965
2011-01-23 18:00:00,59.830856
2011-01-23 19:00:00,48.58986
2011-01-23 20:00:00,41.668953
2011-01-23 21:00:00,38.137585
2011-01-23 22:00:00,33.92762
2011-01-23 23:00:00,28.348522
2011-01-24 00:00:00,17.62602
2011-01-24 01:00:00,12.4271145
2011-01-24 03:00:00,10.471189
2011-01-24 04:00:00,7.960785
2011-01-24 05:00:00,9.306142
2011-01-24 06:00:00,25.13637
2011-01-24 07:00:00,56.84636
2011-01-24 08:00:00,154.86037
2011-01-24 09:00:00,86.88585
2011-01-24 10:00:00,37.518745
2011-01-24 11:00:00,38.39929
2011-01-24 12:00:00,52.00975
2011-01-24 13:00:00,52.103783
2011-01-24 14:00:00,45.610825
2011-01-24 15:00:00,55.22623
2011-01-24 16:00:00,68.90694
2011-01-24 17:00:00,138.01025
2011-01-24 18:00:00,134.63474
2011-01-24 19:00:00,94.548645
2011-01-24 20:00:00,69.221176
2011-01-24 21:00:00,53.423634
2011-01-24 22:00:00,38.64469
2011-01-24 23:00:00,27.93448
2011-01-25 00:00:00,14.412289
2011-01-25 01:00:00,11.1740265
2011-01-25 02:00:00,9.902916
2011-01-25 04:00:00,8.853853
2011-01-25 05:00:00,10.812269
2011-01-25 06:00:00,28.228611
2011-01-25 07:00:00,68.90407
2011-01-25 08:00:00,166.23424
2011-01-25 09:00:00,95.45032
2011-01-25 10:00:00,45.506115
2011-01-25 11:00:00,50.24894
2011-01-25 12:00:00,63.60361
2011-01-25 13:00:00,63.557014
2011-01-25 14:00:00,56.342037
2011-01-25 15:00:00,62.203537
2011-01-25 16:00:00,81.15645
2011-01-25 17:00:00,172.16568
2011-01-25 18:00:00,159.45134
2011-01-25 19:00:00,101.43182
2011-01-25 20:00:00,73.74627
2011-01-25 21:00:00,58.73185
2011-01-25 22:00:00,41.701096
2011-01-25 23:00:00,23.581936
2011-01-26 00:00:00,8.474324
2011-01-26 01:00:00,4.06212
2011-01-26 02:00:00,2.2517285
2011-01-26 05:00:00,0.8014652
2011-01-26 06:00:00,8.196758
2011-01-26 07:00:00,30.097595
2011-01-26 08:00:00,76.38934
2011-01-26 09:00:00,44.887203
2011-01-26 10:00:00,17.971642
2011-01-26 11:00:00,17.835787
2011-01-26 12:00:00,18.193924
2011-01-26 13:00:00,18.09227
2011-01-26 14:00:00,14.661125
2011-01-26 15:00:00,12.709589
2011-01-26 16:00:00,30.064768
2011-01-26 17:00:00,47.074005
2011-01-27 16:00:00,58.43232
2011-01-27 17:00:00,120.2626
2011-01-27 18:00:00,107.718735
2011-01-27 19:00:00,74.34848
2011-01-27 20:00:00,57.24473
2011-01-27 21:00:00,44.479706
2011-01-27 22:00:00,35.64215
2011-01-27 23:00:00,22.170422
2011-01-28 00:00:00,9.109814
2011-01-28 01:00:00,4.52464
2011-01-28 02:00:00,2.8928802
2011-01-28 03:00:00,2.2544293
2011-01-28 05:00:00,3.0740933
2011-01-28 06:00:00,19.858196
2011-01-28 07:00:00,56.015186
2011-01-28 08:00:00,142.45703
2011-01-28 09:00:00,60.03623
2011-01-28 10:00:00,27.794888
2011-01-28 11:00:00,27.31303
2011-01-28 12:00:00,31.267384
2011-01-28 13:00:00,31.069927
2011-01-28 14:00:00,22.792747
2011-01-28 15:00:00,42.379444
2011-01-28 16:00:00,57.91514
2011-01-28 17:00:00,113.04794
2011-01-28 18:00:00,93.328735
2011-01-28 19:00:00,68.91649
2011-01-28 20:00:00,47.724045
2011-01-28 21:00:00,36.6103
2011-01-28 22:00:00,29.83395
2011-01-28 23:00:00,26.964596
2011-01-29 00:00:00,24.2216
2011-01-29 01:00:00,17.340937
2011-01-29 02:00:00,11.567617
2011-01-29 03:00:00,6.629552
2011-01-29 04:00:00,1.912567
2011-01-29 06:00:00,1.6611536
2011-01-29 07:00:00,4.8075924
2011-01-29 08:00:00,14.880389
2011-01-29 09:00:00,30.674128
2011-01-29 10:00:00,43.749313
2011-01-29 11:00:00,49.488068
2011-01-29 12:00:00,60.97736
2011-01-29 13:00:00,63.238766
2011-01-29 14:00:00,57.734783
2011-01-29 15:00:00,61.06171
2011-01-29 16:00:00,63.41601
2011-01-29 17:00:00,60.477043
2011-01-29 18:00:00,50.077095
2011-01-29 19:00:00,41.188293
2011-01-29 20:00:00,34.28913
2011-01-29 21:00:00,30.42538
2011-01-29 22:00:00,26.239983
2011-01-29 23:00:00,21.438787
2011-01-30 00:00:00,24.00629
2011-01-30 01:00:00,21.739367
2011-01-30 02:00:00,14.146011
2011-01-30 03:00:00,8.335594
2011-01-30 04:00:00,2.5060992
2011-01-30 05:00:00,2.2051034
2011-01-30 07:00:00,4.2943745
2011-01-30 08:00:00,12.768999
2011-01-30 09:00:00,24.885448
2011-01-30 10:00:00,43.91982
2011-01-30 11:00:00,56.271973
2011-01-30 12:00:00,78.45998
2011-01-30 13:00:00,68.18477
2011-01-30 14:00:00,65.91923
2011-01-30 15:00:00,75.42048
2011-01-30 16:00:00,72.47304
2011-01-30 17:00:00,57.43798
2011-01-30 18:00:00,47.744164
2011-01-30 19:00:00,35.36664
2011-01-30 20:00:00,27.811373
2011-01-30 21:00:00,23.851322
2011-01-30 22:00:00,19.30952
2011-01-30 23:00:00,10.3932495
2011-01-31 00:00:00,6.727887
2011-01-31 01:00:00,2.6566775
2011-01-31 02:00:00,1.8289571
2011-01-31 03:00:00,1.3064117
2011-01-31 04:00:00,1.1735715
2011-01-31 05:00:00,1.0966511
2011-01-31 06:00:00,14.122675
2011-01-31 07:00:00,47.57614
2011-01-31 08:00:00,121.74249
2011-01-31 09:00:00,66.05878
2011-01-31 10:00:00,26.22125
2011-01-31 11:00:00,27.532553
2011-01-31 12:00:00,39.491386
2011-01-31 13:00:00,36.468945
2011-01-31 14:00:00,33.600792
2011-01-31 15:00:00,36.380375
2011-01-31 16:00:00,51.4805
2011-01-31 17:00:00,110.60812
2011-01-31 18:00:00,104.40421
2011-01-31 19:00:00,84.26573
2011-01-31 20:00:00,38.001396
2011-01-31 21:00:00,28.751019
2011-01-31 22:00:00,27.37512
2011-01-31 23:00:00,15.187094
2011-02-20 00:00:00,30.491266
2011-02-20 01:00:00,26.058546
2011-02-20 02:00:00,20.595371
2011-02-20 03:00:00,11.69426
2011-02-20 04:00:00,7.3366575
2011-02-20 06:00:00,8.426336
2011-02-20 07:00:00,13.840662
2011-02-20 08:00:00,24.512354
2011-02-20 09:00:00,40.032814
2011-02-20 10:00:00,63.837532
2011-02-20 11:00:00,79.77312
2011-02-20 12:00:00,106.11546
2011-02-20 13:00:00,110.43254
2011-02-20 14:00:00,108.121185
2011-02-20 15:00:00,117.07707
2011-02-20 16:00:00,112.16701
2011-02-20 17:00:00,90.32124
2011-02-20 18:00:00,69.39584
2011-02-20 19:00:00,55.144196
2011-02-20 20:00:00,40.386475
2011-02-20 21:00:00,39.90532
2011-02-20 22:00:00,40.12397
2011-02-20 23:00:00,28.333773
2011-02-21 00:00:00,27.16636
2011-02-21 01:00:00,20.67316
2011-02-21 02:00:00,15.368968
2011-02-21 03:00:00,9.703724
2011-02-21 04:00:00,4.3743706
2011-02-21 05:00:00,5.157624
2011-02-21 06:00:00,16.331455
2011-02-21 07:00:00,47.065605
2011-02-21 08:00:00,87.802155
2011-02-21 09:00:00,68.51181
2011-02-21 10:00:00,63.433258
2011-02-21 11:00:00,72.91289
2011-02-21 12:00:00,82.07829
2011-02-21 13:00:00,54.325203
2011-02-21 14:00:00,76.615974
2011-02-21 15:00:00,72.78158
2011-02-21 16:00:00,54.8593
2011-02-21 17:00:00,84.98497
2011-02-21 18:00:00,69.86197
2011-02-21 19:00:00,64.75958
2011-02-21 20:00:00,41.259323
2011-02-21 21:00:00,34.856377
2011-02-21 22:00:00,29.32081
2011-02-21 23:00:00,21.861012
2011-02-22 06:00:00,25.355278
2011-02-22 07:00:00,62.602375
2011-02-22 08:00:00,153.8331
2011-02-22 09:00:00,89.76807
2011-02-22 10:00:00,44.3981
2011-02-22 11:00:00,45.499615
2011-02-22 12:00:00,59.11029
2011-02-22 13:00:00,61.43838
2011-02-22 14:00:00,56.518917
2011-02-22 15:00:00,59.961514
2011-02-22 16:00:00,71.630775
2011-02-22 17:00:00,138.91446
2011-02-22 18:00:00,137.94316
2011-02-22 19:00:00,84.67166
2011-02-22 20:00:00,67.63306
2011-02-22 21:00:00,54.511078
2011-02-22 22:00:00,41.679276
2011-02-22 23:00:00,29.81755
2011-02-23 00:00:00,13.5641
2011-02-23 01:00:00,8.16127
2011-02-23 02:00:00,6.825444
2011-02-23 03:00:00,5.991797
2011-02-23 05:00:00,7.7709713
2011-02-23 06:00:00,28.573212
2011-02-23 07:00:00,76.394394
2011-02-23 08:00:00,179.80138
2011-02-23 09:00:00,99.1236
2011-02-23 10:00:00,47.19053
2011-02-23 11:00:00,52.54309
2011-02-23 12:00:00,67.21201
2011-02-23 13:00:00,71.45417
2011-02-23 14:00:00,63.44712
2011-02-23 15:00:00,70.677635
2011-02-23 16:00:00,80.418945
2011-02-23 17:00:00,178.89072
2011-02-23 18:00:00,165.20953
2011-02-23 19:00:00,103.0351
2011-02-23 20:00:00,72.40014
2011-02-23 21:00:00,57.30603
2011-02-23 22:00:00,46.290493
2011-02-23 23:00:00,35.64364
2011-02-24 00:00:00,14.389059
2011-02-24 01:00:00,9.4797535
2011-02-24 02:00:00,7.6118755
2011-02-24 03:00:00,6.8721795
2011-02-24 05:00:00,9.212151
2011-02-24 06:00:00,30.624537
2011-02-24 07:00:00,79.93988
2011-02-24 08:00:00,199.30309
2011-02-24 09:00:00,97.18588
2011-02-24 10:00:00,45.858215
2011-02-24 11:00:00,52.30687
2011-02-24 12:00:00,62.290894
2011-02-24 13:00:00,59.98123
2011-02-24 14:00:00,52.576683
2011-02-24 15:00:00,24.096975
2011-02-24 16:00:00,32.48654
2011-02-24 17:00:00,97.82746
2011-02-24 18:00:00,85.300125
2011-02-24 19:00:00,39.596508
2011-02-24 20:00:00,44.086197
2011-02-24 21:00:00,42.100967
2011-02-24 22:00:00,17.133507
2011-02-24 23:00:00,24.39211
2011-02-25 00:00:00,9.832123
2011-02-25 01:00:00,6.610215
2011-02-25 02:00:00,5.0871725
2011-02-25 03:00:00,2.6392713
2011-02-25 05:00:00,4.192894
2011-02-25 06:00:00,22.128048
2011-02-25 07:00:00,44.541107
2011-02-25 08:00:00,105.85625
2011-02-25 09:00:00,46.326702
2011-02-25 10:00:00,25.235909
2011-02-25 11:00:00,66.587204
2011-02-25 12:00:00,56.618
2011-02-25 13:00:00,54.58409
2011-02-25 14:00:00,47.65703
2011-02-25 15:00:00,66.010056
2011-02-25 16:00:00,65.5181
2011-02-25 17:00:00,100.44096
2011-02-25 18:00:00,90.33714
2011-02-25 19:00:00,62.78738
2011-02-25 20:00:00,35.991417
2011-02-25 21:00:00,38.76313
2011-02-25 22:00:00,32.148537
2011-02-25 23:00:00,26.665934
2011-02-26 00:00:00,25.35894
2011-02-26 01:00:00,17.971668
2011-02-26 02:00:00,12.645987
2011-02-26 03:00:00,6.959955
2011-02-26 04:00:00,2.3936434
2011-02-26 05:00:00,1.9639245
2011-02-26 06:00:00,2.109251
2011-02-26 07:00:00,10.68243
2011-02-26 08:00:00,26.103357
2011-02-26 09:00:00,41.72555
2011-02-26 10:00:00,62.17677
2011-02-26 11:00:00,80.166084
2011-02-26 12:00:00,87.7648
2011-02-26 13:00:00,89.80227
2011-02-26 14:00:00,81.725266
2011-02-26 15:00:00,90.03848
2011-02-26 16:00:00,85.98181
2011-02-26 17:00:00,80.74745
2011-02-26 18:00:00,65.32701
2011-02-26 19:00:00,47.98545
2011-02-26 20:00:00,41.422863
2011-02-26 21:00:00,33.466476
2011-02-26 22:00:00,33.174194
2011-02-26 23:00:00,26.322155
2011-02-27 00:00:00,26.615997
2011-02-27 01:00:00,22.865223
2011-02-27 02:00:00,16.963686
2011-02-27 03:00:00,9.289661
2011-02-27 04:00:00,2.5244927
2011-02-27 06:00:00,2.0867302
2011-02-27 07:00:00,8.239469
2011-02-27 08:00:00,26.231806
2011-02-27 09:00:00,40.917496
2011-02-27 10:00:00,60.484226
2011-02-27 11:00:00,85.64156
2011-02-27 12:00:00,108.15712
2011-02-27 13:00:00,111.6758
2011-02-27 14:00:00,113.59406
2011-02-27 15:00:00,130.53041
2011-02-27 16:00:00,131.76894
2011-02-27 17:00:00,89.83823
2011-02-27 18:00:00,66.41452
2011-02-27 19:00:00,52.995144
2011-02-27 20:00:00,45.737617
2011-02-27 21:00:00,36.5331
2011-02-27 22:00:00,31.401934
2011-02-27 23:00:00,19.723404
2011-02-28 00:00:00,9.390728
2011-02-28 01:00:00,3.6326566
2011-02-28 03:00:00,3.2330801
2011-02-28 05:00:00,2.5890749
2011-02-28 06:00:00,23.882496
2011-02-28 07:00:00,69.506905
2011-02-28 08:00:00,127.23445
2011-02-28 09:00:00,86.78113
2011-02-28 10:00:00,50.931717
2011-02-28 11:00:00,67.97048
2011-02-28 12:00:00,79.447784
2011-02-28 13:00:00,39.845734
2011-02-28 14:00:00,24.85756
2011-02-28 15:00:00,24.159767
2011-02-28 16:00:00,45.94624
2011-02-28 17:00:00,57.375187
2011-02-28 18:00:00,71.811554
2011-02-28 19:00:00,35.88331
2011-02-28 20:00:00,25.608257
2011-02-28 21:00:00,39.362297
2011-02-28 22:00:00,13.249454
2011-02-28 23:00:00,11.920356
2011-03-20 00:00:00,40.487854
2011-03-20 01:00:00,40.96665
2011-03-20 02:00:00,31.522629
2011-03-20 03:00:00,24.020424
2011-03-20 04:00:00,16.402521
2011-03-20 05:00:00,16.325974
2011-03-20 06:00:00,17.868282
2011-03-20 07:00:00,27.903952
2011-03-20 08:00:00,48.239105
2011-03-20 09:00:00,72.37338
2011-03-20 10:00:00,103.160645
2011-03-20 11:00:00,133.29353
2011-03-20 12:00:00,162.0686
2011-03-20 13:00:00,168.98694
2011-03-20 14:00:00,166.839
2011-03-20 15:00:00,177.3132
2011-03-20 16:00:00,175.33171
2011-03-20 17:00:00,148.246
2011-03-20 18:00:00,123.669945
2011-03-20 19:00:00,94.61447
2011-03-20 20:00:00,78.70856
2011-03-20 21:00:00,67.08383
2011-03-20 22:00:00,58.428307
2011-03-20 23:00:00,37.655045
2011-03-21 00:00:00,24.417736
2011-03-21 01:00:00,17.958746
2011-03-21 02:00:00,17.079815
2011-03-21 03:00:00,14.015558
2011-03-21 05:00:00,15.305456
2011-03-21 06:00:00,32.592377
2011-03-21 07:00:00,63.252464
2011-03-21 08:00:00,199.22903
2011-03-21 09:00:00,104.58814
2011-03-21 10:00:00,62.01355
2011-03-21 11:00:00,71.58696
2011-03-21 12:00:00,88.12651
2011-03-21 13:00:00,108.56291
2011-03-21 14:00:00,103.14044
2011-03-21 15:00:00,116.41919
2011-03-21 16:00:00,134.15585
2011-03-21 17:00:00,247.72177
2011-03-21 18:00:00,234.00934
2011-03-21 19:00:00,191.46661
2011-03-21 20:00:00,146.51535
2011-03-21 21:00:00,75.92622
2011-03-21 22:00:00,66.3634
2011-03-21 23:00:00,53.98732
2011-03-22 00:00:00,34.0447
2011-03-22 01:00:00,21.641811
2011-03-22 02:00:00,19.27583
2011-03-22 03:00:00,15.972271
2011-03-22 04:00:00,14.913883
2011-03-22 05:00:00,19.174671
2011-03-22 06:00:00,52.525925
2011-03-22 07:00:00,127.6253
2011-03-22 08:00:00,257.14185
2011-03-22 09:00:00,119.96965
2011-03-22 10:00:00,78.966125
2011-03-22 11:00:00,84.44737
2011-03-22 12:00:00,109.210205
2011-03-22 13:00:00,113.48156
2011-03-22 14:00:00,105.009834
2011-03-22 15:00:00,113.604294
2011-03-22 16:00:00,153.67363
2011-03-22 17:00:00,272.9144
2011-03-22 18:00:00,253.6936
2011-03-22 19:00:00,162.84555
2011-03-22 20:00:00,109.10584
2011-03-22 21:00:00,88.10042
2011-03-22 22:00:00,68.19286
2011-03-22 23:00:00,48.89397
2011-03-23 00:00:00,26.238144
2011-03-23 01:00:00,19.254372
2011-03-23 02:00:00,18.601793
2011-03-23 03:00:00,15.0039625
2011-03-23 05:00:00,21.219837
2011-03-23 06:00:00,41.588287
2011-03-23 07:00:00,94.883766
2011-03-23 08:00:00,238.83209
2011-03-23 09:00:00,115.46695
2011-03-23 10:00:00,56.96172
2011-03-23 11:00:00,59.025276
2011-03-23 12:00:00,65.35005
2011-03-23 13:00:00,68.80905
2011-03-23 14:00:00,65.54808
2011-03-23 15:00:00,74.433945
2011-03-23 16:00:00,106.25702
2011-03-23 17:00:00,200.39868
2011-03-23 18:00:00,125.87857
2011-03-23 19:00:00,100.23044
2011-03-23 20:00:00,47.24437
2011-03-23 21:00:00,45.612724
2011-03-23 22:00:00,51.868286
2011-03-23 23:00:00,39.60778
2011-03-24 00:00:00,25.09385
2011-03-24 01:00:00,21.126413
2011-03-24 02:00:00,19.977474
2011-03-24 03:00:00,17.62028
2011-03-24 04:00:00,16.532907
2011-03-24 05:00:00,17.935757
2011-03-24 06:00:00,42.44557
2011-03-24 07:00:00,72.971344
2011-03-24 08:00:00,143.13985
2011-03-24 09:00:00,107.47109
2011-03-24 10:00:00,56.08314
2011-03-24 11:00:00,60.795227
2011-03-24 12:00:00,74.69406
2011-03-24 13:00:00,81.995285
2011-03-24 14:00:00,78.21442
2011-03-24 15:00:00,76.89142
2011-03-24 16:00:00,100.52508
2011-03-24 17:00:00,185.62463
2011-03-24 18:00:00,169.33102
2011-03-24 19:00:00,123.27826
2011-03-24 20:00:00,92.16142
2011-03-24 21:00:00,79.897385
2011-03-24 22:00:00,68.2065
2011-03-24 23:00:00,50.871826
2011-03-25 00:00:00,26.262814
2011-03-25 01:00:00,18.694183
2011-03-25 02:00:00,17.205307
2011-03-25 03:00:00,14.03054
2011-03-25 04:00:00,13.090671
2011-03-25 05:00:00,17.28498
2011-03-25 06:00:00,39.772858
2011-03-25 07:00:00,102.85774
2011-03-25 08:00:00,244.26886
2011-03-25 09:00:00,126.439644
2011-03-25 10:00:00,71.20516
2011-03-25 11:00:00,81.758896
2011-03-25 12:00:00,99.79791
2011-03-25 13:00:00,100.53174
2011-03-25 14:00:00,103.20048
2011-03-25 15:00:00,99.04334
2011-03-25 16:00:00,121.572556
2011-03-25 17:00:00,202.62662
2011-03-25 18:00:00,170.45279
2011-03-25 19:00:00,113.749794
2011-03-25 20:00:00,86.87335
2011-03-25 21:00:00,72.124725
2011-03-25 22:00:00,49.774765
2011-03-25 23:00:00,33.11846
2011-03-26 00:00:00,28.976841
2011-03-26 01:00:00,19.825037
2011-03-26 02:00:00,10.206782
2011-03-26 03:00:00,4.4258738
2011-03-26 04:00:00,1.5797832
2011-03-26 05:00:00,1.5661421
2011-03-26 06:00:00,4.029408
2011-03-26 07:00:00,13.378466
2011-03-26 08:00:00,34.036983
2011-03-26 09:00:00,55.722942
2011-03-26 10:00:00,73.21983
2011-03-26 11:00:00,86.67166
2011-03-26 12:00:00,110.587524
2011-03-26 13:00:00,116.75693
2011-03-26 14:00:00,116.42206
2011-03-26 15:00:00,122.21564
2011-03-26 16:00:00,111.407364
2011-03-26 17:00:00,98.08923
2011-03-26 18:00:00,84.382065
2011-03-26 19:00:00,57.757797
2011-03-26 20:00:00,41.606808
2011-03-26 21:00:00,35.47054
2011-03-26 22:00:00,32.312584
2011-03-26 23:00:00,22.569239
2011-03-27 00:00:00,25.913181
2011-03-27 01:00:00,19.84877
2011-03-27 02:00:00,10.191063
2011-03-27 03:00:00,3.9143362
2011-03-27 04:00:00,1.5987725
2011-03-27 06:00:00,3.6952186
2011-03-27 07:00:00,10.019132
2011-03-27 08:00:00,25.530106
2011-03-27 09:00:00,46.245792
2011-03-27 10:00:00,63.75599
2011-03-27 11:00:00,77.98995
2011-03-27 12:00:00,94.28041
2011-03-27 13:00:00,106.69284
2011-03-27 14:00:00,109.72658
2011-03-27 15:00:00,105.465866
2011-03-27 16:00:00,109.796555
2011-03-27 17:00:00,96.586716
2011-03-27 18:00:00,75.21507
2011-03-27 19:00:00,59.484043
2011-03-27 20:00:00,42.480247
2011-03-27 21:00:00,33.02398
2011-03-27 22:00:00,28.202637
2011-03-27 23:00:00,17.528442
2011-03-28 00:00:00,7.658956
2011-03-28 01:00:00,3.130518
2011-03-28 02:00:00,2.3191385
2011-03-28 03:00:00,1.40372
2011-03-28 05:00:00,3.5518584
2011-03-28 06:00:00,26.569714
2011-03-28 07:00:00,76.08936
2011-03-28 08:00:00,170.0404
2011-03-28 09:00:00,85.82765
2011-03-28 10:00:00,45.716
2011-03-28 11:00:00,46.71814
2011-03-28 12:00:00,64.05146
2011-03-28 13:00:00,63.890427
2011-03-28 14:00:00,58.4379
2011-03-28 15:00:00,60.096333
2011-03-28 16:00:00,76.96429
2011-03-28 17:00:00,154.67627
2011-03-28 18:00:00,143.28693
2011-03-28 19:00:00,109.08391
2011-03-28 20:00:00,73.187164
2011-03-28 21:00:00,56.58165
2011-03-28 22:00:00,35.21215
2011-03-28 23:00:00,18.267931
2011-03-29 00:00:00,6.7912006
2011-03-29 01:00:00,2.2293751
2011-03-29 02:00:00,2.017215
2011-03-29 03:00:00,1.0945514
2011-03-29 04:00:00,1.0799627
2011-03-29 05:00:00,4.6208496
2011-03-29 06:00:00,31.404856
2011-03-29 07:00:00,87.073685
2011-03-29 08:00:00,199.53952
2011-03-29 09:00:00,92.58404
2011-03-29 10:00:00,47.333454
2011-03-29 11:00:00,47.98188
2011-03-29 12:00:00,71.282845
2011-03-29 13:00:00,63.831104
2011-03-29 14:00:00,60.640976
2011-03-29 15:00:00,65.7804
2011-03-29 16:00:00,86.14501
2011-03-29 17:00:00,190.22363
2011-03-29 18:00:00,177.19778
2011-03-29 19:00:00,111.01216
2011-03-29 20:00:00,77.729866
2011-03-29 21:00:00,54.662453
2011-03-29 22:00:00,40.593845
2011-03-29 23:00:00,26.463268
2011-03-30 00:00:00,8.572186
2011-03-30 01:00:00,3.4074814
2011-03-30 02:00:00,2.1320183
2011-03-30 03:00:00,1.1226114
2011-03-30 04:00:00,0.9827518
2011-03-30 05:00:00,4.7108345
2011-03-30 06:00:00,33.205803
2011-03-30 07:00:00,94.14034
2011-03-30 08:00:00,194.40375
2011-03-30 09:00:00,91.83775
2011-03-30 10:00:00,45.17441
2011-03-30 11:00:00,45.90601
2011-03-30 12:00:00,62.92988
2011-03-30 13:00:00,59.115368
2011-03-30 14:00:00,47.28261
2011-03-30 15:00:00,22.605335
2011-03-30 16:00:00,32.955994
2011-03-30 17:00:00,78.66347
2011-03-30 18:00:00,72.12962
2011-03-30 19:00:00,57.607796
2011-03-30 20:00:00,26.945995
2011-03-30 21:00:00,31.00263
2011-03-30 22:00:00,18.128334
2011-03-30 23:00:00,7.7045894
2011-03-31 00:00:00,8.104404
2011-03-31 01:00:00,6.551976
2011-03-31 02:00:00,6.428688
2011-03-31 03:00:00,3.6229787
2011-03-31 04:00:00,3.007547
2011-03-31 05:00:00,5.6616387
2011-03-31 06:00:00,18.90094
2011-03-31 07:00:00,44.12819
2011-03-31 08:00:00,147.66397
2011-03-31 09:00:00,52.76355
2011-03-31 10:00:00,29.275614
2011-03-31 11:00:00,35.506622
2011-03-31 12:00:00,38.56246
2011-03-31 13:00:00,45.219086
2011-03-31 14:00:00,38.74717
2011-03-31 15:00:00,25.454689
2011-03-31 16:00:00,52.800606
2011-03-31 17:00:00,95.71097
2011-03-31 18:00:00,101.50432
2011-03-31 19:00:00,79.23925
2011-03-31 20:00:00,30.26509
2011-03-31 21:00:00,38.614685
2011-03-31 22:00:00,17.369959
2011-03-31 23:00:00,15.643377
2011-04-20 00:00:00,37.78678
2011-04-20 01:00:00,26.180069
2011-04-20 02:00:00,25.912176
2011-04-20 03:00:00,18.128887
2011-04-20 04:00:00,16.905102
2011-04-20 05:00:00,23.329803
2011-04-20 06:00:00,65.47555
2011-04-20 07:00:00,163.72408
2011-04-20 08:00:00,346.32977
2011-04-20 09:00:00,167.18193
2011-04-20 10:00:00,105.58798
2011-04-20 11:00:00,116.3385
2011-04-20 12:00:00,157.26791
2011-04-20 13:00:00,153.76106
2011-04-20 14:00:00,135.6719
2011-04-20 15:00:00,137.81995
2011-04-20 16:00:00,185.49124
2011-04-20 17:00:00,327.4201
2011-04-20 18:00:00,311.49976
2011-04-20 19:00:00,237.25252
2011-04-20 20:00:00,192.87442
2011-04-20 21:00:00,159.70273
2011-04-20 22:00:00,118.98408
2011-04-20 23:00:00,80.91417
2011-04-21 00:00:00,56.32643
2011-04-21 01:00:00,38.561142
2011-04-21 02:00:00,37.401184
2011-04-21 03:00:00,26.303612
2011-04-21 04:00:00,22.21632
2011-04-21 05:00:00,30.195494
2011-04-21 06:00:00,61.838264
2011-04-21 07:00:00,182.12094
2011-04-21 08:00:00,329.0734
2011-04-21 09:00:00,163.0588
2011-04-21 10:00:00,101.27915
2011-04-21 11:00:00,113.21039
2011-04-21 12:00:00,148.60065
2011-04-21 13:00:00,143.92975
2011-04-21 14:00:00,133.96768
2011-04-21 15:00:00,140.45612
2011-04-21 16:00:00,187.0087
2011-04-21 17:00:00,362.79523
2011-04-21 18:00:00,320.30438
2011-04-21 19:00:00,214.56534
2011-04-21 20:00:00,173.47714
2011-04-21 21:00:00,131.16037
2011-04-21 22:00:00,106.58148
2011-04-21 23:00:00,79.467995
2011-04-22 00:00:00,56.54693
2011-04-22 01:00:00,41.775047
2011-04-22 02:00:00,37.60399
2011-04-22 03:00:00,28.881586
2011-04-22 04:00:00,21.889854
2011-04-22 05:00:00,26.198612
2011-04-22 06:00:00,64.09771
2011-04-22 07:00:00,161.38544
2011-04-22 08:00:00,323.99103
2011-04-22 09:00:00,130.59346
2011-04-22 10:00:00,104.27972
2011-04-22 11:00:00,91.57947
2011-04-22 12:00:00,104.67454
2011-04-22 13:00:00,100.940155
2011-04-22 14:00:00,81.858864
2011-04-22 15:00:00,97.89101
2011-04-22 16:00:00,143.71803
2011-04-22 17:00:00,162.78998
2011-04-22 18:00:00,145.78401
2011-04-22 19:00:00,122.37482
2011-04-22 20:00:00,101.65042
2011-04-22 21:00:00,85.87631
2011-04-22 22:00:00,76.9057
2011-04-22 23:00:00,77.35672
2011-04-23 00:00:00,65.87967
2011-04-23 01:00:00,58.616756
2011-04-23 02:00:00,63.141
2011-04-23 03:00:00,48.12388
2011-04-23 04:00:00,33.9782
2011-04-23 05:00:00,34.511246
2011-04-23 06:00:00,33.923042
2011-04-23 07:00:00,55.93411
2011-04-23 08:00:00,69.67822
2011-04-23 09:00:00,88.99841
2011-04-23 10:00:00,149.76059
2011-04-23 11:00:00,176.4828
2011-04-23 12:00:00,197.02103
2011-04-23 13:00:00,199.35744
2011-04-23 14:00:00,211.93512
2011-04-23 15:00:00,229.97076
2011-04-23 16:00:00,228.18651
2011-04-23 17:00:00,222.82047
2011-04-23 18:00:00,192.79831
2011-04-23 19:00:00,155.16528
2011-04-23 20:00:00,127.12918
2011-04-23 21:00:00,114.655045
2011-04-23 22:00:00,112.44415
2011-04-23 23:00:00,92.62761
2011-04-24 00:00:00,82.013504
2011-04-24 01:00:00,70.015564
2011-04-24 02:00:00,59.379196
2011-04-24 03:00:00,42.477753
2011-04-24 04:00:00,27.674206
2011-04-24 05:00:00,28.381355
2011-04-24 06:00:00,29.879227
2011-04-24 07:00:00,49.72435
2011-04-24 08:00:00,79.28701
2011-04-24 09:00:00,125.27756
2011-04-24 10:00:00,190.49806
2011-04-24 11:00:00,254.305
2011-04-24 12:00:00,269.64648
2011-04-24 13:00:00,265.67657
2011-04-24 14:00:00,253.47021
2011-04-24 15:00:00,253.53156
2011-04-24 16:00:00,253.00703
2011-04-24 17:00:00,233.04633
2011-04-24 18:00:00,215.45071
2011-04-24 19:00:00,142.11691
2011-04-24 20:00:00,119.311485
2011-04-24 21:00:00,79.75505
2011-04-24 22:00:00,63.04146
2011-04-24 23:00:00,65.618065
2011-04-25 00:00:00,49.099243
2011-04-25 01:00:00,38.98844
2011-04-25 02:00:00,35.154175
2011-04-25 03:00:00,26.607395
2011-04-25 04:00:00,21.624336
2011-04-25 05:00:00,25.72742
2011-04-25 06:00:00,63.640694
2011-04-25 07:00:00,157.70259
2011-04-25 08:00:00,297.1437
2011-04-25 09:00:00,160.15428
2011-04-25 10:00:00,98.54631
2011-04-25 11:00:00,103.80099
2011-04-25 12:00:00,119.91751
2011-04-25 13:00:00,116.27928
2011-04-25 14:00:00,101.62455
2011-04-25 15:00:00,105.89658
2011-04-25 16:00:00,145.81403
2011-04-25 17:00:00,255.87
2011-04-25 18:00:00,243.43169
2011-04-25 19:00:00,184.15251
2011-04-25 20:00:00,140.63148
2011-04-25 21:00:00,100.62247
2011-04-25 22:00:00,72.01489
2011-04-25 23:00:00,48.269844
2011-04-26 00:00:00,29.714193
2011-04-26 01:00:00,16.30994
2011-04-26 02:00:00,11.264399
2011-04-26 03:00:00,7.7502527
2011-04-26 04:00:00,7.9844756
2011-04-26 05:00:00,13.9063425
2011-04-26 06:00:00,60.570137
2011-04-26 07:00:00,169.5607
2011-04-26 08:00:00,259.89664
2011-04-26 09:00:00,124.406815
2011-04-26 10:00:00,77.45546
2011-04-26 11:00:00,87.24367
2011-04-26 12:00:00,112.7771
2011-04-26 13:00:00,106.53914
2011-04-26 14:00:00,93.95243
2011-04-26 15:00:00,97.48549
2011-04-26 16:00:00,145.56915
2011-04-26 17:00:00,248.5467
2011-04-26 18:00:00,228.02615
2011-04-26 19:00:00,168.98398
2011-04-26 20:00:00,128.13461
2011-04-26 21:00:00,103.45187
2011-04-26 22:00:00,73.14061
2011-04-26 23:00:00,48.08441
2011-04-27 00:00:00,29.504753
2011-04-27 01:00:00,16.672764
2011-04-27 02:00:00,12.332175
2011-04-27 03:00:00,8.897017
2011-04-27 04:00:00,6.7679505
2011-04-27 05:00:00,11.757786
2011-04-27 06:00:00,54.544117
2011-04-27 07:00:00,145.37929
2011-04-27 08:00:00,230.86807
2011-04-27 09:00:00,106.36554
2011-04-27 10:00:00,68.570885
2011-04-27 11:00:00,75.5701
2011-04-27 12:00:00,91.72452
2011-04-27 13:00:00,90.8958
2011-04-27 14:00:00,87.65062
2011-04-27 15:00:00,84.72779
2011-04-27 16:00:00,122.38191
2011-04-27 17:00:00,137.81287
2011-04-27 18:00:00,134.24983
2011-04-27 19:00:00,155.95232
2011-04-27 20:00:00,100.57885
2011-04-27 21:00:00,78.16408
2011-04-27 22:00:00,58.982937
2011-04-27 23:00:00,42.153618
2011-04-28 00:00:00,34.548306
2011-04-28 01:00:00,18.305548
2011-04-28 02:00:00,12.321738
2011-04-28 03:00:00,10.616456
2011-04-28 04:00:00,10.069447
2011-04-28 05:00:00,17.872158
2011-04-28 06:00:00,60.94649
2011-04-28 07:00:00,156.45259
2011-04-28 08:00:00,250.95753
2011-04-28 09:00:00,97.64079
2011-04-28 10:00:00,73.76344
2011-04-28 11:00:00,74.20082
2011-04-28 12:00:00,96.610344
2011-04-28 13:00:00,80.55944
2011-04-28 14:00:00,76.05566
2011-04-28 15:00:00,95.04195
2011-04-28 16:00:00,130.1588
2011-04-28 17:00:00,237.37439
2011-04-28 18:00:00,224.1995
2011-04-28 19:00:00,167.30084
2011-04-28 20:00:00,148.43031
2011-04-28 21:00:00,122.14985
2011-04-28 22:00:00,87.79863
2011-04-28 23:00:00,70.34059
2011-04-29 00:00:00,38.268402
2011-04-29 01:00:00,19.68904
2011-04-29 02:00:00,16.682007
2011-04-29 03:00:00,10.82904
2011-04-29 04:00:00,9.3719635
2011-04-29 05:00:00,17.395855
2011-04-29 06:00:00,58.906803
2011-04-29 07:00:00,165.15881
2011-04-29 08:00:00,284.0133
2011-04-29 09:00:00,147.25943
2011-04-29 10:00:00,100.97446
2011-04-29 11:00:00,121.739815
2011-04-29 12:00:00,151.61478
2011-04-29 13:00:00,150.45715
2011-04-29 14:00:00,133.25282
2011-04-29 15:00:00,132.065
2011-04-29 16:00:00,164.88983
2011-04-29 17:00:00,245.42331
2011-04-29 18:00:00,220.88799
2011-04-29 19:00:00,149.40338
2011-04-29 20:00:00,117.78259
2011-04-29 21:00:00,90.803604
2011-04-29 22:00:00,81.62018
2011-04-29 23:00:00,67.31193
2011-04-30 00:00:00,55.779976
2011-04-30 01:00:00,46.60211
2011-04-30 02:00:00,36.782333
2011-04-30 03:00:00,21.218721
2011-04-30 04:00:00,11.680813
2011-04-30 05:00:00,12.3547
2011-04-30 06:00:00,19.300432
2011-04-30 07:00:00,43.1621
2011-04-30 08:00:00,69.204994
2011-04-30 09:00:00,101.90181
2011-04-30 10:00:00,155.00562
2011-04-30 11:00:00,185.3601
2011-04-30 12:00:00,215.82776
2011-04-30 13:00:00,214.12265
2011-04-30 14:00:00,204.82138
2011-04-30 15:00:00,217.00162
2011-04-30 16:00:00,204.56042
2011-04-30 17:00:00,197.02975
2011-04-30 18:00:00,167.92795
2011-04-30 19:00:00,143.90198
2011-04-30 20:00:00,105.46588
2011-04-30 21:00:00,87.10741
2011-04-30 22:00:00,78.88808
2011-04-30 23:00:00,74.60302
2011-05-20 00:00:00,50.449158
2011-05-20 01:00:00,38.17157
2011-05-20 02:00:00,37.58352
2011-05-20 03:00:00,29.272194
2011-05-20 04:00:00,25.417759
2011-05-20 05:00:00,36.682194
2011-05-20 06:00:00,101.68867
2011-05-20 07:00:00,270.17194
2011-05-20 08:00:00,429.0152
2011-05-20 09:00:00,221.10193
2011-05-20 10:00:00,156.37915
2011-05-20 11:00:00,186.13489
2011-05-20 12:00:00,240.33598
2011-05-20 13:00:00,222.43814
2011-05-20 14:00:00,228.96013
2011-05-20 15:00:00,235.21307
2011-05-20 16:00:00,318.2951
2011-05-20 17:00:00,430.98242
2011-05-20 18:00:00,404.37225
2011-05-20 19:00:00,303.6092
2011-05-20 20:00:00,233.03601
2011-05-20 21:00:00,196.75945
2011-05-20 22:00:00,159.55637
2011-05-20 23:00:00,140.03818
2011-05-21 00:00:00,113.82625
2011-05-21 01:00:00,89.932556
2011-05-21 02:00:00,79.43974
2011-05-21 03:00:00,55.97842
2011-05-21 04:00:00,40.539204
2011-05-21 05:00:00,41.149654
2011-05-21 06:00:00,50.329395
2011-05-21 07:00:00,84.05412
2011-05-21 08:00:00,139.98135
2011-05-21 09:00:00,211.11235
2011-05-21 10:00:00,283.19977
2011-05-21 11:00:00,344.58093
2011-05-21 12:00:00,369.50208
2011-05-21 13:00:00,364.85956
2011-05-21 14:00:00,350.8554
2011-05-21 15:00:00,341.62207
2011-05-21 16:00:00,341.80664
2011-05-21 17:00:00,329.40936
2011-05-21 18:00:00,300.72586
2011-05-21 19:00:00,275.14856
2011-05-21 20:00:00,218.45645
2011-05-21 21:00:00,203.08554
2011-05-21 22:00:00,173.52365
2011-05-21 23:00:00,152.06082
2011-05-22 00:00:00,118.37193
2011-05-22 01:00:00,95.96716
2011-05-22 02:00:00,82.14656
2011-05-22 03:00:00,58.38523
2011-05-22 04:00:00,40.149807
2011-05-22 05:00:00,42.34182
2011-05-22 06:00:00,44.3226
2011-05-22 07:00:00,71.61124
2011-05-22 08:00:00,114.6723
2011-05-22 09:00:00,187.53998
2011-05-22 10:00:00,275.6328
2011-05-22 11:00:00,330.8935
2011-05-22 12:00:00,345.74146
2011-05-22 13:00:00,349.651
2011-05-22 14:00:00,281.9027
2011-05-22 15:00:00,323.885
2011-05-22 16:00:00,335.59998
2011-05-22 17:00:00,320.13177
2011-05-22 18:00:00,302.44586
2011-05-22 19:00:00,269.70166
2011-05-22 20:00:00,218.53012
2011-05-22 21:00:00,184.86972
2011-05-22 22:00:00,133.98335
2011-05-22 23:00:00,108.146675
2011-05-23 00:00:00,64.61876
2011-05-23 01:00:00,49.683475
2011-05-23 02:00:00,57.050392
2011-05-23 03:00:00,45.55096
2011-05-23 04:00:00,29.556688
2011-05-23 05:00:00,37.843643
2011-05-23 06:00:00,94.423065
2011-05-23 07:00:00,216.2171
2011-05-23 08:00:00,380.24673
2011-05-23 09:00:00,185.20526
2011-05-23 10:00:00,122.33156
2011-05-23 11:00:00,150.9038
2011-05-23 12:00:00,184.98389
2011-05-23 13:00:00,184.21973
2011-05-23 14:00:00,175.17749
2011-05-23 15:00:00,174.10638
2011-05-23 16:00:00,250.48724
2011-05-23 17:00:00,361.86426
2011-05-23 18:00:00,385.42963
2011-05-23 19:00:00,310.7164
2011-05-23 20:00:00,211.94252
2011-05-23 21:00:00,152.19624
2011-05-23 22:00:00,112.324524
2011-05-23 23:00:00,90.40962
2011-05-24 00:00:00,54.784782
2011-05-24 01:00:00,44.711933
2011-05-24 02:00:00,41.65813
2011-05-24 03:00:00,34.393444
2011-05-24 04:00:00,30.893995
2011-05-24 05:00:00,37.559628
2011-05-24 06:00:00,100.21589
2011-05-24 07:00:00,218.38535
2011-05-24 08:00:00,319.67807
2011-05-24 09:00:00,214.33101
2011-05-24 10:00:00,131.95331
2011-05-24 11:00:00,155.701
2011-05-24 12:00:00,194.03482
2011-05-24 13:00:00,184.16728
2011-05-24 14:00:00,165.38531
2011-05-24 15:00:00,177.60385
2011-05-24 16:00:00,268.3993
2011-05-24 17:00:00,444.46298
2011-05-24 18:00:00,419.226
2011-05-24 19:00:00,328.57596
2011-05-24 20:00:00,260.80444
2011-05-24 21:00:00,203.96613
2011-05-24 22:00:00,136.39337
2011-05-24 23:00:00,129.371
2011-05-25 00:00:00,70.75406
2011-05-25 01:00:00,60.057137
2011-05-25 02:00:00,41.31104
2011-05-25 03:00:00,35.189686
2011-05-25 04:00:00,29.62944
2011-05-25 05:00:00,43.675457
2011-05-25 06:00:00,103.908035
2011-05-25 07:00:00,314.27155
2011-05-25 08:00:00,448.19897
2011-05-25 09:00:00,209.29605
2011-05-25 10:00:00,135.68689
2011-05-25 11:00:00,156.04376
2011-05-25 12:00:00,195.27838
2011-05-25 13:00:00,190.10187
2011-05-25 14:00:00,177.28322
2011-05-25 15:00:00,174.36513
2011-05-25 16:00:00,255.3199
2011-05-25 17:00:00,453.46423
2011-05-25 18:00:00,427.77383
2011-05-25 19:00:00,341.77936
2011-05-25 20:00:00,275.16516
2011-05-25 21:00:00,212.97629
2011-05-25 22:00:00,149.8869
2011-05-25 23:00:00,100.40593
2011-05-26 00:00:00,41.73642
2011-05-26 01:00:00,21.361118
2011-05-26 02:00:00,11.987383
2011-05-26 03:00:00,7.499751
2011-05-26 04:00:00,7.287424
2011-05-26 05:00:00,20.81341
2011-05-26 06:00:00,64.15824
2011-05-26 07:00:00,142.58377
2011-05-26 08:00:00,262.53064
2011-05-26 09:00:00,138.12686
2011-05-26 10:00:00,75.75981
2011-05-26 11:00:00,95.05597
2011-05-26 12:00:00,114.663666
2011-05-26 13:00:00,112.898636
2011-05-26 14:00:00,101.03813
2011-05-26 15:00:00,96.9636
2011-05-26 16:00:00,149.46121
2011-05-26 17:00:00,273.95984
2011-05-26 18:00:00,251.37663
2011-05-26 19:00:00,193.84908
2011-05-26 20:00:00,169.50327
2011-05-26 21:00:00,146.32336
2011-05-26 22:00:00,107.21182
2011-05-26 23:00:00,76.47542
2011-05-27 00:00:00,49.794914
2011-05-27 01:00:00,25.02566
2011-05-27 02:00:00,18.358355
2011-05-27 03:00:00,9.720608
2011-05-27 04:00:00,8.850912
2011-05-27 05:00:00,25.645515
2011-05-27 06:00:00,72.37865
2011-05-27 07:00:00,178.21448
2011-05-27 08:00:00,265.63098
2011-05-27 09:00:00,151.16635
2011-05-27 10:00:00,100.36914
2011-05-27 11:00:00,108.56324
2011-05-27 12:00:00,135.89685
2011-05-27 13:00:00,149.8496
2011-05-27 14:00:00,126.884766
2011-05-27 15:00:00,131.18042
2011-05-27 16:00:00,166.6838
2011-05-27 17:00:00,264.5269
2011-05-27 18:00:00,214.4895
2011-05-27 19:00:00,145.10074
2011-05-27 20:00:00,134.23425
2011-05-27 21:00:00,94.94751
2011-05-27 22:00:00,98.920265
2011-05-27 23:00:00,73.845
2011-05-28 00:00:00,73.46916
2011-05-28 01:00:00,58.454845
2011-05-28 02:00:00,41.326977
2011-05-28 03:00:00,21.510374
2011-05-28 04:00:00,11.140682
2011-05-28 05:00:00,10.914146
2011-05-28 06:00:00,22.123304
2011-05-28 07:00:00,43.518433
2011-05-28 08:00:00,72.501144
2011-05-28 09:00:00,117.87575
2011-05-28 10:00:00,152.07053
2011-05-28 11:00:00,187.17702
2011-05-28 12:00:00,197.41771
2011-05-28 13:00:00,196.94174
2011-05-28 14:00:00,190.14688
2011-05-28 15:00:00,194.22665
2011-05-28 16:00:00,191.96149
2011-05-28 17:00:00,195.55753
2011-05-28 18:00:00,174.3143
2011-05-28 19:00:00,153.73438
2011-05-28 20:00:00,124.61296
2011-05-28 21:00:00,103.097916
2011-05-28 22:00:00,91.92536
2011-05-28 23:00:00,70.7925
2011-05-29 00:00:00,75.715126
2011-05-29 01:00:00,62.2399
2011-05-29 02:00:00,50.069214
2011-05-29 03:00:00,26.142155
2011-05-29 04:00:00,10.5833435
2011-05-29 05:00:00,8.94753
2011-05-29 06:00:00,18.13279
2011-05-29 07:00:00,32.46741
2011-05-29 08:00:00,54.57196
2011-05-29 09:00:00,62.365067
2011-05-29 10:00:00,127.51894
2011-05-29 11:00:00,137.52135
2011-05-29 12:00:00,177.45468
2011-05-29 13:00:00,187.36363
2011-05-29 14:00:00,166.70078
2011-05-29 15:00:00,165.96628
2011-05-29 16:00:00,163.89197
2011-05-29 17:00:00,159.39601
2011-05-29 18:00:00,142.70554
2011-05-29 19:00:00,130.96098
2011-05-29 20:00:00,105.77112
2011-05-29 21:00:00,80.51262
2011-05-29 22:00:00,61.832855
2011-05-29 23:00:00,54.46248
2011-05-30 00:00:00,61.260902
2011-05-30 01:00:00,52.18183
2011-05-30 02:00:00,33.267517
2011-05-30 03:00:00,18.878319
2011-05-30 04:00:00,14.440798
2011-05-30 05:00:00,25.059902
2011-05-30 06:00:00,36.088596
2011-05-30 07:00:00,64.635956
2011-05-30 08:00:00,107.89595
2011-05-30 09:00:00,114.58639
2011-05-30 10:00:00,124.27658
2011-05-30 11:00:00,157.50128
2011-05-30 12:00:00,160.82532
2011-05-30 13:00:00,163.19006
2011-05-30 14:00:00,156.79846
2011-05-30 15:00:00,143.14856
2011-05-30 16:00:00,157.43414
2011-05-30 17:00:00,223.95505
2011-05-30 18:00:00,218.63594
2011-05-30 19:00:00,171.36848
2011-05-30 20:00:00,171.01215
2011-05-30 21:00:00,134.72832
2011-05-30 22:00:00,98.549
2011-05-30 23:00:00,54.61267
2011-05-31 00:00:00,32.494545
2011-05-31 01:00:00,18.476658
2011-05-31 02:00:00,10.161251
2011-05-31 03:00:00,4.6962
2011-05-31 04:00:00,5.7790437
2011-05-31 05:00:00,19.448586
2011-05-31 06:00:00,76.43687
2011-05-31 07:00:00,201.05562
2011-05-31 08:00:00,280.94196
2011-05-31 09:00:00,132.65288
2011-05-31 10:00:00,76.66228
2011-05-31 11:00:00,84.957504
2011-05-31 12:00:00,107.11338
2011-05-31 13:00:00,108.60946
2011-05-31 14:00:00,92.23544
2011-05-31 15:00:00,98.56612
2011-05-31 16:00:00,158.80884
2011-05-31 17:00:00,284.5277
2011-05-31 18:00:00,274.45715
2011-05-31 19:00:00,213.06885
2011-05-31 20:00:00,170.55608
2011-05-31 21:00:00,133.2515
2011-05-31 22:00:00,93.04377
2011-05-31 23:00:00,68.6821
2011-06-20 00:00:00,53.078934
2011-06-20 01:00:00,40.7807
2011-06-20 02:00:00,37.072037
2011-06-20 03:00:00,34.03596
2011-06-20 04:00:00,38.46542
2011-06-20 05:00:00,47.53779
2011-06-20 06:00:00,93.57936
2011-06-20 07:00:00,169.97058
2011-06-20 08:00:00,282.87738
2011-06-20 09:00:00,196.31644
2011-06-20 10:00:00,116.59424
2011-06-20 11:00:00,127.76892
2011-06-20 12:00:00,174.03647
2011-06-20 13:00:00,179.03392
2011-06-20 14:00:00,172.41443
2011-06-20 15:00:00,182.82132
2011-06-20 16:00:00,256.7297
2011-06-20 17:00:00,428.94275
2011-06-20 18:00:00,401.5622
2011-06-20 19:00:00,325.42523
2011-06-20 20:00:00,246.65578
2011-06-20 21:00:00,202.73941
2011-06-20 22:00:00,148.44661
2011-06-20 23:00:00,101.83763
2011-06-21 00:00:00,61.56692
2011-06-21 01:00:00,46.649868
2011-06-21 02:00:00,45.403442
2011-06-21 03:00:00,39.232635
2011-06-21 04:00:00,27.640888
2011-06-21 05:00:00,38.71884
2011-06-21 06:00:00,106.95807
2011-06-21 07:00:00,225.84174
2011-06-21 08:00:00,389.5318
2011-06-21 09:00:00,188.90004
2011-06-21 10:00:00,111.65369
2011-06-21 11:00:00,122.47378
2011-06-21 12:00:00,169.22011
2011-06-21 13:00:00,171.02426
2011-06-21 14:00:00,163.3152
2011-06-21 15:00:00,168.7689
2011-06-21 16:00:00,239.52335
2011-06-21 17:00:00,407.27856
2011-06-21 18:00:00,358.31955
2011-06-21 19:00:00,285.71228
2011-06-21 20:00:00,186.60591
2011-06-21 21:00:00,205.81793
2011-06-21 22:00:00,162.08438
2011-06-21 23:00:00,110.425674
2011-06-22 00:00:00,64.71747
2011-06-22 01:00:00,47.34705
2011-06-22 02:00:00,39.099457
2011-06-22 03:00:00,33.68174
2011-06-22 04:00:00,27.156357
2011-06-22 05:00:00,39.73747
2011-06-22 06:00:00,109.75281
2011-06-22 07:00:00,300.10284
2011-06-22 08:00:00,413.82172
2011-06-22 09:00:00,200.8364
2011-06-22 10:00:00,110.98789
2011-06-22 11:00:00,135.44666
2011-06-22 12:00:00,175.08502
2011-06-22 13:00:00,160.46902
2011-06-22 14:00:00,155.58586
2011-06-22 15:00:00,149.47961
2011-06-22 16:00:00,218.17758
2011-06-22 17:00:00,399.02618
2011-06-22 18:00:00,376.4044
2011-06-22 19:00:00,303.46017
2011-06-22 20:00:00,240.7627
2011-06-22 21:00:00,201.36368
2011-06-22 22:00:00,154.03618
2011-06-22 23:00:00,108.88774
2011-06-23 00:00:00,65.62466
2011-06-23 01:00:00,49.031284
2011-06-23 02:00:00,42.063065
2011-06-23 03:00:00,35.95815
2011-06-23 04:00:00,30.92937
2011-06-23 05:00:00,44.024776
2011-06-23 06:00:00,118.72737
2011-06-23 07:00:00,299.24512
2011-06-23 08:00:00,408.09918
2011-06-23 09:00:00,199.80157
2011-06-23 10:00:00,127.97142
2011-06-23 11:00:00,129.44548
2011-06-23 12:00:00,170.90256
2011-06-23 13:00:00,168.34271
2011-06-23 14:00:00,145.93437
2011-06-23 15:00:00,167.71387
2011-06-23 16:00:00,226.6665
2011-06-23 17:00:00,332.51587
2011-06-23 18:00:00,338.4935
2011-06-23 19:00:00,255.33836
2011-06-23 20:00:00,237.46945
2011-06-23 21:00:00,205.15143
2011-06-23 22:00:00,161.79129
2011-06-23 23:00:00,126.169785
2011-06-24 00:00:00,76.7282
2011-06-24 01:00:00,56.581253
2011-06-24 02:00:00,48.86333
2011-06-24 03:00:00,36.683456
2011-06-24 04:00:00,29.482956
2011-06-24 05:00:00,41.1464
2011-06-24 06:00:00,106.62647
2011-06-24 07:00:00,266.95383
2011-06-24 08:00:00,412.40347
2011-06-24 09:00:00,222.8136
2011-06-24 10:00:00,151.28784
2011-06-24 11:00:00,182.43427
2011-06-24 12:00:00,224.70688
2011-06-24 13:00:00,229.81447
2011-06-24 14:00:00,207.2781
2011-06-24 15:00:00,217.94049
2011-06-24 16:00:00,288.433
2011-06-24 17:00:00,427.87576
2011-06-24 18:00:00,386.90857
2011-06-24 19:00:00,309.4934
2011-06-24 20:00:00,248.69627
2011-06-24 21:00:00,218.7262
2011-06-24 22:00:00,196.18898
2011-06-24 23:00:00,171.9815
2011-06-25 00:00:00,131.52151
2011-06-25 01:00:00,103.257645
2011-06-25 02:00:00,89.24858
2011-06-25 03:00:00,61.821655
2011-06-25 04:00:00,42.632687
2011-06-25 05:00:00,41.861168
2011-06-25 06:00:00,57.879642
2011-06-25 07:00:00,90.2688
2011-06-25 08:00:00,153.48201
2011-06-25 09:00:00,209.33456
2011-06-25 10:00:00,235.9131
2011-06-25 11:00:00,258.8868
2011-06-25 12:00:00,250.08118
2011-06-25 13:00:00,225.95981
2011-06-25 14:00:00,197.59256
2011-06-25 15:00:00,202.69313
2011-06-25 16:00:00,202.84662
2011-06-25 17:00:00,211.60461
2011-06-25 18:00:00,190.72359
2011-06-25 19:00:00,169.45027
2011-06-25 20:00:00,145.86566
2011-06-25 21:00:00,136.5243
2011-06-25 22:00:00,122.32304
2011-06-25 23:00:00,87.236145
2011-06-26 00:00:00,85.207924
2011-06-26 01:00:00,74.5869
2011-06-26 02:00:00,60.257015
2011-06-26 03:00:00,31.424116
2011-06-26 04:00:00,15.182307
2011-06-26 05:00:00,13.635006
2011-06-26 06:00:00,19.952644
2011-06-26 07:00:00,42.65187
2011-06-26 08:00:00,69.959625
2011-06-26 09:00:00,117.738525
2011-06-26 10:00:00,166.24416
2011-06-26 11:00:00,201.26685
2011-06-26 12:00:00,219.2255
2011-06-26 13:00:00,217.12735
2011-06-26 14:00:00,206.60754
2011-06-26 15:00:00,202.32275
2011-06-26 16:00:00,201.82211
2011-06-26 17:00:00,196.10886
2011-06-26 18:00:00,169.84633
2011-06-26 19:00:00,163.31374
2011-06-26 20:00:00,131.33005
2011-06-26 21:00:00,108.15868
2011-06-26 22:00:00,107.781586
2011-06-26 23:00:00,70.64024
2011-06-27 00:00:00,27.776125
2011-06-27 01:00:00,15.925041
2011-06-27 02:00:00,12.863985
2011-06-27 03:00:00,9.053243
2011-06-27 04:00:00,8.845156
2011-06-27 05:00:00,20.902895
2011-06-27 06:00:00,74.25546
2011-06-27 07:00:00,183.53903
2011-06-27 08:00:00,245.86356
2011-06-27 09:00:00,140.14532
2011-06-27 10:00:00,82.78691
2011-06-27 11:00:00,103.732445
2011-06-27 12:00:00,128.62773
2011-06-27 13:00:00,117.76333
2011-06-27 14:00:00,111.104546
2011-06-27 15:00:00,115.696724
2011-06-27 16:00:00,168.89706
2011-06-27 17:00:00,282.88678
2011-06-27 18:00:00,282.29694
2011-06-27 19:00:00,212.55005
2011-06-27 20:00:00,161.63763
2011-06-27 21:00:00,130.81958
2011-06-27 22:00:00,89.783775
2011-06-27 23:00:00,59.74344
2011-06-28 00:00:00,29.901598
2011-06-28 01:00:00,16.648903
2011-06-28 02:00:00,11.085709
2011-06-28 03:00:00,7.501918
2011-06-28 04:00:00,6.851741
2011-06-28 05:00:00,19.250656
2011-06-28 06:00:00,74.27106
2011-06-28 07:00:00,185.75862
2011-06-28 08:00:00,259.75293
2011-06-28 09:00:00,133.63005
2011-06-28 10:00:00,83.34078
2011-06-28 11:00:00,101.21924
2011-06-28 12:00:00,118.71235
2011-06-28 13:00:00,120.1998
2011-06-28 14:00:00,97.308685
2011-06-28 15:00:00,104.60435
2011-06-28 16:00:00,151.07465
2011-06-28 17:00:00,207.05576
2011-06-28 18:00:00,205.32932
2011-06-28 19:00:00,184.39273
2011-06-28 20:00:00,168.12761
2011-06-28 21:00:00,113.61595
2011-06-28 22:00:00,80.15944
2011-06-28 23:00:00,55.450577
2011-06-29 00:00:00,30.53745
2011-06-29 01:00:00,16.298595
2011-06-29 02:00:00,11.083541
2011-06-29 03:00:00,6.3434157
2011-06-29 04:00:00,6.3951626
2011-06-29 05:00:00,21.864344
2011-06-29 06:00:00,74.151794
2011-06-29 07:00:00,208.4249
2011-06-29 08:00:00,286.22174
2011-06-29 09:00:00,139.98277
2011-06-29 10:00:00,80.58394
2011-06-29 11:00:00,106.677864
2011-06-29 12:00:00,134.79102
2011-06-29 13:00:00,119.70473
2011-06-29 14:00:00,113.34365
2011-06-29 15:00:00,122.416435
2011-06-29 16:00:00,158.90007
2011-06-29 17:00:00,293.27707
2011-06-29 18:00:00,271.75513
2011-06-29 19:00:00,209.35593
2011-06-29 20:00:00,167.30817
2011-06-29 21:00:00,150.69917
2011-06-29 22:00:00,118.37323
2011-06-29 23:00:00,76.61505
2011-06-30 00:00:00,40.180252
2011-06-30 01:00:00,20.58672
2011-06-30 02:00:00,12.467785
2011-06-30 03:00:00,9.238418
2011-06-30 04:00:00,8.907367
2011-06-30 05:00:00,26.169252
2011-06-30 06:00:00,78.41175
2011-06-30 07:00:00,207.72482
2011-06-30 08:00:00,284.1002
2011-06-30 09:00:00,142.36966
2011-06-30 10:00:00,85.71658
2011-06-30 11:00:00,111.38087
2011-06-30 12:00:00,140.24033
2011-06-30 13:00:00,133.64871
2011-06-30 14:00:00,115.801735
2011-06-30 15:00:00,120.21674
2011-06-30 16:00:00,177.58417
2011-06-30 17:00:00,289.01624
2011-06-30 18:00:00,281.08707
2011-06-30 19:00:00,221.41862
2011-06-30 20:00:00,177.81145
2011-06-30 21:00:00,156.41402
2011-06-30 22:00:00,124.94861
2011-06-30 23:00:00,95.70406
2011-07-20 00:00:00,55.598198
2011-07-20 01:00:00,41.61387
2011-07-20 02:00:00,37.425976
2011-07-20 03:00:00,32.191795
2011-07-20 04:00:00,26.741863
2011-07-20 05:00:00,41.441227
2011-07-20 06:00:00,117.3147
2011-07-20 07:00:00,281.7005
2011-07-20 08:00:00,417.75937
2011-07-20 09:00:00,195.26147
2011-07-20 10:00:00,121.2709
2011-07-20 11:00:00,137.17688
2011-07-20 12:00:00,163.6865
2011-07-20 13:00:00,167.22003
2011-07-20 14:00:00,160.25089
2011-07-20 15:00:00,163.56009
2011-07-20 16:00:00,226.59036
2011-07-20 17:00:00,417.88837
2011-07-20 18:00:00,401.01923
2011-07-20 19:00:00,307.58392
2011-07-20 20:00:00,251.67868
2011-07-20 21:00:00,223.51169
2011-07-20 22:00:00,168.34608
2011-07-20 23:00:00,121.60965
2011-07-21 00:00:00,72.54229
2011-07-21 01:00:00,53.18014
2011-07-21 02:00:00,47.02089
2011-07-21 03:00:00,38.683575
2011-07-21 04:00:00,35.444645
2011-07-21 05:00:00,47.103745
2011-07-21 06:00:00,124.36053
2011-07-21 07:00:00,292.93912
2011-07-21 08:00:00,417.32834
2011-07-21 09:00:00,188.91379
2011-07-21 10:00:00,125.46528
2011-07-21 11:00:00,146.0665
2011-07-21 12:00:00,175.76587
2011-07-21 13:00:00,171.68822
2011-07-21 14:00:00,165.63672
2011-07-21 15:00:00,164.52844
2011-07-21 16:00:00,230.19562
2011-07-21 17:00:00,399.39948
2011-07-21 18:00:00,376.55096
2011-07-21 19:00:00,273.03476
2011-07-21 20:00:00,245.40755
2011-07-21 21:00:00,213.48384
2011-07-21 22:00:00,181.18102
2011-07-21 23:00:00,133.85048
2011-07-22 00:00:00,83.80371
2011-07-22 01:00:00,53.936123
2011-07-22 02:00:00,54.57582
2011-07-22 03:00:00,41.471012
2011-07-22 04:00:00,38.20037
2011-07-22 05:00:00,47.81949
2011-07-22 06:00:00,117.37406
2011-07-22 07:00:00,271.58463
2011-07-22 08:00:00,414.7249
2011-07-22 09:00:00,197.67749
2011-07-22 10:00:00,143.72287
2011-07-22 11:00:00,165.59013
2011-07-22 12:00:00,195.60934
2011-07-22 13:00:00,194.9131
2011-07-22 14:00:00,179.72003
2011-07-22 15:00:00,191.02612
2011-07-22 16:00:00,215.25967
2011-07-22 17:00:00,381.53076
2011-07-22 18:00:00,354.7353
2011-07-22 19:00:00,282.59583
2011-07-22 20:00:00,238.7761
2011-07-22 21:00:00,220.12802
2011-07-22 22:00:00,194.88162
2011-07-22 23:00:00,160.94241
2011-07-23 00:00:00,130.45996
2011-07-23 01:00:00,113.19855
2011-07-23 02:00:00,93.50459
2011-07-23 03:00:00,68.184746
2011-07-23 04:00:00,49.441265
2011-07-23 05:00:00,51.270264
2011-07-23 06:00:00,65.49008
2011-07-23 07:00:00,98.2056
2011-07-23 08:00:00,154.01593
2011-07-23 09:00:00,210.32407
2011-07-23 10:00:00,268.4807
2011-07-23 11:00:00,289.19037
2011-07-23 12:00:00,294.44162
2011-07-23 13:00:00,283.1574
2011-07-23 14:00:00,267.5769
2011-07-23 15:00:00,256.60846
2011-07-23 16:00:00,258.78305
2011-07-23 17:00:00,271.52307
2011-07-23 18:00:00,270.4972
2011-07-23 19:00:00,257.77457
2011-07-23 20:00:00,244.63547
2011-07-23 21:00:00,224.2445
2011-07-23 22:00:00,205.44339
2011-07-23 23:00:00,175.10658
2011-07-24 00:00:00,144.94882
2011-07-24 01:00:00,120.076965
2011-07-24 02:00:00,104.965195
2011-07-24 03:00:00,71.37489
2011-07-24 04:00:00,52.330654
2011-07-24 05:00:00,53.548573
2011-07-24 06:00:00,57.62665
2011-07-24 07:00:00,88.8053
2011-07-24 08:00:00,130.9581
2011-07-24 09:00:00,193.19055
2011-07-24 10:00:00,264.81717
2011-07-24 11:00:00,300.8369
2011-07-24 12:00:00,293.82745
2011-07-24 13:00:00,313.25137
2011-07-24 14:00:00,291.6675
2011-07-24 15:00:00,273.524
2011-07-24 16:00:00,269.92105
2011-07-24 17:00:00,273.57602
2011-07-24 18:00:00,269.87323
2011-07-24 19:00:00,267.60098
2011-07-24 20:00:00,245.9151
2011-07-24 21:00:00,198.17255
2011-07-24 22:00:00,159.00333
2011-07-24 23:00:00,124.71152
2011-07-25 00:00:00,72.48281
2011-07-25 01:00:00,57.679928
2011-07-25 02:00:00,49.976486
2011-07-25 03:00:00,39.51123
2011-07-25 04:00:00,37.684753
2011-07-25 05:00:00,49.748543
2011-07-25 06:00:00,122.63083
2011-07-25 07:00:00,282.42444
2011-07-25 08:00:00,381.3081
2011-07-25 09:00:00,184.04242
2011-07-25 10:00:00,120.722855
2011-07-25 11:00:00,149.11595
2011-07-25 12:00:00,177.54128
2011-07-25 13:00:00,159.01483
2011-07-25 14:00:00,140.83873
2011-07-25 15:00:00,138.21375
2011-07-25 16:00:00,190.52559
2011-07-25 17:00:00,380.4097
2011-07-25 18:00:00,394.15665
2011-07-25 19:00:00,316.66998
2011-07-25 20:00:00,251.97194
2011-07-25 21:00:00,181.82994
2011-07-25 22:00:00,136.26523
2011-07-25 23:00:00,84.96961
2011-07-26 00:00:00,39.78917
2011-07-26 01:00:00,18.117802
2011-07-26 02:00:00,11.693579
2011-07-26 03:00:00,8.6767025
2011-07-26 04:00:00,8.239803
2011-07-26 05:00:00,21.074194
2011-07-26 06:00:00,72.61174
2011-07-26 07:00:00,195.0982
2011-07-26 08:00:00,271.7816
2011-07-26 09:00:00,141.8488
2011-07-26 10:00:00,82.16701
2011-07-26 11:00:00,101.21419
2011-07-26 12:00:00,130.98518
2011-07-26 13:00:00,121.824394
2011-07-26 14:00:00,109.49782
2011-07-26 15:00:00,109.638664
2011-07-26 16:00:00,159.48398
2011-07-26 17:00:00,288.9215
2011-07-26 18:00:00,264.06787
2011-07-26 19:00:00,207.91489
2011-07-26 20:00:00,165.25378
2011-07-26 21:00:00,143.11942
2011-07-26 22:00:00,112.34536
2011-07-26 23:00:00,69.0047
2011-07-27 00:00:00,37.71895
2011-07-27 01:00:00,17.010294
2011-07-27 02:00:00,9.977886
2011-07-27 03:00:00,8.111529
2011-07-27 04:00:00,8.179164
2011-07-27 05:00:00,23.087164
2011-07-27 06:00:00,78.35971
2011-07-27 07:00:00,202.72049
2011-07-27 08:00:00,279.4147
2011-07-27 09:00:00,140.64511
2011-07-27 10:00:00,79.37442
2011-07-27 11:00:00,100.776596
2011-07-27 12:00:00,127.03401
2011-07-27 13:00:00,120.203415
2011-07-27 14:00:00,113.45876
2011-07-27 15:00:00,113.654564
2011-07-27 16:00:00,171.03554
2011-07-27 17:00:00,293.912
2011-07-27 18:00:00,286.80853
2011-07-27 19:00:00,225.29501
2011-07-27 20:00:00,166.86871
2011-07-27 21:00:00,146.50363
2011-07-27 22:00:00,116.65717
2011-07-27 23:00:00,75.03073
2011-07-28 00:00:00,40.69623
2011-07-28 01:00:00,19.553717
2011-07-28 02:00:00,12.486533
2011-07-28 03:00:00,6.805627
2011-07-28 04:00:00,7.1410775
2011-07-28 05:00:00,21.126808
2011-07-28 06:00:00,74.416435
2011-07-28 07:00:00,189.26657
2011-07-28 08:00:00,261.33563
2011-07-28 09:00:00,130.82413
2011-07-28 10:00:00,79.42456
2011-07-28 11:00:00,85.97179
2011-07-28 12:00:00,113.2142
2011-07-28 13:00:00,108.48531
2011-07-28 14:00:00,95.015884
2011-07-28 15:00:00,99.26601
2011-07-28 16:00:00,156.04126
2011-07-28 17:00:00,270.48468
2011-07-28 18:00:00,238.83203
2011-07-28 19:00:00,199.76994
2011-07-28 20:00:00,152.70786
2011-07-28 21:00:00,116.97719
2011-07-28 22:00:00,80.683
2011-07-28 23:00:00,76.31474
2011-07-29 00:00:00,48.95728
2011-07-29 01:00:00,26.526205
2011-07-29 02:00:00,18.883389
2011-07-29 03:00:00,10.148489
2011-07-29 04:00:00,10.87639
2011-07-29 05:00:00,22.344536
2011-07-29 06:00:00,74.26984
2011-07-29 07:00:00,168.13129
2011-07-29 08:00:00,256.7964
2011-07-29 09:00:00,128.56436
2011-07-29 10:00:00,92.58205
2011-07-29 11:00:00,108.78962
2011-07-29 12:00:00,115.51123
2011-07-29 13:00:00,118.53474
2011-07-29 14:00:00,109.84171
2011-07-29 15:00:00,108.0636
2011-07-29 16:00:00,143.17029
2011-07-29 17:00:00,237.73824
2011-07-29 18:00:00,207.35583
2011-07-29 19:00:00,163.16513
2011-07-29 20:00:00,141.67001
2011-07-29 21:00:00,143.35883
2011-07-29 22:00:00,123.45687
2011-07-29 23:00:00,100.571396
2011-07-30 00:00:00,88.58658
2011-07-30 01:00:00,68.51441
2011-07-30 02:00:00,55.889168
2011-07-30 03:00:00,32.818798
2011-07-30 04:00:00,16.610085
2011-07-30 05:00:00,14.664692
2011-07-30 06:00:00,23.231117
2011-07-30 07:00:00,50.907486
2011-07-30 08:00:00,87.27942
2011-07-30 09:00:00,119.00566
2011-07-30 10:00:00,159.9877
2011-07-30 11:00:00,188.01088
2011-07-30 12:00:00,201.43442
2011-07-30 13:00:00,199.3779
2011-07-30 14:00:00,178.12318
2011-07-30 15:00:00,177.94052
2011-07-30 16:00:00,178.22571
2011-07-30 17:00:00,187.6195
2011-07-30 18:00:00,183.08076
2011-07-30 19:00:00,183.4493
2011-07-30 20:00:00,144.07712
2011-07-30 21:00:00,132.61221
2011-07-30 22:00:00,119.54727
2011-07-30 23:00:00,101.079575
2011-07-31 00:00:00,87.03308
2011-07-31 01:00:00,72.43631
2011-07-31 02:00:00,57.245697
2011-07-31 03:00:00,27.98496
2011-07-31 04:00:00,13.303724
2011-07-31 05:00:00,14.33166
2011-07-31 06:00:00,18.15777
2011-07-31 07:00:00,45.720726
2011-07-31 08:00:00,71.12647
2011-07-31 09:00:00,115.61969
2011-07-31 10:00:00,155.04533
2011-07-31 11:00:00,172.44223
2011-07-31 12:00:00,178.28952
2011-07-31 13:00:00,182.02841
2011-07-31 14:00:00,173.13321
2011-07-31 15:00:00,165.47205
2011-07-31 16:00:00,167.61536
2011-07-31 17:00:00,169.85028
2011-07-31 18:00:00,163.84074
2011-07-31 19:00:00,152.40596
2011-07-31 20:00:00,129.73416
2011-07-31 21:00:00,102.782455
2011-07-31 22:00:00,65.91576
2011-07-31 23:00:00,58.869186
2011-08-20 00:00:00,108.23099
2011-08-20 01:00:00,87.54135
2011-08-20 02:00:00,72.414215
2011-08-20 03:00:00,43.267582
2011-08-20 04:00:00,26.533537
2011-08-20 05:00:00,27.114834
2011-08-20 06:00:00,36.07789
2011-08-20 07:00:00,56.396896
2011-08-20 08:00:00,110.73393
2011-08-20 09:00:00,167.14844
2011-08-20 10:00:00,213.312
2011-08-20 11:00:00,243.39615
2011-08-20 12:00:00,254.0421
2011-08-20 13:00:00,248.41388
2011-08-20 14:00:00,246.21288
2011-08-20 15:00:00,242.99405
2011-08-20 16:00:00,236.53116
2011-08-20 17:00:00,242.39888
2011-08-20 18:00:00,210.00589
2011-08-20 19:00:00,203.19882
2011-08-20 20:00:00,176.8071
2011-08-20 21:00:00,145.21121
2011-08-20 22:00:00,123.424675
2011-08-20 23:00:00,114.99833
2011-08-21 00:00:00,115.477844
2011-08-21 01:00:00,94.41395
2011-08-21 02:00:00,82.013985
2011-08-21 03:00:00,49.993484
2011-08-21 04:00:00,29.13051
2011-08-21 05:00:00,30.80561
2011-08-21 06:00:00,34.909485
2011-08-21 07:00:00,53.407238
2011-08-21 08:00:00,84.63495
2011-08-21 09:00:00,137.8117
2011-08-21 10:00:00,175.77603
2011-08-21 11:00:00,218.24686
2011-08-21 12:00:00,232.5166
2011-08-21 13:00:00,234.42123
2011-08-21 14:00:00,155.66882
2011-08-21 15:00:00,172.62788
2011-08-21 16:00:00,180.18744
2011-08-21 17:00:00,171.61165
2011-08-21 18:00:00,161.94345
2011-08-21 19:00:00,172.24254
2011-08-21 20:00:00,140.12634
2011-08-21 21:00:00,124.394806
2011-08-21 22:00:00,106.53081
2011-08-21 23:00:00,87.20649
2011-08-22 00:00:00,50.787376
2011-08-22 01:00:00,33.577133
2011-08-22 02:00:00,30.574371
2011-08-22 03:00:00,25.304688
2011-08-22 04:00:00,20.116005
2011-08-22 05:00:00,34.753384
2011-08-22 06:00:00,97.47397
2011-08-22 07:00:00,238.70927
2011-08-22 08:00:00,321.82373
2011-08-22 09:00:00,169.00218
2011-08-22 10:00:00,113.99851
2011-08-22 11:00:00,135.20784
2011-08-22 12:00:00,169.02222
2011-08-22 13:00:00,160.37036
2011-08-22 14:00:00,155.52953
2011-08-22 15:00:00,155.93726
2011-08-22 16:00:00,218.9987
2011-08-22 17:00:00,367.90393
2011-08-22 18:00:00,349.4338
2011-08-22 19:00:00,273.3302
2011-08-22 20:00:00,218.9845
2011-08-22 21:00:00,176.86908
2011-08-22 22:00:00,127.23514
2011-08-22 23:00:00,89.43165
2011-08-23 00:00:00,50.24772
2011-08-23 01:00:00,34.2172
2011-08-23 02:00:00,27.773376
2011-08-23 03:00:00,22.631462
2011-08-23 04:00:00,19.803047
2011-08-23 05:00:00,35.17115
2011-08-23 06:00:00,103.23509
2011-08-23 07:00:00,271.21655
2011-08-23 08:00:00,358.58044
2011-08-23 09:00:00,180.02599
2011-08-23 10:00:00,117.222015
2011-08-23 11:00:00,140.62341
2011-08-23 12:00:00,176.88452
2011-08-23 13:00:00,177.92622
2011-08-23 14:00:00,163.78778
2011-08-23 15:00:00,164.74484
2011-08-23 16:00:00,234.88145
2011-08-23 17:00:00,375.84558
2011-08-23 18:00:00,351.89322
2011-08-23 19:00:00,261.4524
2011-08-23 20:00:00,205.85461
2011-08-23 21:00:00,170.52399
2011-08-23 22:00:00,142.55911
2011-08-23 23:00:00,92.47511
2011-08-24 00:00:00,52.24356
2011-08-24 01:00:00,33.44804
2011-08-24 02:00:00,28.384535
2011-08-24 03:00:00,22.342602
2011-08-24 04:00:00,19.125618
2011-08-24 05:00:00,33.358475
2011-08-24 06:00:00,98.48959
2011-08-24 07:00:00,265.92218
2011-08-24 08:00:00,340.13092
2011-08-24 09:00:00,172.58546
2011-08-24 10:00:00,114.00475
2011-08-24 11:00:00,133.21011
2011-08-24 12:00:00,156.44223
2011-08-24 13:00:00,157.6253
2011-08-24 14:00:00,147.01913
2011-08-24 15:00:00,143.07391
2011-08-24 16:00:00,188.76993
2011-08-24 17:00:00,318.17578
2011-08-24 18:00:00,299.6095
2011-08-24 19:00:00,242.74692
2011-08-24 20:00:00,196.40967
2011-08-24 21:00:00,157.59506
2011-08-24 22:00:00,122.594215
2011-08-24 23:00:00,84.56319
2011-08-25 00:00:00,53.8455
2011-08-25 01:00:00,36.081703
2011-08-25 02:00:00,28.750317
2011-08-25 03:00:00,22.001404
2011-08-25 04:00:00,21.9275
2011-08-25 05:00:00,34.70874
2011-08-25 06:00:00,97.09899
2011-08-25 07:00:00,224.21056
2011-08-25 08:00:00,310.4718
2011-08-25 09:00:00,163.41083
2011-08-25 10:00:00,106.47458
2011-08-25 11:00:00,104.568115
2011-08-25 12:00:00,112.31221
2011-08-25 13:00:00,115.68448
2011-08-25 14:00:00,112.94898
2011-08-25 15:00:00,117.17081
2011-08-25 16:00:00,140.4734
2011-08-25 17:00:00,223.06221
2011-08-25 18:00:00,198.70496
2011-08-25 19:00:00,181.0049
2011-08-25 20:00:00,159.80452
2011-08-25 21:00:00,143.5014
2011-08-25 22:00:00,99.50508
2011-08-25 23:00:00,80.26579
2011-08-26 00:00:00,51.907715
2011-08-26 01:00:00,23.826012
2011-08-26 02:00:00,15.176438
2011-08-26 03:00:00,8.657906
2011-08-26 04:00:00,7.2841353
2011-08-26 05:00:00,19.10422
2011-08-26 06:00:00,65.30862
2011-08-26 07:00:00,161.66946
2011-08-26 08:00:00,240.72975
2011-08-26 09:00:00,140.77109
2011-08-26 10:00:00,99.41438
2011-08-26 11:00:00,115.16695
2011-08-26 12:00:00,136.49179
2011-08-26 13:00:00,139.14964
2011-08-26 14:00:00,120.39524
2011-08-26 15:00:00,125.258934
2011-08-26 16:00:00,163.98807
2011-08-26 17:00:00,193.75818
2011-08-26 18:00:00,193.79329
2011-08-26 19:00:00,135.3735
2011-08-26 20:00:00,120.26932
2011-08-26 21:00:00,101.14363
2011-08-26 22:00:00,86.039764
2011-08-26 23:00:00,76.16802
2011-08-27 00:00:00,82.91956
2011-08-27 01:00:00,66.17913
2011-08-27 02:00:00,52.821903
2011-08-27 03:00:00,29.407694
2011-08-27 04:00:00,13.743393
2011-08-27 05:00:00,11.330143
2011-08-27 06:00:00,18.506462
2011-08-27 07:00:00,37.02965
2011-08-27 08:00:00,66.89577
2011-08-27 09:00:00,85.50011
2011-08-27 10:00:00,117.411064
2011-08-27 11:00:00,102.34086
2011-08-27 12:00:00,103.56563
2011-08-27 13:00:00,107.70967
2011-08-27 14:00:00,79.606705
2011-08-27 15:00:00,81.86148
2011-08-27 16:00:00,81.10485
2011-08-27 17:00:00,58.88813
2011-08-28 07:00:00,26.54834
2011-08-28 08:00:00,43.859604
2011-08-28 09:00:00,91.617905
2011-08-28 10:00:00,132.39496
2011-08-28 11:00:00,167.5849
2011-08-28 12:00:00,190.08679
2011-08-28 13:00:00,201.97157
2011-08-28 14:00:00,182.83138
2011-08-28 15:00:00,181.59904
2011-08-28 16:00:00,181.7779
2011-08-28 17:00:00,197.64383
2011-08-28 18:00:00,182.52383
2011-08-28 19:00:00,161.72394
2011-08-28 20:00:00,134.77966
2011-08-28 21:00:00,106.23801
2011-08-28 22:00:00,75.40708
2011-08-28 23:00:00,52.03504
2011-08-29 00:00:00,30.344027
2011-08-29 01:00:00,13.589037
2011-08-29 02:00:00,9.149401
2011-08-29 03:00:00,6.2624927
2011-08-29 04:00:00,6.1020184
2011-08-29 05:00:00,20.032616
2011-08-29 06:00:00,72.888115
2011-08-29 07:00:00,193.70535
2011-08-29 08:00:00,252.08055
2011-08-29 09:00:00,128.60855
2011-08-29 10:00:00,81.565834
2011-08-29 11:00:00,99.699066
2011-08-29 12:00:00,133.18536
2011-08-29 13:00:00,136.20065
2011-08-29 14:00:00,122.99225
2011-08-29 15:00:00,122.810776
2011-08-29 16:00:00,172.35208
2011-08-29 17:00:00,284.18262
2011-08-29 18:00:00,264.00912
2011-08-29 19:00:00,209.96262
2011-08-29 20:00:00,162.31177
2011-08-29 21:00:00,130.3181
2011-08-29 22:00:00,92.01949
2011-08-29 23:00:00,59.420746
2011-08-30 00:00:00,28.22936
2011-08-30 01:00:00,12.404051
2011-08-30 02:00:00,8.741623
2011-08-30 03:00:00,5.8915024
2011-08-30 04:00:00,6.41766
2011-08-30 05:00:00,20.311676
2011-08-30 06:00:00,75.03901
2011-08-30 07:00:00,203.89297
2011-08-30 08:00:00,275.9242
2011-08-30 09:00:00,135.4835
2011-08-30 10:00:00,85.000534
2011-08-30 11:00:00,105.846176
2011-08-30 12:00:00,139.41158
2011-08-30 13:00:00,135.99022
2011-08-30 14:00:00,120.184265
2011-08-30 15:00:00,121.58819
2011-08-30 16:00:00,175.87286
2011-08-30 17:00:00,295.92834
2011-08-30 18:00:00,272.74918
2011-08-30 19:00:00,211.41373
2011-08-30 20:00:00,165.90924
2011-08-30 21:00:00,118.916695
2011-08-30 22:00:00,93.40692
2011-08-30 23:00:00,61.47865
2011-08-31 00:00:00,28.023369
2011-08-31 01:00:00,12.678733
2011-08-31 02:00:00,7.895409
2011-08-31 03:00:00,5.514016
2011-08-31 04:00:00,5.205229
2011-08-31 05:00:00,19.05801
2011-08-31 06:00:00,72.97037
2011-08-31 07:00:00,195.0851
2011-08-31 08:00:00,267.0688
2011-08-31 09:00:00,129.52945
2011-08-31 10:00:00,81.88258
2011-08-31 11:00:00,103.18768
2011-08-31 12:00:00,129.30151
2011-08-31 13:00:00,133.02734
2011-08-31 14:00:00,115.80021
2011-08-31 15:00:00,119.07212
2011-08-31 16:00:00,166.96642
2011-08-31 17:00:00,281.84637
2011-08-31 18:00:00,262.1741
2011-08-31 19:00:00,200.3992
2011-08-31 20:00:00,160.47722
2011-08-31 21:00:00,131.65219
2011-08-31 22:00:00,86.84696
2011-08-31 23:00:00,58.667507
2011-09-20 00:00:00,47.55473
2011-09-20 01:00:00,36.572197
2011-09-20 02:00:00,34.96179
2011-09-20 03:00:00,29.880035
2011-09-20 04:00:00,26.4126
2011-09-20 05:00:00,38.628056
2011-09-20 06:00:00,106.68742
2011-09-20 07:00:00,268.2029
2011-09-20 08:00:00,226.70871
2011-09-20 09:00:00,138.49452
2011-09-20 10:00:00,104.45243
2011-09-20 11:00:00,104.55078
2011-09-20 12:00:00,102.00737
2011-09-20 13:00:00,98.71665
2011-09-20 14:00:00,109.5836
2011-09-20 15:00:00,148.62143
2011-09-20 16:00:00,181.036
2011-09-20 17:00:00,295.821
2011-09-20 18:00:00,285.64893
2011-09-20 19:00:00,229.84996
2011-09-20 20:00:00,174.92538
2011-09-20 21:00:00,143.06827
2011-09-20 22:00:00,124.039345
2011-09-20 23:00:00,92.56932
2011-09-21 00:00:00,56.58593
2011-09-21 01:00:00,43.098877
2011-09-21 02:00:00,39.840862
2011-09-21 03:00:00,33.793465
2011-09-21 04:00:00,30.71437
2011-09-21 05:00:00,38.898186
2011-09-21 06:00:00,97.183655
2011-09-21 07:00:00,242.05045
2011-09-21 08:00:00,363.56213
2011-09-21 09:00:00,148.1582
2011-09-21 10:00:00,101.39647
2011-09-21 11:00:00,114.49187
2011-09-21 12:00:00,148.1254
2011-09-21 13:00:00,159.341
2011-09-21 14:00:00,146.9131
2011-09-21 15:00:00,149.11804
2011-09-21 16:00:00,221.58339
2011-09-21 17:00:00,313.18884
2011-09-21 18:00:00,230.61026
2011-09-21 19:00:00,162.27097
2011-09-21 20:00:00,132.37688
2011-09-21 21:00:00,118.77702
2011-09-21 22:00:00,107.60272
2011-09-21 23:00:00,94.0607
2011-09-22 00:00:00,61.304695
2011-09-22 01:00:00,46.05104
2011-09-22 02:00:00,42.61306
2011-09-22 03:00:00,36.158913
2011-09-22 04:00:00,31.364109
2011-09-22 05:00:00,39.82372
2011-09-22 06:00:00,98.33687
2011-09-22 07:00:00,250.60243
2011-09-22 08:00:00,358.76126
2011-09-22 09:00:00,167.9451
2011-09-22 10:00:00,114.8241
2011-09-22 11:00:00,116.296684
2011-09-22 12:00:00,135.13057
2011-09-22 13:00:00,129.19118
2011-09-22 14:00:00,121.597626
2011-09-22 15:00:00,146.59042
2011-09-22 16:00:00,225.84227
2011-09-22 17:00:00,336.546
2011-09-22 18:00:00,256.9993
2011-09-22 19:00:00,196.38397
2011-09-22 20:00:00,138.14647
2011-09-22 21:00:00,135.66081
2011-09-22 22:00:00,111.372345
2011-09-22 23:00:00,92.86699
2011-09-23 00:00:00,65.02261
2011-09-23 01:00:00,48.706944
2011-09-23 02:00:00,44.421623
2011-09-23 03:00:00,36.122204
2011-09-23 04:00:00,37.263638
2011-09-23 05:00:00,38.615395
2011-09-23 06:00:00,93.68367
2011-09-23 07:00:00,155.07172
2011-09-23 08:00:00,259.50253
2011-09-23 09:00:00,146.79
2011-09-23 10:00:00,116.49394
2011-09-23 11:00:00,123.21799
2011-09-23 12:00:00,139.64383
2011-09-23 13:00:00,126.364655
2011-09-23 14:00:00,122.63529
2011-09-23 15:00:00,140.81094
2011-09-23 16:00:00,165.49442
2011-09-23 17:00:00,227.17653
2011-09-23 18:00:00,212.79446
2011-09-23 19:00:00,180.9036
2011-09-23 20:00:00,151.96722
2011-09-23 21:00:00,126.23903
2011-09-23 22:00:00,128.19673
2011-09-23 23:00:00,105.97093
2011-09-24 00:00:00,121.01694
2011-09-24 01:00:00,99.56702
2011-09-24 02:00:00,86.71054
2011-09-24 03:00:00,60.82341
2011-09-24 04:00:00,44.787804
2011-09-24 05:00:00,45.65804
2011-09-24 06:00:00,47.661575
2011-09-24 07:00:00,76.80694
2011-09-24 08:00:00,100.92177
2011-09-24 09:00:00,175.13086
2011-09-24 10:00:00,237.03772
2011-09-24 11:00:00,269.53763
2011-09-24 12:00:00,290.0445
2011-09-24 13:00:00,293.20038
2011-09-24 14:00:00,276.06967
2011-09-24 15:00:00,286.69598
2011-09-24 16:00:00,281.8678
2011-09-24 17:00:00,278.79346
2011-09-24 18:00:00,255.3924
2011-09-24 19:00:00,196.25363
2011-09-24 20:00:00,171.17877
2011-09-24 21:00:00,159.25397
2011-09-24 22:00:00,139.28546
2011-09-24 23:00:00,133.75006
2011-09-25 00:00:00,115.63237
2011-09-25 01:00:00,103.859726
2011-09-25 02:00:00,93.05725
2011-09-25 03:00:00,68.417984
2011-09-25 04:00:00,56.793854
2011-09-25 05:00:00,48.544556
2011-09-25 06:00:00,46.480988
2011-09-25 07:00:00,63.63023
2011-09-25 08:00:00,103.94004
2011-09-25 09:00:00,162.89575
2011-09-25 10:00:00,200.12369
2011-09-25 11:00:00,219.71234
2011-09-25 12:00:00,209.13127
2011-09-25 13:00:00,193.13437
2011-09-25 14:00:00,164.48337
2011-09-25 15:00:00,169.85942
2011-09-25 16:00:00,197.76668
2011-09-25 17:00:00,178.64491
2011-09-25 18:00:00,169.721
2011-09-25 19:00:00,115.82946
2011-09-25 20:00:00,106.42969
2011-09-25 21:00:00,87.36859
2011-09-25 22:00:00,83.638596
2011-09-25 23:00:00,62.819668
2011-09-26 00:00:00,30.404633
2011-09-26 01:00:00,20.631237
2011-09-26 02:00:00,17.037428
2011-09-26 03:00:00,12.913879
2011-09-26 04:00:00,13.536025
2011-09-26 05:00:00,26.340935
2011-09-26 06:00:00,77.8981
2011-09-26 07:00:00,170.52368
2011-09-26 08:00:00,232.89398
2011-09-26 09:00:00,134.12009
2011-09-26 10:00:00,83.68872
2011-09-26 11:00:00,101.23967
2011-09-26 12:00:00,119.95488
2011-09-26 13:00:00,128.25938
2011-09-26 14:00:00,130.37134
2011-09-26 15:00:00,140.73994
2011-09-26 16:00:00,187.60599
2011-09-26 17:00:00,291.28287
2011-09-26 18:00:00,198.37848
2011-09-26 19:00:00,185.2727
2011-09-26 20:00:00,126.13418
2011-09-26 21:00:00,103.15451
2011-09-26 22:00:00,76.71111
2011-09-26 23:00:00,53.875816
2011-09-27 00:00:00,32.970917
2011-09-27 01:00:00,19.481758
2011-09-27 02:00:00,15.90473
2011-09-27 03:00:00,12.0613985
2011-09-27 04:00:00,19.903824
2011-09-27 05:00:00,28.086409
2011-09-27 06:00:00,78.55754
2011-09-27 07:00:00,174.20369
2011-09-27 08:00:00,266.8357
2011-09-27 09:00:00,118.83574
2011-09-27 10:00:00,83.70303
2011-09-27 11:00:00,88.461624
2011-09-27 12:00:00,102.4684
2011-09-27 13:00:00,120.65433
2011-09-27 14:00:00,105.51226
2011-09-27 15:00:00,97.87575
2011-09-27 16:00:00,126.20204
2011-09-27 17:00:00,192.4273
2011-09-27 18:00:00,176.33908
2011-09-27 19:00:00,152.51514
2011-09-27 20:00:00,163.83685
2011-09-27 21:00:00,117.78721
2011-09-27 22:00:00,93.01532
2011-09-27 23:00:00,67.81804
2011-09-28 00:00:00,34.17433
2011-09-28 01:00:00,19.007221
2011-09-28 02:00:00,15.932291
2011-09-28 03:00:00,12.206757
2011-09-28 04:00:00,12.246132
2011-09-28 05:00:00,22.274618
2011-09-28 06:00:00,58.42236
2011-09-28 07:00:00,98.86524
2011-09-28 08:00:00,166.22855
2011-09-28 09:00:00,107.30933
2011-09-28 10:00:00,69.23249
2011-09-28 11:00:00,85.78754
2011-09-28 12:00:00,114.91062
2011-09-28 13:00:00,118.26742
2011-09-28 14:00:00,126.48205
2011-09-28 15:00:00,128.99428
2011-09-28 16:00:00,169.88165
2011-09-28 17:00:00,278.7524
2011-09-28 18:00:00,153.80933
2011-09-28 19:00:00,122.14168
2011-09-28 20:00:00,84.5397
2011-09-28 21:00:00,76.564545
2011-09-28 22:00:00,90.16516
2011-09-28 23:00:00,60.533237
2011-09-29 00:00:00,34.893173
2011-09-29 01:00:00,20.667068
2011-09-29 02:00:00,16.574873
2011-09-29 03:00:00,14.27545
2011-09-29 04:00:00,13.93007
2011-09-29 05:00:00,24.711002
2011-09-29 06:00:00,81.8795
2011-09-29 07:00:00,197.44406
2011-09-29 08:00:00,283.85168
2011-09-29 09:00:00,150.74277
2011-09-29 10:00:00,103.17143
2011-09-29 11:00:00,123.45764
2011-09-29 12:00:00,143.41374
2011-09-29 13:00:00,139.0105
2011-09-29 14:00:00,126.77176
2011-09-29 15:00:00,128.67378
2011-09-29 16:00:00,175.98518
2011-09-29 17:00:00,292.56586
2011-09-29 18:00:00,288.2069
2011-09-29 19:00:00,220.15099
2011-09-29 20:00:00,174.7591
2011-09-29 21:00:00,141.94872
2011-09-29 22:00:00,104.93385
2011-09-29 23:00:00,76.9973
2011-09-30 00:00:00,48.018414
2011-09-30 01:00:00,29.253899
2011-09-30 02:00:00,19.884884
2011-09-30 03:00:00,14.847389
2011-09-30 04:00:00,13.838394
2011-09-30 05:00:00,27.23931
2011-09-30 06:00:00,77.793236
2011-09-30 07:00:00,174.75928
2011-09-30 08:00:00,276.90704
2011-09-30 09:00:00,156.78177
2011-09-30 10:00:00,124.816826
2011-09-30 11:00:00,142.07904
2011-09-30 12:00:00,167.24246
2011-09-30 13:00:00,155.26204
2011-09-30 14:00:00,145.47528
2011-09-30 15:00:00,154.75584
2011-09-30 16:00:00,201.069
2011-09-30 17:00:00,290.33026
2011-09-30 18:00:00,246.4961
2011-09-30 19:00:00,170.68213
2011-09-30 20:00:00,144.6532
2011-09-30 21:00:00,130.86374
2011-09-30 22:00:00,106.48187
2011-09-30 23:00:00,96.46177
2011-10-20 00:00:00,41.60218
2011-10-20 01:00:00,33.915913
2011-10-20 02:00:00,29.163363
2011-10-20 03:00:00,24.19386
2011-10-20 04:00:00,22.462109
2011-10-20 05:00:00,38.082928
2011-10-20 06:00:00,99.64848
2011-10-20 07:00:00,241.71756
2011-10-20 08:00:00,362.7215
2011-10-20 09:00:00,165.61774
2011-10-20 10:00:00,120.41512
2011-10-20 11:00:00,135.91577
2011-10-20 12:00:00,161.99335
2011-10-20 13:00:00,147.51627
2011-10-20 14:00:00,134.47487
2011-10-20 15:00:00,138.41998
2011-10-20 16:00:00,184.32281
2011-10-20 17:00:00,328.6255
2011-10-20 18:00:00,292.90927
2011-10-20 19:00:00,217.3467
2011-10-20 20:00:00,158.5438
2011-10-20 21:00:00,139.8614
2011-10-20 22:00:00,115.55075
2011-10-20 23:00:00,93.08269
2011-10-21 00:00:00,59.5872
2011-10-21 01:00:00,43.058006
2011-10-21 02:00:00,33.40358
2011-10-21 03:00:00,24.98555
2011-10-21 04:00:00,21.322147
2011-10-21 05:00:00,33.440258
2011-10-21 06:00:00,86.8255
2011-10-21 07:00:00,214.366
2011-10-21 08:00:00,372.3233
2011-10-21 09:00:00,195.38858
2011-10-21 10:00:00,136.92046
2011-10-21 11:00:00,162.61852
2011-10-21 12:00:00,191.67072
2011-10-21 13:00:00,175.32399
2011-10-21 14:00:00,179.89441
2011-10-21 15:00:00,183.23642
2011-10-21 16:00:00,240.38942
2011-10-21 17:00:00,314.2384
2011-10-21 18:00:00,275.27722
2011-10-21 19:00:00,182.23535
2011-10-21 20:00:00,152.00429
2011-10-21 21:00:00,138.21814
2011-10-21 22:00:00,125.46889
2011-10-21 23:00:00,100.48605
2011-10-22 00:00:00,95.27193
2011-10-22 01:00:00,79.66678
2011-10-22 02:00:00,68.75681
2011-10-22 03:00:00,45.41487
2011-10-22 04:00:00,27.82866
2011-10-22 05:00:00,26.001915
2011-10-22 06:00:00,31.784916
2011-10-22 07:00:00,59.40463
2011-10-22 08:00:00,102.285095
2011-10-22 09:00:00,155.69125
2011-10-22 10:00:00,192.8816
2011-10-22 11:00:00,215.7363
2011-10-22 12:00:00,265.85486
2011-10-22 13:00:00,271.1031
2011-10-22 14:00:00,238.85431
2011-10-22 15:00:00,243.8733
2011-10-22 16:00:00,255.39542
2011-10-22 17:00:00,220.06339
2011-10-22 18:00:00,190.56342
2011-10-22 19:00:00,155.47112
2011-10-22 20:00:00,139.81702
2011-10-22 21:00:00,119.50755
2011-10-22 22:00:00,110.96971
2011-10-22 23:00:00,94.45929
2011-10-23 00:00:00,90.56174
2011-10-23 01:00:00,81.50792
2011-10-23 02:00:00,70.005844
2011-10-23 03:00:00,43.696022
2011-10-23 04:00:00,26.51682
2011-10-23 05:00:00,26.620125
2011-10-23 06:00:00,31.413208
2011-10-23 07:00:00,52.058853
2011-10-23 08:00:00,82.20337
2011-10-23 09:00:00,133.85214
2011-10-23 10:00:00,189.51477
2011-10-23 11:00:00,210.6012
2011-10-23 12:00:00,258.057
2011-10-23 13:00:00,255.33566
2011-10-23 14:00:00,245.68185
2011-10-23 15:00:00,244.04402
2011-10-23 16:00:00,245.34164
2011-10-23 17:00:00,215.25845
2011-10-23 18:00:00,190.06772
2011-10-23 19:00:00,145.8299
2011-10-23 20:00:00,132.18597
2011-10-23 21:00:00,112.33191
2011-10-23 22:00:00,96.93571
2011-10-23 23:00:00,76.48122
2011-10-24 00:00:00,48.64463
2011-10-24 01:00:00,36.206253
2011-10-24 02:00:00,30.675636
2011-10-24 03:00:00,25.870625
2011-10-24 04:00:00,21.816902
2011-10-24 05:00:00,33.80983
2011-10-24 06:00:00,98.17308
2011-10-24 07:00:00,205.23387
2011-10-24 08:00:00,339.6671
2011-10-24 09:00:00,179.08945
2011-10-24 10:00:00,113.473816
2011-10-24 11:00:00,129.66042
2011-10-24 12:00:00,162.92827
2011-10-24 13:00:00,159.61215
2011-10-24 14:00:00,149.2139
2011-10-24 15:00:00,164.90784
2011-10-24 16:00:00,217.16904
2011-10-24 17:00:00,364.42352
2011-10-24 18:00:00,344.09668
2011-10-24 19:00:00,153.32845
2011-10-24 20:00:00,161.28284
2011-10-24 21:00:00,130.33847
2011-10-24 22:00:00,113.6359
2011-10-24 23:00:00,78.94173
2011-10-25 00:00:00,51.08831
2011-10-25 01:00:00,35.57191
2011-10-25 02:00:00,31.341446
2011-10-25 03:00:00,23.121914
2011-10-25 04:00:00,21.636295
2011-10-25 05:00:00,36.3365
2011-10-25 06:00:00,99.63261
2011-10-25 07:00:00,244.20348
2011-10-25 08:00:00,381.92596
2011-10-25 09:00:00,192.05249
2011-10-25 10:00:00,122.048706
2011-10-25 11:00:00,138.29266
2011-10-25 12:00:00,171.10951
2011-10-25 13:00:00,168.55676
2011-10-25 14:00:00,157.74971
2011-10-25 15:00:00,169.29681
2011-10-25 16:00:00,241.20226
2011-10-25 17:00:00,404.82733
2011-10-25 18:00:00,362.3603
2011-10-25 19:00:00,232.3826
2011-10-25 20:00:00,178.22884
2011-10-25 21:00:00,149.21898
2011-10-25 22:00:00,104.79234
2011-10-25 23:00:00,65.64775
2011-10-26 00:00:00,32.23056
2011-10-26 01:00:00,12.603052
2011-10-26 02:00:00,7.2274942
2011-10-26 03:00:00,4.1246395
2011-10-26 04:00:00,4.1314473
2011-10-26 05:00:00,18.88373
2011-10-26 06:00:00,70.8722
2011-10-26 07:00:00,178.27081
2011-10-26 08:00:00,264.76428
2011-10-26 09:00:00,132.4635
2011-10-26 10:00:00,77.02946
2011-10-26 11:00:00,94.257164
2011-10-26 12:00:00,95.34681
2011-10-26 13:00:00,83.58023
2011-10-26 14:00:00,82.14854
2011-10-26 15:00:00,89.062965
2011-10-26 16:00:00,130.49655
2011-10-26 17:00:00,217.83813
2011-10-26 18:00:00,221.69171
2011-10-26 19:00:00,142.63351
2011-10-26 20:00:00,102.82779
2011-10-26 21:00:00,93.287704
2011-10-26 22:00:00,65.53727
2011-10-26 23:00:00,46.30983
2011-10-27 00:00:00,26.214207
2011-10-27 01:00:00,12.108842
2011-10-27 02:00:00,8.034794
2011-10-27 03:00:00,5.739728
2011-10-27 04:00:00,4.369543
2011-10-27 05:00:00,15.988531
2011-10-27 06:00:00,42.49119
2011-10-27 07:00:00,150.8077
2011-10-27 08:00:00,152.06946
2011-10-27 09:00:00,128.67102
2011-10-27 10:00:00,60.8234
2011-10-27 11:00:00,61.94786
2011-10-27 12:00:00,64.00912
2011-10-27 13:00:00,78.06279
2011-10-27 14:00:00,71.81094
2011-10-27 15:00:00,74.89165
2011-10-27 16:00:00,132.5344
2011-10-27 17:00:00,206.97128
2011-10-27 18:00:00,199.2308
2011-10-27 19:00:00,127.06126
2011-10-27 20:00:00,90.986145
2011-10-27 21:00:00,74.57733
2011-10-27 22:00:00,54.552464
2011-10-27 23:00:00,43.459938
2011-10-28 00:00:00,32.216103
2011-10-28 01:00:00,14.209321
2011-10-28 02:00:00,9.281849
2011-10-28 03:00:00,4.1221504
2011-10-28 04:00:00,4.952582
2011-10-28 05:00:00,15.858215
2011-10-28 06:00:00,58.97851
2011-10-28 07:00:00,138.50346
2011-10-28 08:00:00,263.55618
2011-10-28 09:00:00,134.33095
2011-10-28 10:00:00,85.6295
2011-10-28 11:00:00,96.89697
2011-10-28 12:00:00,119.54386
2011-10-28 13:00:00,111.97873
2011-10-28 14:00:00,97.332504
2011-10-28 15:00:00,105.3779
2011-10-28 16:00:00,137.04016
2011-10-28 17:00:00,220.91641
2011-10-28 18:00:00,191.33148
2011-10-28 19:00:00,130.95087
2011-10-28 20:00:00,57.30625
2011-10-28 21:00:00,42.049217
2011-10-28 22:00:00,26.81143
2011-10-28 23:00:00,21.28843
2011-10-29 00:00:00,37.101654
2011-10-29 01:00:00,29.85451
2011-10-29 02:00:00,24.611496
2011-10-29 03:00:00,7.765738
2011-10-29 04:00:00,3.2100353
2011-10-29 05:00:00,7.19141
2011-10-29 06:00:00,7.8154774
2011-10-29 07:00:00,20.828102
2011-10-29 08:00:00,40.227215
2011-10-29 09:00:00,54.553223
2011-10-29 10:00:00,63.23993
2011-10-29 11:00:00,72.42439
2011-10-29 12:00:00,71.6935
2011-10-29 13:00:00,62.61429
2011-10-29 14:00:00,73.80667
2011-10-29 15:00:00,78.45628
2011-10-29 16:00:00,72.44569
2011-10-29 17:00:00,56.756668
2011-10-29 18:00:00,49.999016
2011-10-29 19:00:00,62.093754
2011-10-29 20:00:00,57.568645
2011-10-29 21:00:00,48.08738
2011-10-29 22:00:00,44.776367
2011-10-29 23:00:00,39.076878
2011-10-30 00:00:00,50.54941
2011-10-30 01:00:00,42.53327
2011-10-30 02:00:00,32.09989
2011-10-30 03:00:00,12.753153
2011-10-30 04:00:00,4.0003533
2011-10-30 05:00:00,3.2205272
2011-10-30 06:00:00,6.070088
2011-10-30 07:00:00,20.987358
2011-10-30 08:00:00,41.584473
2011-10-30 09:00:00,74.378174
2011-10-30 10:00:00,116.806526
2011-10-30 11:00:00,136.79257
2011-10-30 12:00:00,162.91428
2011-10-30 13:00:00,169.5011
2011-10-30 14:00:00,174.30292
2011-10-30 15:00:00,174.71829
2011-10-30 16:00:00,174.5738
2011-10-30 17:00:00,142.09427
2011-10-30 18:00:00,113.10721
2011-10-30 19:00:00,124.97722
2011-10-30 20:00:00,75.60956
2011-10-30 21:00:00,56.287834
2011-10-30 22:00:00,46.574966
2011-10-30 23:00:00,31.447073
2011-10-31 00:00:00,16.294401
2011-10-31 01:00:00,7.651746
2011-10-31 02:00:00,4.4579096
2011-10-31 03:00:00,3.5404696
2011-10-31 04:00:00,3.695774
2011-10-31 05:00:00,16.026743
2011-10-31 06:00:00,59.214622
2011-10-31 07:00:00,163.40048
2011-10-31 08:00:00,258.1082
2011-10-31 09:00:00,120.62389
2011-10-31 10:00:00,73.65484
2011-10-31 11:00:00,87.19227
2011-10-31 12:00:00,113.40581
2011-10-31 13:00:00,108.668015
2011-10-31 14:00:00,95.19277
2011-10-31 15:00:00,111.15238
2011-10-31 16:00:00,148.70982
2011-10-31 17:00:00,279.0854
2011-10-31 18:00:00,240.50801
2011-10-31 19:00:00,162.08928
2011-10-31 20:00:00,118.52188
2011-10-31 21:00:00,74.80562
2011-10-31 22:00:00,59.203556
2011-10-31 23:00:00,38.032898
2011-11-20 00:00:00,89.2692
2011-11-20 01:00:00,80.27748
2011-11-20 02:00:00,70.7684
2011-11-20 03:00:00,45.537697
2011-11-20 04:00:00,27.31546
2011-11-20 05:00:00,27.290638
2011-11-20 06:00:00,33.057487
2011-11-20 07:00:00,56.905197
2011-11-20 08:00:00,81.578354
2011-11-20 09:00:00,139.27356
2011-11-20 10:00:00,180.22754
2011-11-20 11:00:00,228.41968
2011-11-20 12:00:00,249.75674
2011-11-20 13:00:00,238.1022
2011-11-20 14:00:00,232.46777
2011-11-20 15:00:00,209.04706
2011-11-20 16:00:00,215.43901
2011-11-20 17:00:00,185.61014
2011-11-20 18:00:00,172.25223
2011-11-20 19:00:00,150.22806
2011-11-20 20:00:00,142.39075
2011-11-20 21:00:00,117.33007
2011-11-20 22:00:00,77.41038
2011-11-20 23:00:00,69.7256
2011-11-21 00:00:00,49.762207
2011-11-21 01:00:00,42.79084
2011-11-21 02:00:00,40.318123
2011-11-21 03:00:00,32.354065
2011-11-21 04:00:00,29.018566
2011-11-21 05:00:00,32.61229
2011-11-21 06:00:00,87.383286
2011-11-21 07:00:00,209.96953
2011-11-21 08:00:00,340.46466
2011-11-21 09:00:00,163.58473
2011-11-21 10:00:00,108.906975
2011-11-21 11:00:00,116.109634
2011-11-21 12:00:00,153.51733
2011-11-21 13:00:00,150.03632
2011-11-21 14:00:00,126.392334
2011-11-21 15:00:00,94.3857
2011-11-21 16:00:00,119.79047
2011-11-21 17:00:00,153.29826
2011-11-21 18:00:00,167.78937
2011-11-21 19:00:00,138.4398
2011-11-21 20:00:00,115.89844
2011-11-21 21:00:00,101.358055
2011-11-21 22:00:00,82.80661
2011-11-21 23:00:00,65.747025
2011-11-22 00:00:00,45.14923
2011-11-22 01:00:00,37.944916
2011-11-22 02:00:00,35.616486
2011-11-22 03:00:00,29.680708
2011-11-22 04:00:00,27.348118
2011-11-22 05:00:00,34.929817
2011-11-22 06:00:00,86.746735
2011-11-22 07:00:00,112.592125
2011-11-22 08:00:00,201.301
2011-11-22 09:00:00,113.29814
2011-11-22 10:00:00,77.605865
2011-11-22 11:00:00,89.74605
2011-11-22 12:00:00,95.44809
2011-11-22 13:00:00,93.489365
2011-11-22 14:00:00,86.64516
2011-11-22 15:00:00,77.60762
2011-11-22 16:00:00,109.87205
2011-11-22 17:00:00,171.94713
2011-11-22 18:00:00,154.83621
2011-11-22 19:00:00,146.64723
2011-11-22 20:00:00,134.6424
2011-11-22 21:00:00,113.03565
2011-11-22 22:00:00,104.07471
2011-11-22 23:00:00,75.441696
2011-11-23 00:00:00,46.110138
2011-11-23 01:00:00,36.06978
2011-11-23 02:00:00,41.52147
2011-11-23 03:00:00,35.662575
2011-11-23 04:00:00,32.12094
2011-11-23 05:00:00,32.859188
2011-11-23 06:00:00,83.505356
2011-11-23 07:00:00,214.11621
2011-11-23 08:00:00,342.0174
2011-11-23 09:00:00,161.17163
2011-11-23 10:00:00,98.32765
2011-11-23 11:00:00,120.395996
2011-11-23 12:00:00,159.30771
2011-11-23 13:00:00,136.39076
2011-11-23 14:00:00,131.0711
2011-11-23 15:00:00,132.77274
2011-11-23 16:00:00,157.30862
2011-11-23 17:00:00,187.12096
2011-11-23 18:00:00,271.1891
2011-11-23 19:00:00,195.20758
2011-11-23 20:00:00,152.42783
2011-11-23 21:00:00,126.09717
2011-11-23 22:00:00,99.98723
2011-11-23 23:00:00,71.61977
2011-11-24 00:00:00,63.822258
2011-11-24 01:00:00,56.718597
2011-11-24 02:00:00,45.994568
2011-11-24 03:00:00,31.981422
2011-11-24 04:00:00,25.004932
2011-11-24 05:00:00,31.750515
2011-11-24 06:00:00,52.2186
2011-11-24 07:00:00,105.9915
2011-11-24 08:00:00,192.64114
2011-11-24 09:00:00,158.91122
2011-11-24 10:00:00,149.68732
2011-11-24 11:00:00,175.35776
2011-11-24 12:00:00,200.56067
2011-11-24 13:00:00,200.94458
2011-11-24 14:00:00,193.92612
2011-11-24 15:00:00,187.70895
2011-11-24 16:00:00,196.13705
2011-11-24 17:00:00,243.04977
2011-11-24 18:00:00,202.72025
2011-11-24 19:00:00,167.36617
2011-11-24 20:00:00,138.4783
2011-11-24 21:00:00,121.8243
2011-11-24 22:00:00,106.53026
2011-11-24 23:00:00,85.59146
2011-11-25 00:00:00,57.97744
2011-11-25 01:00:00,38.918137
2011-11-25 02:00:00,35.566727
2011-11-25 03:00:00,26.176624
2011-11-25 04:00:00,21.318602
2011-11-25 05:00:00,30.794113
2011-11-25 06:00:00,80.508224
2011-11-25 07:00:00,200.94025
2011-11-25 08:00:00,362.74036
2011-11-25 09:00:00,187.33527
2011-11-25 10:00:00,113.64062
2011-11-25 11:00:00,125.44559
2011-11-25 12:00:00,139.5646
2011-11-25 13:00:00,135.60915
2011-11-25 14:00:00,121.07259
2011-11-25 15:00:00,130.65463
2011-11-25 16:00:00,163.38467
2011-11-25 17:00:00,243.29103
2011-11-25 18:00:00,205.21869
2011-11-25 19:00:00,133.03662
2011-11-25 20:00:00,104.0663
2011-11-25 21:00:00,75.22737
2011-11-25 22:00:00,68.12875
2011-11-25 23:00:00,53.585632
2011-11-26 00:00:00,61.891502
2011-11-26 01:00:00,49.822197
2011-11-26 02:00:00,39.23224
2011-11-26 03:00:00,18.58207
2011-11-26 04:00:00,7.608199
2011-11-26 05:00:00,7.881252
2011-11-26 06:00:00,13.850717
2011-11-26 07:00:00,29.990547
2011-11-26 08:00:00,62.71402
2011-11-26 09:00:00,96.44728
2011-11-26 10:00:00,119.22778
2011-11-26 11:00:00,147.01422
2011-11-26 12:00:00,176.8038
2011-11-26 13:00:00,192.69229
2011-11-26 14:00:00,171.99927
2011-11-26 15:00:00,181.86676
2011-11-26 16:00:00,158.18286
2011-11-26 17:00:00,137.19566
2011-11-26 18:00:00,121.75272
2011-11-26 19:00:00,100.83473
2011-11-26 20:00:00,85.83978
2011-11-26 21:00:00,64.8136
2011-11-26 22:00:00,64.341965
2011-11-26 23:00:00,50.743774
2011-11-27 00:00:00,62.434742
2011-11-27 01:00:00,55.227478
2011-11-27 02:00:00,43.802956
2011-11-27 03:00:00,21.849361
2011-11-27 04:00:00,7.812742
2011-11-27 05:00:00,6.9859633
2011-11-27 06:00:00,12.83733
2011-11-27 07:00:00,25.579784
2011-11-27 08:00:00,51.858818
2011-11-27 09:00:00,88.780136
2011-11-27 10:00:00,124.55868
2011-11-27 11:00:00,154.76843
2011-11-27 12:00:00,187.55547
2011-11-27 13:00:00,183.45914
2011-11-27 14:00:00,186.54565
2011-11-27 15:00:00,183.60442
2011-11-27 16:00:00,175.80771
2011-11-27 17:00:00,146.7685
2011-11-27 18:00:00,123.12837
2011-11-27 19:00:00,96.13184
2011-11-27 20:00:00,88.19719
2011-11-27 21:00:00,61.28908
2011-11-27 22:00:00,55.38853
2011-11-27 23:00:00,39.458298
2011-11-28 00:00:00,26.657497
2011-11-28 01:00:00,12.169223
2011-11-28 03:00:00,6.127219
2011-11-28 04:00:00,7.626351
2011-11-28 05:00:00,18.71597
2011-11-28 06:00:00,69.75177
2011-11-28 07:00:00,177.14236
2011-11-28 08:00:00,244.67938
2011-11-28 09:00:00,114.882645
2011-11-28 10:00:00,75.73906
2011-11-28 11:00:00,89.52644
2011-11-28 12:00:00,123.68675
2011-11-28 13:00:00,116.62436
2011-11-28 14:00:00,113.83926
2011-11-28 15:00:00,116.488335
2011-11-28 16:00:00,154.30215
2011-11-28 17:00:00,272.77618
2011-11-28 18:00:00,242.1268
2011-11-28 19:00:00,152.30006
2011-11-28 20:00:00,117.77159
2011-11-28 21:00:00,91.54199
2011-11-28 22:00:00,66.343315
2011-11-28 23:00:00,43.317566
2011-11-29 00:00:00,24.895325
2011-11-29 01:00:00,12.1574
2011-11-29 02:00:00,8.181383
2011-11-29 03:00:00,5.761133
2011-11-29 04:00:00,4.94938
2011-11-29 05:00:00,21.328888
2011-11-29 06:00:00,69.606064
2011-11-29 07:00:00,183.17184
2011-11-29 08:00:00,258.97345
2011-11-29 09:00:00,85.91844
2011-11-29 10:00:00,59.090477
2011-11-29 11:00:00,57.73769
2011-11-29 12:00:00,55.23613
2011-11-29 13:00:00,50.47383
2011-11-29 14:00:00,48.2798
2011-11-29 15:00:00,45.451378
2011-11-29 16:00:00,60.862713
2011-11-29 17:00:00,134.61691
2011-11-29 18:00:00,150.18912
2011-11-29 19:00:00,107.303894
2011-11-29 20:00:00,82.73938
2011-11-29 21:00:00,66.077034
2011-11-29 22:00:00,58.646523
2011-11-29 23:00:00,35.732643
2011-11-30 00:00:00,22.800146
2011-11-30 01:00:00,9.373121
2011-11-30 02:00:00,5.3292623
2011-11-30 03:00:00,3.588913
2011-11-30 04:00:00,3.6366978
2011-11-30 05:00:00,16.238104
2011-11-30 06:00:00,59.03015
2011-11-30 07:00:00,161.03296
2011-11-30 08:00:00,269.18872
2011-11-30 09:00:00,120.634735
2011-11-30 10:00:00,70.94543
2011-11-30 11:00:00,79.35678
2011-11-30 12:00:00,91.57155
2011-11-30 13:00:00,88.290764
2011-11-30 14:00:00,75.3835
2011-11-30 15:00:00,86.148224
2011-11-30 16:00:00,111.57907
2011-11-30 17:00:00,191.25757
2011-11-30 18:00:00,183.96156
2011-11-30 19:00:00,122.934616
2011-11-30 20:00:00,91.06938
2011-11-30 21:00:00,71.90091
2011-11-30 22:00:00,59.93253
2011-11-30 23:00:00,38.45455
2011-12-20 00:00:00,39.469803
2011-12-20 01:00:00,28.112087
2011-12-20 02:00:00,27.530624
2011-12-20 03:00:00,21.627756
2011-12-20 04:00:00,20.369253
2011-12-20 05:00:00,32.106834
2011-12-20 06:00:00,91.3896
2011-12-20 07:00:00,239.20871
2011-12-20 08:00:00,416.63763
2011-12-20 09:00:00,186.00104
2011-12-20 10:00:00,114.38161
2011-12-20 11:00:00,125.947426
2011-12-20 12:00:00,157.30795
2011-12-20 13:00:00,154.3786
2011-12-20 14:00:00,139.06656
2011-12-20 15:00:00,141.50961
2011-12-20 16:00:00,193.32477
2011-12-20 17:00:00,340.52502
2011-12-20 18:00:00,306.39496
2011-12-20 19:00:00,214.22441
2011-12-20 20:00:00,167.10217
2011-12-20 21:00:00,143.66826
2011-12-20 22:00:00,105.19527
2011-12-20 23:00:00,81.94397
2011-12-21 00:00:00,57.45825
2011-12-21 01:00:00,43.637764
2011-12-21 02:00:00,37.851925
2011-12-21 03:00:00,29.117672
2011-12-21 04:00:00,23.12259
2011-12-21 05:00:00,37.452293
2011-12-21 06:00:00,89.29085
2011-12-21 07:00:00,227.70615
2011-12-21 08:00:00,227.19475
2011-12-21 09:00:00,179.53229
2011-12-21 10:00:00,118.488884
2011-12-21 11:00:00,124.963005
2011-12-21 12:00:00,102.52704
2011-12-21 13:00:00,87.92125
2011-12-21 14:00:00,115.28035
2011-12-21 15:00:00,119.47702
2011-12-21 16:00:00,99.99118
2011-12-21 17:00:00,128.73349
2011-12-21 18:00:00,170.5017
2011-12-21 19:00:00,150.69339
2011-12-21 20:00:00,136.67874
2011-12-21 21:00:00,137.68068
2011-12-21 22:00:00,117.244804
2011-12-21 23:00:00,84.41766
2011-12-22 00:00:00,58.45517
2011-12-22 01:00:00,43.01663
2011-12-22 02:00:00,39.616234
2011-12-22 03:00:00,30.781578
2011-12-22 04:00:00,26.833351
2011-12-22 05:00:00,37.76792
2011-12-22 06:00:00,92.49261
2011-12-22 07:00:00,233.89822
2011-12-22 08:00:00,412.68658
2011-12-22 09:00:00,196.39807
2011-12-22 10:00:00,113.56373
2011-12-22 11:00:00,119.69323
2011-12-22 12:00:00,157.33356
2011-12-22 13:00:00,146.78491
2011-12-22 14:00:00,132.19339
2011-12-22 15:00:00,143.75633
2011-12-22 16:00:00,183.13329
2011-12-22 17:00:00,324.9303
2011-12-22 18:00:00,323.01935
2011-12-22 19:00:00,224.16216
2011-12-22 20:00:00,122.98419
2011-12-22 21:00:00,99.98688
2011-12-22 22:00:00,86.02018
2011-12-22 23:00:00,73.6137
2011-12-23 00:00:00,61.93411
2011-12-23 01:00:00,49.491837
2011-12-23 02:00:00,45.631733
2011-12-23 03:00:00,37.18048
2011-12-23 04:00:00,33.42552
2011-12-23 05:00:00,36.29364
2011-12-23 06:00:00,91.649086
2011-12-23 07:00:00,220.35318
2011-12-23 08:00:00,407.8449
2011-12-23 09:00:00,206.61334
2011-12-23 10:00:00,133.35942
2011-12-23 11:00:00,146.10294
2011-12-23 12:00:00,167.28757
2011-12-23 13:00:00,161.42569
2011-12-23 14:00:00,155.60495
2011-12-23 15:00:00,162.68784
2011-12-23 16:00:00,193.25189
2011-12-23 17:00:00,307.99768
2011-12-23 18:00:00,259.52115
2011-12-23 19:00:00,189.9837
2011-12-23 20:00:00,141.59076
2011-12-23 21:00:00,123.47443
2011-12-23 22:00:00,110.2401
2011-12-23 23:00:00,94.96059
2011-12-24 00:00:00,86.83333
2011-12-24 01:00:00,77.79283
2011-12-24 02:00:00,69.13107
2011-12-24 03:00:00,48.849007
2011-12-24 04:00:00,32.438465
2011-12-24 05:00:00,32.785206
2011-12-24 06:00:00,34.516296
2011-12-24 07:00:00,54.56939
2011-12-24 08:00:00,86.987404
2011-12-24 09:00:00,132.14693
2011-12-24 10:00:00,166.3794
2011-12-24 11:00:00,199.8017
2011-12-24 12:00:00,239.38593
2011-12-24 13:00:00,230.51491
2011-12-24 14:00:00,220.31647
2011-12-24 15:00:00,216.34212
2011-12-24 16:00:00,205.73962
2011-12-24 17:00:00,166.07758
2011-12-24 18:00:00,165.02975
2011-12-24 19:00:00,152.8242
2011-12-24 20:00:00,117.7506
2011-12-24 21:00:00,102.009636
2011-12-24 22:00:00,98.92584
2011-12-24 23:00:00,86.50075
2011-12-25 00:00:00,84.111176
2011-12-25 01:00:00,75.386566
2011-12-25 02:00:00,71.21833
2011-12-25 03:00:00,46.047646
2011-12-25 05:00:00,29.566574
2011-12-25 06:00:00,29.877121
2011-12-25 07:00:00,39.939995
2011-12-25 08:00:00,65.78015
2011-12-25 09:00:00,110.89924
2011-12-25 10:00:00,151.6541
2011-12-25 11:00:00,192.21982
2011-12-25 12:00:00,194.41177
2011-12-25 13:00:00,209.23795
2011-12-25 14:00:00,204.68153
2011-12-25 15:00:00,208.52417
2011-12-25 16:00:00,210.24806
2011-12-25 17:00:00,175.62328
2011-12-25 18:00:00,153.71457
2011-12-25 19:00:00,145.32257
2011-12-25 20:00:00,116.76332
2011-12-25 21:00:00,97.56572
2011-12-25 22:00:00,78.63856
2011-12-25 23:00:00,53.579323
2011-12-26 00:00:00,43.09306
2011-12-26 01:00:00,30.950783
2011-12-26 02:00:00,21.110401
2011-12-26 04:00:00,12.616576
2011-12-26 05:00:00,21.836319
2011-12-26 06:00:00,29.117378
2011-12-26 07:00:00,69.5668
2011-12-26 08:00:00,125.55324
2011-12-26 09:00:00,118.55423
2011-12-26 10:00:00,120.321655
2011-12-26 11:00:00,121.89634
2011-12-26 12:00:00,146.81808
2011-12-26 13:00:00,149.40799
2011-12-26 14:00:00,141.10394
2011-12-26 15:00:00,138.47571
2011-12-26 16:00:00,138.02696
2011-12-26 17:00:00,149.20593
2011-12-26 18:00:00,145.94498
2011-12-26 19:00:00,121.51997
2011-12-26 20:00:00,99.94083
2011-12-26 21:00:00,75.50891
2011-12-26 22:00:00,63.099552
2011-12-26 23:00:00,43.07132
2011-12-27 00:00:00,23.765533
2011-12-27 01:00:00,15.459742
2011-12-27 02:00:00,12.37672
2011-12-27 03:00:00,12.235947
2011-12-27 04:00:00,12.303801
2011-12-27 05:00:00,24.47655
2011-12-27 06:00:00,73.23433
2011-12-27 07:00:00,185.7738
2011-12-27 08:00:00,336.25854
2011-12-27 09:00:00,93.24874
2011-12-27 10:00:00,85.29851
2011-12-27 11:00:00,61.316242
2011-12-27 12:00:00,64.164986
2011-12-27 13:00:00,64.31882
2011-12-27 14:00:00,60.046604
2011-12-27 15:00:00,62.038372
2011-12-27 16:00:00,74.36557
2011-12-27 17:00:00,132.96207
2011-12-27 18:00:00,156.49695
2011-12-27 19:00:00,130.35918
2011-12-27 20:00:00,111.6594
2011-12-27 21:00:00,92.365524
2011-12-27 22:00:00,78.85933
2011-12-27 23:00:00,49.340324
2011-12-28 00:00:00,27.862976
2011-12-28 01:00:00,17.375557
2011-12-28 02:00:00,14.098736
2011-12-28 03:00:00,11.809048
2011-12-28 05:00:00,26.18981
2011-12-28 06:00:00,74.573105
2011-12-28 07:00:00,193.6472
2011-12-28 08:00:00,349.75977
2011-12-28 09:00:00,162.37152
2011-12-28 10:00:00,88.25533
2011-12-28 11:00:00,93.74901
2011-12-28 12:00:00,108.08182
2011-12-28 13:00:00,103.37081
2011-12-28 14:00:00,94.88187
2011-12-28 15:00:00,101.03482
2011-12-28 16:00:00,129.69012
2011-12-28 17:00:00,233.39282
2011-12-28 18:00:00,220.31702
2011-12-28 19:00:00,157.48099
2011-12-28 20:00:00,122.02646
2011-12-28 21:00:00,88.82866
2011-12-28 22:00:00,71.84728
2011-12-28 23:00:00,48.111362
2011-12-29 00:00:00,23.494411
2011-12-29 01:00:00,13.900455
2011-12-29 02:00:00,10.98427
2011-12-29 03:00:00,10.033738
2011-12-29 04:00:00,10.226436
2011-12-29 05:00:00,20.342491
2011-12-29 06:00:00,65.82837
2011-12-29 07:00:00,165.06586
2011-12-29 08:00:00,319.6958
2011-12-29 09:00:00,146.81482
2011-12-29 10:00:00,79.153625
2011-12-29 11:00:00,85.480225
2011-12-29 12:00:00,101.97183
2011-12-29 13:00:00,103.17128
2011-12-29 14:00:00,91.95143
2011-12-29 15:00:00,102.14224
2011-12-29 16:00:00,133.99097
2011-12-29 17:00:00,229.1077
2011-12-29 18:00:00,217.99442
2011-12-29 19:00:00,160.71776
2011-12-29 20:00:00,123.760056
2011-12-29 21:00:00,95.64029
2011-12-29 22:00:00,81.16683
2011-12-29 23:00:00,63.833008
2011-12-30 00:00:00,34.782593
2011-12-30 01:00:00,19.948574
2011-12-30 02:00:00,15.033976
2011-12-30 03:00:00,10.550594
2011-12-30 04:00:00,9.94018
2011-12-30 05:00:00,19.427994
2011-12-30 06:00:00,63.53505
2011-12-30 07:00:00,149.43065
2011-12-30 08:00:00,294.61383
2011-12-30 09:00:00,153.96713
2011-12-30 10:00:00,91.34558
2011-12-30 11:00:00,105.92309
2011-12-30 12:00:00,134.11578
2011-12-30 13:00:00,128.93091
2011-12-30 14:00:00,119.38718
2011-12-30 15:00:00,133.7696
2011-12-30 16:00:00,166.69067
2011-12-30 17:00:00,244.95815
2011-12-30 18:00:00,207.31702
2011-12-30 19:00:00,128.15591
2011-12-30 20:00:00,112.27317
2011-12-30 21:00:00,93.75186
2011-12-30 22:00:00,81.3127
2011-12-30 23:00:00,65.499954
2011-12-31 00:00:00,68.02268
2011-12-31 01:00:00,58.255405
2011-12-31 02:00:00,49.186516
2011-12-31 03:00:00,28.293844
2011-12-31 04:00:00,16.703617
2011-12-31 05:00:00,17.207115
2011-12-31 06:00:00,23.12017
2011-12-31 07:00:00,28.78444
2011-12-31 08:00:00,76.22401
2011-12-31 09:00:00,118.81235
2011-12-31 10:00:00,149.17114
2011-12-31 11:00:00,176.07254
2011-12-31 12:00:00,253.4276
2011-12-31 13:00:00,232.75104
2011-12-31 14:00:00,198.64194
2011-12-31 15:00:00,191.74057
2011-12-31 16:00:00,183.17627
2011-12-31 17:00:00,154.06052
2011-12-31 18:00:00,153.2699
2011-12-31 19:00:00,128.70929
2011-12-31 20:00:00,112.59627
2011-12-31 21:00:00,91.321205
2011-12-31 22:00:00,85.968254
2011-12-31 23:00:00,70.87968
2012-01-20 00:00:00,34.57135
2012-01-20 01:00:00,28.336645
2012-01-20 02:00:00,27.99189
2012-01-20 03:00:00,20.427116
2012-01-20 04:00:00,16.698444
2012-01-20 05:00:00,27.227493
2012-01-20 06:00:00,79.01657
2012-01-20 07:00:00,176.59625
2012-01-20 08:00:00,394.81668
2012-01-20 09:00:00,192.65079
2012-01-20 10:00:00,107.99685
2012-01-20 11:00:00,116.28948
2012-01-20 12:00:00,141.96896
2012-01-20 13:00:00,149.1276
2012-01-20 14:00:00,134.36865
2012-01-20 15:00:00,144.07153
2012-01-20 16:00:00,174.40169
2012-01-20 17:00:00,292.28558
2012-01-20 18:00:00,256.4232
2012-01-20 19:00:00,177.58783
2012-01-20 20:00:00,139.52448
2012-01-20 21:00:00,105.7565
2012-01-20 22:00:00,92.34663
2012-01-20 23:00:00,66.92952
2012-01-21 00:00:00,62.04976
2012-01-21 01:00:00,63.432728
2012-01-21 02:00:00,59.326355
2012-01-21 03:00:00,46.552414
2012-01-21 04:00:00,31.294395
2012-01-21 05:00:00,31.580006
2012-01-21 06:00:00,35.267162
2012-01-21 07:00:00,51.72406
2012-01-21 08:00:00,82.3171
2012-01-21 09:00:00,113.66563
2012-01-21 10:00:00,122.70947
2012-01-21 11:00:00,167.28754
2012-01-21 12:00:00,197.21957
2012-01-21 13:00:00,177.9127
2012-01-21 14:00:00,134.89478
2012-01-21 15:00:00,134.78941
2012-01-21 16:00:00,159.30383
2012-01-21 17:00:00,141.88889
2012-01-21 18:00:00,138.94376
2012-01-21 19:00:00,118.69467
2012-01-21 20:00:00,102.2191
2012-01-21 21:00:00,90.75806
2012-01-21 22:00:00,83.90505
2012-01-21 23:00:00,77.72125
2012-01-22 00:00:00,77.8115
2012-01-22 01:00:00,67.39518
2012-01-22 02:00:00,63.746002
2012-01-22 03:00:00,43.554535
2012-01-22 04:00:00,27.805363
2012-01-22 05:00:00,28.89524
2012-01-22 06:00:00,28.731853
2012-01-22 07:00:00,37.715477
2012-01-22 08:00:00,63.43066
2012-01-22 09:00:00,98.56101
2012-01-22 10:00:00,136.52914
2012-01-22 11:00:00,119.95459
2012-01-22 12:00:00,172.53763
2012-01-22 13:00:00,180.75365
2012-01-22 14:00:00,164.33644
2012-01-22 15:00:00,164.73767
2012-01-22 16:00:00,159.03752
2012-01-22 17:00:00,139.16891
2012-01-22 18:00:00,114.31724
2012-01-22 19:00:00,107.51346
2012-01-22 20:00:00,92.69435
2012-01-22 21:00:00,85.677124
2012-01-22 22:00:00,86.042786
2012-01-22 23:00:00,68.693375
2012-01-23 00:00:00,41.371544
2012-01-23 01:00:00,33.387966
2012-01-23 02:00:00,31.581408
2012-01-23 03:00:00,24.108456
2012-01-23 04:00:00,18.665878
2012-01-23 05:00:00,27.617777
2012-01-23 06:00:00,72.20412
2012-01-23 07:00:00,114.519394
2012-01-23 08:00:00,231.97523
2012-01-23 09:00:00,168.62433
2012-01-23 10:00:00,90.13866
2012-01-23 11:00:00,89.92206
2012-01-23 12:00:00,102.47215
2012-01-23 13:00:00,84.074524
2012-01-23 14:00:00,75.38213
2012-01-23 15:00:00,92.59187
2012-01-23 16:00:00,124.50227
2012-01-23 17:00:00,185.00662
2012-01-23 18:00:00,184.96509
2012-01-23 19:00:00,156.57611
2012-01-23 20:00:00,125.12797
2012-01-23 21:00:00,97.49266
2012-01-23 22:00:00,76.72943
2012-01-23 23:00:00,53.92575
2012-01-24 00:00:00,41.983505
2012-01-24 01:00:00,33.05327
2012-01-24 02:00:00,31.82499
2012-01-24 03:00:00,23.552357
2012-01-24 04:00:00,20.480074
2012-01-24 05:00:00,29.829128
2012-01-24 06:00:00,79.71063
2012-01-24 07:00:00,203.89828
2012-01-24 08:00:00,395.55997
2012-01-24 09:00:00,187.35254
2012-01-24 10:00:00,105.70296
2012-01-24 11:00:00,103.58515
2012-01-24 12:00:00,117.81854
2012-01-24 13:00:00,113.75584
2012-01-24 14:00:00,105.70027
2012-01-24 15:00:00,133.31726
2012-01-24 16:00:00,181.67453
2012-01-24 17:00:00,336.66058
2012-01-24 18:00:00,330.07916
2012-01-24 19:00:00,253.5909
2012-01-24 20:00:00,156.93689
2012-01-24 21:00:00,135.58894
2012-01-24 22:00:00,97.8572
2012-01-24 23:00:00,66.94709
2012-01-25 00:00:00,45.137794
2012-01-25 01:00:00,37.494328
2012-01-25 02:00:00,34.242207
2012-01-25 03:00:00,26.051556
2012-01-25 04:00:00,20.20778
2012-01-25 05:00:00,30.343868
2012-01-25 06:00:00,84.07672
2012-01-25 07:00:00,214.05876
2012-01-25 08:00:00,416.62207
2012-01-25 09:00:00,185.47134
2012-01-25 10:00:00,97.57123
2012-01-25 11:00:00,100.60903
2012-01-25 12:00:00,142.58734
2012-01-25 13:00:00,139.82504
2012-01-25 14:00:00,123.48285
2012-01-25 15:00:00,138.75778
2012-01-25 16:00:00,176.38184
2012-01-25 17:00:00,330.26382
2012-01-25 18:00:00,308.94934
2012-01-25 19:00:00,210.63855
2012-01-25 20:00:00,161.52393
2012-01-25 21:00:00,133.36096
2012-01-25 22:00:00,98.05313
2012-01-25 23:00:00,51.16629
2012-01-26 00:00:00,21.252468
2012-01-26 01:00:00,8.879505
2012-01-26 02:00:00,6.142335
2012-01-26 03:00:00,3.9236758
2012-01-26 04:00:00,3.2648149
2012-01-26 05:00:00,15.423088
2012-01-26 06:00:00,60.19606
2012-01-26 07:00:00,146.52414
2012-01-26 08:00:00,279.9754
2012-01-26 09:00:00,138.85968
2012-01-26 10:00:00,66.64084
2012-01-26 11:00:00,66.106064
2012-01-26 12:00:00,85.50786
2012-01-26 13:00:00,89.97067
2012-01-26 14:00:00,80.04736
2012-01-26 15:00:00,90.082886
2012-01-26 16:00:00,115.39457
2012-01-26 17:00:00,216.72322
2012-01-26 18:00:00,215.10153
2012-01-26 19:00:00,143.65863
2012-01-26 20:00:00,97.54309
2012-01-26 21:00:00,88.58255
2012-01-26 22:00:00,65.876785
2012-01-26 23:00:00,50.98515
2012-01-27 00:00:00,29.305843
2012-01-27 01:00:00,14.652748
2012-01-27 02:00:00,11.940655
2012-01-27 03:00:00,4.7456813
2012-01-27 04:00:00,3.474679
2012-01-27 05:00:00,14.152407
2012-01-27 06:00:00,53.16455
2012-01-27 07:00:00,106.81595
2012-01-27 08:00:00,145.33762
2012-01-27 09:00:00,76.8587
2012-01-27 10:00:00,51.77365
2012-01-27 11:00:00,80.45353
2012-01-27 12:00:00,105.63373
2012-01-27 13:00:00,121.565765
2012-01-27 14:00:00,104.695816
2012-01-27 15:00:00,111.38839
2012-01-27 16:00:00,128.39957
2012-01-27 17:00:00,194.9274
2012-01-27 18:00:00,178.6246
2012-01-27 19:00:00,118.30934
2012-01-27 20:00:00,89.08412
2012-01-27 21:00:00,64.85089
2012-01-27 22:00:00,60.654926
2012-01-27 23:00:00,45.801533
2012-01-28 00:00:00,48.28688
2012-01-28 01:00:00,41.893837
2012-01-28 02:00:00,32.274902
2012-01-28 03:00:00,16.831543
2012-01-28 04:00:00,6.2380066
2012-01-28 05:00:00,6.235693
2012-01-28 06:00:00,7.6860166
2012-01-28 07:00:00,24.024517
2012-01-28 08:00:00,56.186615
2012-01-28 09:00:00,79.71549
2012-01-28 10:00:00,103.31175
2012-01-28 11:00:00,132.39255
2012-01-28 12:00:00,129.34608
2012-01-28 13:00:00,142.83942
2012-01-28 14:00:00,142.8597
2012-01-28 15:00:00,152.90097
2012-01-28 16:00:00,160.1926
2012-01-28 17:00:00,134.45918
2012-01-28 18:00:00,123.37128
2012-01-28 19:00:00,87.729645
2012-01-28 20:00:00,78.92348
2012-01-28 21:00:00,61.528515
2012-01-28 22:00:00,61.009075
2012-01-28 23:00:00,50.15352
2012-01-29 00:00:00,49.354073
2012-01-29 01:00:00,38.373955
2012-01-29 02:00:00,28.92278
2012-01-29 03:00:00,15.635906
2012-01-29 04:00:00,3.395245
2012-01-29 05:00:00,4.703063
2012-01-29 06:00:00,5.254095
2012-01-29 07:00:00,17.86899
2012-01-29 08:00:00,36.80792
2012-01-29 09:00:00,59.838314
2012-01-29 10:00:00,101.63146
2012-01-29 11:00:00,107.84717
2012-01-29 12:00:00,139.44284
2012-01-29 13:00:00,137.50073
2012-01-29 14:00:00,134.0773
2012-01-29 15:00:00,142.50076
2012-01-29 16:00:00,126.599556
2012-01-29 17:00:00,105.609985
2012-01-29 18:00:00,86.06799
2012-01-29 19:00:00,71.57839
2012-01-29 20:00:00,58.81172
2012-01-29 21:00:00,47.702374
2012-01-29 22:00:00,39.83622
2012-01-29 23:00:00,28.350185
2012-01-30 00:00:00,19.660393
2012-01-30 01:00:00,5.212582
2012-01-30 02:00:00,4.654438
2012-01-30 03:00:00,2.7141805
2012-01-30 04:00:00,2.8342447
2012-01-30 05:00:00,12.547701
2012-01-30 06:00:00,54.251427
2012-01-30 07:00:00,135.99094
2012-01-30 08:00:00,268.19287
2012-01-30 09:00:00,122.27361
2012-01-30 10:00:00,65.09495
2012-01-30 11:00:00,71.211494
2012-01-30 12:00:00,87.01149
2012-01-30 13:00:00,86.620094
2012-01-30 14:00:00,81.46164
2012-01-30 15:00:00,87.98956
2012-01-30 16:00:00,116.76236
2012-01-30 17:00:00,236.61626
2012-01-30 18:00:00,231.89151
2012-01-30 19:00:00,148.17366
2012-01-30 20:00:00,110.56015
2012-01-30 21:00:00,80.487885
2012-01-30 22:00:00,52.357346
2012-01-30 23:00:00,30.00957
2012-01-31 00:00:00,14.443322
2012-01-31 01:00:00,6.440188
2012-01-31 02:00:00,5.9946184
2012-01-31 03:00:00,3.813475
2012-01-31 04:00:00,3.334834
2012-01-31 05:00:00,15.646031
2012-01-31 06:00:00,60.253075
2012-01-31 07:00:00,153.37708
2012-01-31 08:00:00,294.05536
2012-01-31 09:00:00,132.87671
2012-01-31 10:00:00,67.91092
2012-01-31 11:00:00,75.19838
2012-01-31 12:00:00,97.70394
2012-01-31 13:00:00,108.302216
2012-01-31 14:00:00,98.52417
2012-01-31 15:00:00,96.12149
2012-01-31 16:00:00,136.19876
2012-01-31 17:00:00,261.87277
2012-01-31 18:00:00,242.94748
2012-01-31 19:00:00,174.63947
2012-01-31 20:00:00,118.18015
2012-01-31 21:00:00,96.77042
2012-01-31 22:00:00,67.225586
2012-01-31 23:00:00,49.80287
2012-02-20 00:00:00,46.265007
2012-02-20 01:00:00,40.222103
2012-02-20 02:00:00,33.762703
2012-02-20 03:00:00,25.198318
2012-02-20 05:00:00,22.12939
2012-02-20 06:00:00,28.715034
2012-02-20 07:00:00,70.08929
2012-02-20 08:00:00,145.24109
2012-02-20 09:00:00,118.284874
2012-02-20 10:00:00,115.55
2012-02-20 11:00:00,125.55618
2012-02-20 12:00:00,133.17216
2012-02-20 13:00:00,137.29434
2012-02-20 14:00:00,130.12363
2012-02-20 15:00:00,132.45145
2012-02-20 16:00:00,150.66779
2012-02-20 17:00:00,178.48557
2012-02-20 18:00:00,157.0108
2012-02-20 19:00:00,124.76309
2012-02-20 20:00:00,104.38283
2012-02-20 21:00:00,80.820526
2012-02-20 22:00:00,69.05614
2012-02-20 23:00:00,43.314453
2012-02-21 00:00:00,22.562027
2012-02-21 01:00:00,14.359745
2012-02-21 02:00:00,12.449198
2012-02-21 04:00:00,9.472079
2012-02-21 05:00:00,21.171947
2012-02-21 06:00:00,72.12259
2012-02-21 07:00:00,201.32303
2012-02-21 08:00:00,367.28473
2012-02-21 09:00:00,179.9436
2012-02-21 10:00:00,84.953064
2012-02-21 11:00:00,84.51917
2012-02-21 12:00:00,112.66181
2012-02-21 13:00:00,119.834625
2012-02-21 14:00:00,97.572876
2012-02-21 15:00:00,114.880264
2012-02-21 16:00:00,145.02731
2012-02-21 17:00:00,278.3645
2012-02-21 18:00:00,272.12662
2012-02-21 19:00:00,178.44734
2012-02-21 20:00:00,136.20912
2012-02-21 21:00:00,114.99666
2012-02-21 22:00:00,79.57477
2012-02-21 23:00:00,54.506126
2012-02-22 00:00:00,28.37545
2012-02-22 01:00:00,17.327238
2012-02-22 02:00:00,14.085746
2012-02-22 03:00:00,12.455537
2012-02-22 04:00:00,11.634211
2012-02-22 05:00:00,24.215294
2012-02-22 06:00:00,79.40841
2012-02-22 07:00:00,212.93484
2012-02-22 08:00:00,379.01715
2012-02-22 09:00:00,184.80588
2012-02-22 10:00:00,95.256004
2012-02-22 11:00:00,106.118034
2012-02-22 12:00:00,128.50636
2012-02-22 13:00:00,130.02493
2012-02-22 14:00:00,118.63211
2012-02-22 15:00:00,132.96399
2012-02-22 16:00:00,168.98508
2012-02-22 17:00:00,312.32047
2012-02-22 18:00:00,270.42896
2012-02-22 19:00:00,198.56815
2012-02-22 20:00:00,148.68698
2012-02-22 21:00:00,121.55208
2012-02-22 22:00:00,87.66551
2012-02-22 23:00:00,66.65137
2012-02-23 00:00:00,35.08111
2012-02-23 01:00:00,20.986908
2012-02-23 02:00:00,18.017399
2012-02-23 03:00:00,12.283937
2012-02-23 04:00:00,13.075335
2012-02-23 05:00:00,27.500454
2012-02-23 06:00:00,81.89189
2012-02-23 07:00:00,199.10736
2012-02-23 08:00:00,359.299
2012-02-23 09:00:00,171.27615
2012-02-23 10:00:00,103.27584
2012-02-23 11:00:00,123.105286
2012-02-23 12:00:00,150.51466
2012-02-23 13:00:00,150.99394
2012-02-23 14:00:00,131.74002
2012-02-23 15:00:00,147.07877
2012-02-23 16:00:00,199.55394
2012-02-23 17:00:00,322.3739
2012-02-23 18:00:00,301.23648
2012-02-23 19:00:00,226.39603
2012-02-23 20:00:00,171.56131
2012-02-23 21:00:00,130.7811
2012-02-23 22:00:00,99.038155
2012-02-23 23:00:00,80.86705
2012-02-24 00:00:00,42.712456
2012-02-24 01:00:00,30.170263
2012-02-24 02:00:00,13.563172
2012-02-24 03:00:00,16.260788
2012-02-24 04:00:00,13.518185
2012-02-24 05:00:00,25.763592
2012-02-24 06:00:00,77.32791
2012-02-24 07:00:00,172.81754
2012-02-24 08:00:00,312.83392
2012-02-24 09:00:00,97.997635
2012-02-24 10:00:00,70.3729
2012-02-24 11:00:00,113.034
2012-02-24 12:00:00,139.05592
2012-02-24 13:00:00,135.13818
2012-02-24 14:00:00,127.36661
2012-02-24 15:00:00,74.78071
2012-02-24 16:00:00,91.30333
2012-02-24 17:00:00,135.82834
2012-02-24 18:00:00,160.01627
2012-02-24 19:00:00,144.35732
2012-02-24 20:00:00,121.73908
2012-02-24 21:00:00,91.01244
2012-02-24 22:00:00,70.53505
2012-02-24 23:00:00,47.44978
2012-02-25 00:00:00,58.776737
2012-02-25 01:00:00,44.755135
2012-02-25 02:00:00,33.29031
2012-02-25 03:00:00,12.978889
2012-02-25 04:00:00,5.285985
2012-02-25 05:00:00,5.2984123
2012-02-25 06:00:00,9.520981
2012-02-25 07:00:00,27.666037
2012-02-25 08:00:00,55.50389
2012-02-25 09:00:00,46.711746
2012-02-25 10:00:00,101.51083
2012-02-25 11:00:00,105.45682
2012-02-25 12:00:00,125.19119
2012-02-25 13:00:00,134.80527
2012-02-25 14:00:00,128.55484
2012-02-25 15:00:00,134.06084
2012-02-25 16:00:00,114.711716
2012-02-25 17:00:00,116.1444
2012-02-25 18:00:00,88.618744
2012-02-25 19:00:00,73.24304
2012-02-25 20:00:00,60.05204
2012-02-25 21:00:00,51.533577
2012-02-25 22:00:00,47.30333
2012-02-25 23:00:00,38.877846
2012-02-26 00:00:00,47.660576
2012-02-26 01:00:00,40.914223
2012-02-26 02:00:00,32.16172
2012-02-26 03:00:00,18.760246
2012-02-26 04:00:00,5.7512894
2012-02-26 05:00:00,3.6874347
2012-02-26 06:00:00,4.4158664
2012-02-26 07:00:00,13.406475
2012-02-26 08:00:00,36.313023
2012-02-26 09:00:00,62.532444
2012-02-26 10:00:00,106.09921
2012-02-26 11:00:00,115.01072
2012-02-26 12:00:00,149.11938
2012-02-26 13:00:00,158.71603
2012-02-26 14:00:00,162.95824
2012-02-26 15:00:00,164.87479
2012-02-26 16:00:00,144.54758
2012-02-26 17:00:00,122.77131
2012-02-26 18:00:00,98.364716
2012-02-26 19:00:00,82.514656
2012-02-26 20:00:00,60.896645
2012-02-26 21:00:00,48.166412
2012-02-26 22:00:00,43.302002
2012-02-26 23:00:00,26.846382
2012-02-27 00:00:00,12.8613405
2012-02-27 01:00:00,4.9388943
2012-02-27 02:00:00,2.450951
2012-02-27 03:00:00,2.0440361
2012-02-27 04:00:00,2.0765843
2012-02-27 05:00:00,12.414886
2012-02-27 06:00:00,54.70912
2012-02-27 07:00:00,154.05774
2012-02-27 08:00:00,303.95258
2012-02-27 09:00:00,132.16711
2012-02-27 10:00:00,72.14209
2012-02-27 11:00:00,81.72914
2012-02-27 12:00:00,103.9485
2012-02-27 13:00:00,102.6882
2012-02-27 14:00:00,98.550476
2012-02-27 15:00:00,103.97807
2012-02-27 16:00:00,139.28038
2012-02-27 17:00:00,270.6435
2012-02-27 18:00:00,254.48982
2012-02-27 19:00:00,176.92715
2012-02-27 20:00:00,121.40092
2012-02-27 21:00:00,95.7547
2012-02-27 22:00:00,65.354294
2012-02-27 23:00:00,40.12027
2012-02-28 00:00:00,22.962318
2012-02-28 01:00:00,9.079981
2012-02-28 02:00:00,5.810333
2012-02-28 03:00:00,2.4402905
2012-02-28 04:00:00,4.095113
2012-02-28 05:00:00,18.010128
2012-02-28 06:00:00,63.958702
2012-02-28 07:00:00,161.9902
2012-02-28 08:00:00,298.8202
2012-02-28 09:00:00,140.83652
2012-02-28 10:00:00,71.88927
2012-02-28 11:00:00,80.2409
2012-02-28 12:00:00,107.578766
2012-02-28 13:00:00,106.965416
2012-02-28 14:00:00,99.92444
2012-02-28 15:00:00,115.396324
2012-02-28 16:00:00,153.0972
2012-02-28 17:00:00,289.3927
2012-02-28 18:00:00,270.34656
2012-02-28 19:00:00,192.66238
2012-02-28 20:00:00,125.508514
2012-02-28 21:00:00,88.139404
2012-02-28 22:00:00,65.40254
2012-02-28 23:00:00,39.92015
2012-02-29 00:00:00,18.808062
2012-02-29 01:00:00,6.3453503
2012-02-29 02:00:00,5.0481443
2012-02-29 03:00:00,2.421863
2012-02-29 05:00:00,15.470831
2012-02-29 06:00:00,61.229675
2012-02-29 07:00:00,150.28136
2012-02-29 08:00:00,306.24628
2012-02-29 09:00:00,75.173706
2012-02-29 10:00:00,36.660027
2012-02-29 11:00:00,41.674934
2012-02-29 12:00:00,40.23053
2012-02-29 13:00:00,63.944435
2012-02-29 14:00:00,58.365917
2012-02-29 15:00:00,68.687836
2012-02-29 16:00:00,51.745537
2012-02-29 17:00:00,144.48257
2012-02-29 18:00:00,121.533615
2012-02-29 19:00:00,123.35754
2012-02-29 20:00:00,68.00633
2012-02-29 21:00:00,53.03028
2012-02-29 22:00:00,32.353447
2012-02-29 23:00:00,22.620373
2012-03-20 00:00:00,40.50537
2012-03-20 01:00:00,35.33505
2012-03-20 02:00:00,33.73488
2012-03-20 03:00:00,26.631302
2012-03-20 04:00:00,25.588236
2012-03-20 05:00:00,38.474846
2012-03-20 06:00:00,110.12366
2012-03-20 07:00:00,169.48132
2012-03-20 08:00:00,533.1488
2012-03-20 09:00:00,287.91565
2012-03-20 10:00:00,173.52496
2012-03-20 11:00:00,190.51328
2012-03-20 12:00:00,236.97185
2012-03-20 13:00:00,235.05478
2012-03-20 14:00:00,219.12727
2012-03-20 15:00:00,239.67357
2012-03-20 16:00:00,315.1848
2012-03-20 17:00:00,538.06836
2012-03-20 18:00:00,518.38696
2012-03-20 19:00:00,386.91815
2012-03-20 20:00:00,294.06375
2012-03-20 21:00:00,228.73167
2012-03-20 22:00:00,166.17253
2012-03-20 23:00:00,105.1429
2012-03-21 00:00:00,63.92459
2012-03-21 01:00:00,51.561974
2012-03-21 02:00:00,46.40983
2012-03-21 03:00:00,38.079834
2012-03-21 04:00:00,33.688553
2012-03-21 05:00:00,48.518784
2012-03-21 06:00:00,113.14723
2012-03-21 07:00:00,212.33789
2012-03-21 08:00:00,402.46924
2012-03-21 09:00:00,303.91467
2012-03-21 10:00:00,179.6985
2012-03-21 11:00:00,184.7312
2012-03-21 12:00:00,224.01804
2012-03-21 13:00:00,197.38782
2012-03-21 14:00:00,196.03354
2012-03-21 15:00:00,208.06985
2012-03-21 16:00:00,305.5481
2012-03-21 17:00:00,555.0878
2012-03-21 18:00:00,546.9603
2012-03-21 19:00:00,416.77203
2012-03-21 20:00:00,302.36145
2012-03-21 21:00:00,228.4495
2012-03-21 22:00:00,182.9133
2012-03-21 23:00:00,125.5524
2012-03-22 00:00:00,70.80939
2012-03-22 01:00:00,53.985146
2012-03-22 02:00:00,47.715202
2012-03-22 03:00:00,39.842873
2012-03-22 04:00:00,34.98852
2012-03-22 05:00:00,46.174232
2012-03-22 06:00:00,118.79846
2012-03-22 07:00:00,347.8244
2012-03-22 08:00:00,582.32495
2012-03-22 09:00:00,298.47772
2012-03-22 10:00:00,183.01279
2012-03-22 11:00:00,186.09659
2012-03-22 12:00:00,227.72336
2012-03-22 13:00:00,252.77704
2012-03-22 14:00:00,237.76933
2012-03-22 15:00:00,261.0862
2012-03-22 16:00:00,332.86737
2012-03-22 17:00:00,577.10767
2012-03-22 18:00:00,565.30066
2012-03-22 19:00:00,425.2422
2012-03-22 20:00:00,308.05536
2012-03-22 21:00:00,258.60117
2012-03-22 22:00:00,200.18887
2012-03-22 23:00:00,154.24805
2012-03-23 00:00:00,80.391045
2012-03-23 01:00:00,61.327732
2012-03-23 02:00:00,50.441406
2012-03-23 03:00:00,42.107487
2012-03-23 04:00:00,35.30685
2012-03-23 05:00:00,45.765965
2012-03-23 06:00:00,118.21966
2012-03-23 07:00:00,317.61435
2012-03-23 08:00:00,546.86096
2012-03-23 09:00:00,290.09863
2012-03-23 10:00:00,217.5365
2012-03-23 11:00:00,257.95728
2012-03-23 12:00:00,343.98154
2012-03-23 13:00:00,339.26624
2012-03-23 14:00:00,325.575
2012-03-23 15:00:00,341.4921
2012-03-23 16:00:00,411.8069
2012-03-23 17:00:00,546.99225
2012-03-23 18:00:00,512.7102
2012-03-23 19:00:00,369.3297
2012-03-23 20:00:00,300.79028
2012-03-23 21:00:00,257.6343
2012-03-23 22:00:00,237.45807
2012-03-23 23:00:00,181.7876
2012-03-24 00:00:00,134.26872
2012-03-24 01:00:00,118.62855
2012-03-24 02:00:00,97.49196
2012-03-24 03:00:00,69.70024
2012-03-24 04:00:00,53.93791
2012-03-24 05:00:00,59.573925
2012-03-24 06:00:00,76.882416
2012-03-24 07:00:00,124.38739
2012-03-24 08:00:00,195.14786
2012-03-24 09:00:00,284.19507
2012-03-24 10:00:00,348.76138
2012-03-24 11:00:00,379.2832
2012-03-24 12:00:00,321.67972
2012-03-24 13:00:00,307.22882
2012-03-24 14:00:00,289.40466
2012-03-24 15:00:00,259.96674
2012-03-24 16:00:00,265.51968
2012-03-24 17:00:00,249.78171
2012-03-24 18:00:00,225.98581
2012-03-24 19:00:00,226.51682
2012-03-24 20:00:00,177.87958
2012-03-24 21:00:00,162.6305
2012-03-24 22:00:00,142.07053
2012-03-24 23:00:00,147.49278
2012-03-25 00:00:00,116.02076
2012-03-25 01:00:00,107.84331
2012-03-25 02:00:00,105.83925
2012-03-25 03:00:00,80.06101
2012-03-25 04:00:00,54.57631
2012-03-25 05:00:00,52.75988
2012-03-25 06:00:00,61.182835
2012-03-25 07:00:00,82.06701
2012-03-25 08:00:00,127.5044
2012-03-25 09:00:00,206.7789
2012-03-25 10:00:00,281.6083
2012-03-25 11:00:00,311.78864
2012-03-25 12:00:00,362.24948
2012-03-25 13:00:00,392.13333
2012-03-25 14:00:00,362.69244
2012-03-25 15:00:00,361.37677
2012-03-25 16:00:00,357.84717
2012-03-25 17:00:00,366.25757
2012-03-25 18:00:00,337.62378
2012-03-25 19:00:00,272.9771
2012-03-25 20:00:00,214.87155
2012-03-25 21:00:00,175.97124
2012-03-25 22:00:00,119.92525
2012-03-25 23:00:00,78.54353
2012-03-26 00:00:00,35.98607
2012-03-26 01:00:00,18.771753
2012-03-26 02:00:00,10.7669735
2012-03-26 03:00:00,10.390696
2012-03-26 04:00:00,10.364077
2012-03-26 05:00:00,24.721733
2012-03-26 06:00:00,81.068085
2012-03-26 07:00:00,236.66913
2012-03-26 08:00:00,379.72217
2012-03-26 09:00:00,180.90683
2012-03-26 10:00:00,121.840385
2012-03-26 11:00:00,132.48067
2012-03-26 12:00:00,164.57153
2012-03-26 13:00:00,148.0527
2012-03-26 14:00:00,141.23987
2012-03-26 15:00:00,137.57056
2012-03-26 16:00:00,180.83328
2012-03-26 17:00:00,346.96484
2012-03-26 18:00:00,326.47626
2012-03-26 19:00:00,233.84995
2012-03-26 20:00:00,147.79474
2012-03-26 21:00:00,109.549164
2012-03-26 22:00:00,77.47702
2012-03-26 23:00:00,53.95022
2012-03-27 00:00:00,28.026314
2012-03-27 01:00:00,12.137831
2012-03-27 02:00:00,8.876579
2012-03-27 03:00:00,7.090416
2012-03-27 04:00:00,6.830525
2012-03-27 05:00:00,21.637463
2012-03-27 06:00:00,74.79373
2012-03-27 07:00:00,237.69463
2012-03-27 08:00:00,406.69452
2012-03-27 09:00:00,205.33914
2012-03-27 10:00:00,114.96828
2012-03-27 11:00:00,124.95807
2012-03-27 12:00:00,151.25394
2012-03-27 13:00:00,157.1941
2012-03-27 14:00:00,150.12993
2012-03-27 15:00:00,162.61264
2012-03-27 16:00:00,217.74622
2012-03-27 17:00:00,371.12244
2012-03-27 18:00:00,375.02945
2012-03-27 19:00:00,265.82465
2012-03-27 20:00:00,198.57507
2012-03-27 21:00:00,121.307755
2012-03-27 22:00:00,93.07602
2012-03-27 23:00:00,62.23218
2012-03-28 00:00:00,28.597261
2012-03-28 01:00:00,13.3112545
2012-03-28 02:00:00,8.606346
2012-03-28 03:00:00,8.773645
2012-03-28 04:00:00,8.191155
2012-03-28 05:00:00,23.43379
2012-03-28 06:00:00,79.334
2012-03-28 07:00:00,224.69879
2012-03-28 08:00:00,387.07587
2012-03-28 09:00:00,191.80023
2012-03-28 10:00:00,119.62012
2012-03-28 11:00:00,137.11575
2012-03-28 12:00:00,156.4898
2012-03-28 13:00:00,161.08861
2012-03-28 14:00:00,139.17023
2012-03-28 15:00:00,142.65912
2012-03-28 16:00:00,176.66156
2012-03-28 17:00:00,349.10138
2012-03-28 18:00:00,346.236
2012-03-28 19:00:00,259.29626
2012-03-28 20:00:00,186.50435
2012-03-28 21:00:00,144.46857
2012-03-28 22:00:00,116.174385
2012-03-28 23:00:00,78.88997
2012-03-29 00:00:00,40.424625
2012-03-29 01:00:00,22.72713
2012-03-29 02:00:00,17.55361
2012-03-29 03:00:00,13.079935
2012-03-29 04:00:00,13.365019
2012-03-29 05:00:00,28.413494
2012-03-29 06:00:00,88.95609
2012-03-29 07:00:00,227.5694
2012-03-29 08:00:00,381.90326
2012-03-29 09:00:00,185.42036
2012-03-29 10:00:00,113.00116
2012-03-29 11:00:00,135.42984
2012-03-29 12:00:00,161.81152
2012-03-29 13:00:00,154.73657
2012-03-29 14:00:00,142.8813
2012-03-29 15:00:00,155.41692
2012-03-29 16:00:00,212.07913
2012-03-29 17:00:00,359.9177
2012-03-29 18:00:00,344.21426
2012-03-29 19:00:00,240.64592
2012-03-29 20:00:00,171.1731
2012-03-29 21:00:00,128.71071
2012-03-29 22:00:00,103.75291
2012-03-29 23:00:00,75.02539
2012-03-30 00:00:00,41.418476
2012-03-30 01:00:00,22.946428
2012-03-30 02:00:00,13.841763
2012-03-30 03:00:00,10.735081
2012-03-30 04:00:00,8.148946
2012-03-30 05:00:00,21.178314
2012-03-30 06:00:00,73.96938
2012-03-30 07:00:00,197.39838
2012-03-30 08:00:00,360.8018
2012-03-30 09:00:00,195.31903
2012-03-30 10:00:00,124.58863
2012-03-30 11:00:00,139.22433
2012-03-30 12:00:00,166.40158
2012-03-30 13:00:00,106.731
2012-03-30 14:00:00,86.688446
2012-03-30 15:00:00,93.82532
2012-03-30 16:00:00,118.4455
2012-03-30 17:00:00,294.44186
2012-03-30 18:00:00,292.95245
2012-03-30 19:00:00,194.55884
2012-03-30 20:00:00,143.05423
2012-03-30 21:00:00,114.84503
2012-03-30 22:00:00,98.28339
2012-03-30 23:00:00,85.00377
2012-03-31 00:00:00,77.76317
2012-03-31 01:00:00,63.631996
2012-03-31 02:00:00,47.383633
2012-03-31 03:00:00,28.525229
2012-03-31 04:00:00,13.863446
2012-03-31 05:00:00,18.06768
2012-03-31 06:00:00,32.102123
2012-03-31 07:00:00,59.146065
2012-03-31 08:00:00,91.944336
2012-03-31 09:00:00,134.40016
2012-03-31 10:00:00,184.06616
2012-03-31 11:00:00,233.5582
2012-03-31 12:00:00,252.52881
2012-03-31 13:00:00,266.76157
2012-03-31 14:00:00,232.40237
2012-03-31 15:00:00,240.76187
2012-03-31 16:00:00,224.96965
2012-03-31 17:00:00,207.57343
2012-03-31 18:00:00,151.95314
2012-03-31 19:00:00,127.94891
2012-03-31 20:00:00,110.86279
2012-03-31 21:00:00,99.79312
2012-03-31 22:00:00,91.69099
2012-03-31 23:00:00,72.817444
2012-04-20 00:00:00,65.3923
2012-04-20 01:00:00,59.52895
2012-04-20 02:00:00,46.928513
2012-04-20 03:00:00,40.071342
2012-04-20 04:00:00,38.425682
2012-04-20 05:00:00,52.33482
2012-04-20 06:00:00,128.33612
2012-04-20 07:00:00,346.50882
2012-04-20 08:00:00,607.8652
2012-04-20 09:00:00,328.70404
2012-04-20 10:00:00,219.97003
2012-04-20 11:00:00,268.01434
2012-04-20 12:00:00,348.9005
2012-04-20 13:00:00,355.68115
2012-04-20 14:00:00,333.53503
2012-04-20 15:00:00,344.99512
2012-04-20 16:00:00,454.6102
2012-04-20 17:00:00,595.8762
2012-04-20 18:00:00,543.56323
2012-04-20 19:00:00,426.48407
2012-04-20 20:00:00,328.21024
2012-04-20 21:00:00,267.11008
2012-04-20 22:00:00,237.88513
2012-04-20 23:00:00,196.78377
2012-04-21 00:00:00,148.25267
2012-04-21 01:00:00,131.08063
2012-04-21 02:00:00,108.74844
2012-04-21 03:00:00,82.52851
2012-04-21 04:00:00,67.657
2012-04-21 05:00:00,70.05572
2012-04-21 06:00:00,86.58122
2012-04-21 07:00:00,134.67618
2012-04-21 08:00:00,224.08205
2012-04-21 09:00:00,299.13287
2012-04-21 10:00:00,398.83484
2012-04-21 11:00:00,465.51062
2012-04-21 12:00:00,533.56165
2012-04-21 13:00:00,529.4993
2012-04-21 14:00:00,508.20242
2012-04-21 15:00:00,521.8112
2012-04-21 16:00:00,494.434
2012-04-21 17:00:00,495.71497
2012-04-21 18:00:00,409.44116
2012-04-21 19:00:00,282.53314
2012-04-21 20:00:00,188.57974
2012-04-21 21:00:00,174.94968
2012-04-21 22:00:00,208.20558
2012-04-21 23:00:00,169.517
2012-04-22 00:00:00,149.10689
2012-04-22 01:00:00,136.58743
2012-04-22 02:00:00,110.9259
2012-04-22 03:00:00,85.21921
2012-04-22 04:00:00,66.22064
2012-04-22 05:00:00,65.51812
2012-04-22 06:00:00,72.99959
2012-04-22 07:00:00,107.87592
2012-04-22 08:00:00,146.1218
2012-04-22 09:00:00,187.19534
2012-04-22 10:00:00,259.0299
2012-04-22 11:00:00,288.542
2012-04-22 12:00:00,309.94604
2012-04-22 13:00:00,309.32953
2012-04-22 14:00:00,294.34912
2012-04-22 15:00:00,299.33765
2012-04-22 16:00:00,284.2916
2012-04-22 17:00:00,230.9856
2012-04-22 18:00:00,212.93243
2012-04-22 19:00:00,196.22375
2012-04-22 20:00:00,175.55936
2012-04-22 21:00:00,170.30032
2012-04-22 22:00:00,149.04779
2012-04-22 23:00:00,123.98456
2012-04-23 00:00:00,76.321075
2012-04-23 01:00:00,70.45328
2012-04-23 02:00:00,59.5432
2012-04-23 03:00:00,49.543053
2012-04-23 04:00:00,49.32147
2012-04-23 05:00:00,57.81721
2012-04-23 06:00:00,113.80543
2012-04-23 07:00:00,183.28973
2012-04-23 08:00:00,579.1103
2012-04-23 09:00:00,264.7838
2012-04-23 10:00:00,149.79462
2012-04-23 11:00:00,156.03223
2012-04-23 12:00:00,144.10576
2012-04-23 13:00:00,145.48634
2012-04-23 14:00:00,151.25397
2012-04-23 15:00:00,193.375
2012-04-23 16:00:00,168.31537
2012-04-23 17:00:00,314.34174
2012-04-23 18:00:00,369.1899
2012-04-23 19:00:00,317.02692
2012-04-23 20:00:00,248.7431
2012-04-23 21:00:00,170.8093
2012-04-23 22:00:00,143.11429
2012-04-23 23:00:00,109.00844
2012-04-24 00:00:00,72.84826
2012-04-24 01:00:00,61.40799
2012-04-24 02:00:00,56.873856
2012-04-24 03:00:00,50.58384
2012-04-24 04:00:00,43.084175
2012-04-24 05:00:00,55.266773
2012-04-24 06:00:00,124.480354
2012-04-24 07:00:00,342.8888
2012-04-24 08:00:00,630.1133
2012-04-24 09:00:00,304.16754
2012-04-24 10:00:00,179.54797
2012-04-24 11:00:00,221.00284
2012-04-24 12:00:00,261.2799
2012-04-24 13:00:00,261.96567
2012-04-24 14:00:00,256.4672
2012-04-24 15:00:00,262.70227
2012-04-24 16:00:00,366.7981
2012-04-24 17:00:00,652.433
2012-04-24 18:00:00,649.92377
2012-04-24 19:00:00,475.03076
2012-04-24 20:00:00,316.12573
2012-04-24 21:00:00,252.75015
2012-04-24 22:00:00,188.34787
2012-04-24 23:00:00,138.54826
2012-04-25 00:00:00,74.468575
2012-04-25 01:00:00,58.23246
2012-04-25 02:00:00,54.109253
2012-04-25 03:00:00,47.678207
2012-04-25 04:00:00,42.26494
2012-04-25 05:00:00,52.49129
2012-04-25 06:00:00,122.79969
2012-04-25 07:00:00,379.67383
2012-04-25 08:00:00,666.64624
2012-04-25 09:00:00,306.75964
2012-04-25 10:00:00,192.22821
2012-04-25 11:00:00,195.06425
2012-04-25 12:00:00,197.11569
2012-04-25 13:00:00,165.06357
2012-04-25 14:00:00,129.21133
2012-04-25 15:00:00,155.94644
2012-04-25 16:00:00,182.55663
2012-04-25 17:00:00,354.72336
2012-04-25 18:00:00,339.6546
2012-04-25 19:00:00,250.47278
2012-04-25 20:00:00,201.82927
2012-04-25 21:00:00,140.68384
2012-04-25 22:00:00,107.235115
2012-04-25 23:00:00,67.34919
2012-04-26 00:00:00,29.350552
2012-04-26 01:00:00,14.042614
2012-04-26 02:00:00,8.23666
2012-04-26 03:00:00,4.4896727
2012-04-26 04:00:00,4.8333225
2012-04-26 05:00:00,21.919806
2012-04-26 06:00:00,77.272675
2012-04-26 07:00:00,125.80799
2012-04-26 08:00:00,217.09724
2012-04-26 09:00:00,120.73211
2012-04-26 10:00:00,92.19153
2012-04-26 11:00:00,89.39477
2012-04-26 12:00:00,116.84799
2012-04-26 13:00:00,112.0998
2012-04-26 14:00:00,100.294304
2012-04-26 15:00:00,86.71091
2012-04-26 16:00:00,117.063614
2012-04-26 17:00:00,263.2044
2012-04-26 18:00:00,248.16425
2012-04-26 19:00:00,180.81512
2012-04-26 20:00:00,158.89172
2012-04-26 21:00:00,106.79596
2012-04-26 22:00:00,94.732666
2012-04-26 23:00:00,70.00539
2012-04-27 00:00:00,44.782303
2012-04-27 01:00:00,22.448534
2012-04-27 02:00:00,12.122052
2012-04-27 03:00:00,4.07387
2012-04-27 04:00:00,6.3742065
2012-04-27 05:00:00,20.96555
2012-04-27 06:00:00,75.32625
2012-04-27 07:00:00,180.3441
2012-04-27 08:00:00,344.03387
2012-04-27 09:00:00,171.90282
2012-04-27 10:00:00,117.04884
2012-04-27 11:00:00,141.78168
2012-04-27 12:00:00,172.68091
2012-04-27 13:00:00,174.71196
2012-04-27 14:00:00,163.32745
2012-04-27 15:00:00,179.52786
2012-04-27 16:00:00,238.3808
2012-04-27 17:00:00,329.4312
2012-04-27 18:00:00,269.05533
2012-04-27 19:00:00,189.86526
2012-04-27 20:00:00,135.59879
2012-04-27 21:00:00,100.89196
2012-04-27 22:00:00,93.59396
2012-04-27 23:00:00,68.001274
2012-04-28 00:00:00,76.641754
2012-04-28 01:00:00,51.549644
2012-04-28 02:00:00,41.724537
2012-04-28 03:00:00,16.990244
2012-04-28 04:00:00,8.096054
2012-04-28 05:00:00,9.21461
2012-04-28 06:00:00,19.075714
2012-04-28 07:00:00,44.89053
2012-04-28 08:00:00,98.30529
2012-04-28 09:00:00,132.78845
2012-04-28 10:00:00,169.92151
2012-04-28 11:00:00,209.75186
2012-04-28 12:00:00,223.2637
2012-04-28 13:00:00,229.39664
2012-04-28 14:00:00,236.38208
2012-04-28 15:00:00,223.86005
2012-04-28 16:00:00,223.82214
2012-04-28 17:00:00,206.39516
2012-04-28 18:00:00,121.881226
2012-04-28 19:00:00,86.55952
2012-04-28 20:00:00,103.17753
2012-04-28 21:00:00,55.40989
2012-04-28 22:00:00,81.01153
2012-04-28 23:00:00,75.3186
2012-04-29 00:00:00,56.3937
2012-04-29 01:00:00,62.70897
2012-04-29 02:00:00,46.796906
2012-04-29 03:00:00,22.552011
2012-04-29 04:00:00,10.748491
2012-04-29 05:00:00,8.134814
2012-04-29 06:00:00,17.156818
2012-04-29 07:00:00,36.112
2012-04-29 08:00:00,71.3536
2012-04-29 09:00:00,113.16174
2012-04-29 10:00:00,161.10805
2012-04-29 11:00:00,215.97787
2012-04-29 12:00:00,254.15538
2012-04-29 13:00:00,249.15173
2012-04-29 14:00:00,252.81953
2012-04-29 15:00:00,247.67474
2012-04-29 16:00:00,238.16536
2012-04-29 17:00:00,229.21085
2012-04-29 18:00:00,184.95721
2012-04-29 19:00:00,175.21886
2012-04-29 20:00:00,136.83047
2012-04-29 21:00:00,96.99416
2012-04-29 22:00:00,74.89426
2012-04-29 23:00:00,54.08413
2012-04-30 00:00:00,28.141436
2012-04-30 01:00:00,11.436089
2012-04-30 02:00:00,7.411591
2012-04-30 03:00:00,3.9921227
2012-04-30 04:00:00,2.677215
2012-04-30 05:00:00,16.588966
2012-04-30 06:00:00,74.971115
2012-04-30 07:00:00,219.6789
2012-04-30 08:00:00,367.862
2012-04-30 09:00:00,177.30484
2012-04-30 10:00:00,104.914665
2012-04-30 11:00:00,111.06213
2012-04-30 12:00:00,128.96774
2012-04-30 13:00:00,123.764915
2012-04-30 14:00:00,114.51299
2012-04-30 15:00:00,122.79242
2012-04-30 16:00:00,172.02066
2012-04-30 17:00:00,331.96625
2012-04-30 18:00:00,308.98663
2012-04-30 19:00:00,212.4371
2012-04-30 20:00:00,152.92554
2012-04-30 21:00:00,115.28271
2012-04-30 22:00:00,95.54883
2012-04-30 23:00:00,58.637756
2012-05-20 00:00:00,162.09157
2012-05-20 01:00:00,125.14369
2012-05-20 02:00:00,105.15463
2012-05-20 03:00:00,79.103836
2012-05-20 04:00:00,60.17377
2012-05-20 05:00:00,60.594902
2012-05-20 06:00:00,69.72471
2012-05-20 07:00:00,101.101425
2012-05-20 08:00:00,181.10114
2012-05-20 09:00:00,313.52393
2012-05-20 10:00:00,439.91745
2012-05-20 11:00:00,504.80908
2012-05-20 12:00:00,558.2707
2012-05-20 13:00:00,555.21387
2012-05-20 14:00:00,516.9093
2012-05-20 15:00:00,485.56305
2012-05-20 16:00:00,487.1162
2012-05-20 17:00:00,466.99533
2012-05-20 18:00:00,408.03995
2012-05-20 19:00:00,346.5197
2012-05-20 20:00:00,296.40088
2012-05-20 21:00:00,253.01714
2012-05-20 22:00:00,206.37804
2012-05-20 23:00:00,139.7893
2012-05-21 00:00:00,79.13362
2012-05-21 01:00:00,70.22209
2012-05-21 02:00:00,62.055454
2012-05-21 03:00:00,51.131386
2012-05-21 04:00:00,53.56601
2012-05-21 05:00:00,63.326912
2012-05-21 06:00:00,100.328606
2012-05-21 07:00:00,197.48029
2012-05-21 08:00:00,297.35974
2012-05-21 09:00:00,158.83615
2012-05-21 10:00:00,123.1097
2012-05-21 11:00:00,162.53928
2012-05-21 12:00:00,194.34653
2012-05-21 13:00:00,136.23325
2012-05-21 14:00:00,130.56163
2012-05-21 15:00:00,244.16013
2012-05-21 16:00:00,318.87665
2012-05-21 17:00:00,594.8351
2012-05-21 18:00:00,615.99414
2012-05-21 19:00:00,468.96405
2012-05-21 20:00:00,359.14142
2012-05-21 21:00:00,284.4665
2012-05-21 22:00:00,198.37033
2012-05-21 23:00:00,141.83452
2012-05-22 00:00:00,80.25374
2012-05-22 01:00:00,61.23559
2012-05-22 02:00:00,54.80944
2012-05-22 03:00:00,48.23883
2012-05-22 04:00:00,46.310783
2012-05-22 05:00:00,67.7357
2012-05-22 06:00:00,107.77117
2012-05-22 07:00:00,212.09482
2012-05-22 08:00:00,580.9477
2012-05-22 09:00:00,297.71008
2012-05-22 10:00:00,189.79932
2012-05-22 11:00:00,205.55716
2012-05-22 12:00:00,239.94514
2012-05-22 13:00:00,232.47647
2012-05-22 14:00:00,222.16905
2012-05-22 15:00:00,283.3807
2012-05-22 16:00:00,356.80768
2012-05-22 17:00:00,692.9927
2012-05-22 18:00:00,654.994
2012-05-22 19:00:00,452.72528
2012-05-22 20:00:00,364.2127
2012-05-22 21:00:00,284.86655
2012-05-22 22:00:00,245.58006
2012-05-22 23:00:00,165.96036
2012-05-23 00:00:00,87.29593
2012-05-23 01:00:00,68.86359
2012-05-23 02:00:00,59.428917
2012-05-23 03:00:00,51.91914
2012-05-23 04:00:00,56.43251
2012-05-23 05:00:00,70.70206
2012-05-23 06:00:00,169.1781
2012-05-23 07:00:00,445.81766
2012-05-23 08:00:00,663.3904
2012-05-23 09:00:00,326.783
2012-05-23 10:00:00,204.96315
2012-05-23 11:00:00,235.37057
2012-05-23 12:00:00,278.6596
2012-05-23 13:00:00,257.83032
2012-05-23 14:00:00,260.27106
2012-05-23 15:00:00,268.4803
2012-05-23 16:00:00,321.9781
2012-05-23 17:00:00,497.5409
2012-05-23 18:00:00,502.2938
2012-05-23 19:00:00,340.05496
2012-05-23 20:00:00,280.17
2012-05-23 21:00:00,229.79074
2012-05-23 22:00:00,199.07077
2012-05-23 23:00:00,158.34265
2012-05-24 00:00:00,95.06773
2012-05-24 01:00:00,69.35896
2012-05-24 02:00:00,60.0066
2012-05-24 03:00:00,52.165634
2012-05-24 04:00:00,50.53839
2012-05-24 05:00:00,69.35947
2012-05-24 06:00:00,163.97894
2012-05-24 07:00:00,460.47217
2012-05-24 08:00:00,684.3623
2012-05-24 09:00:00,342.64978
2012-05-24 10:00:00,210.73047
2012-05-24 11:00:00,253.46782
2012-05-24 12:00:00,316.91766
2012-05-24 13:00:00,313.67096
2012-05-24 14:00:00,272.46893
2012-05-24 15:00:00,286.5594
2012-05-24 16:00:00,372.10355
2012-05-24 17:00:00,659.11224
2012-05-24 18:00:00,657.8622
2012-05-24 19:00:00,472.88342
2012-05-24 20:00:00,344.74646
2012-05-24 21:00:00,236.51639
2012-05-24 22:00:00,236.9141
2012-05-24 23:00:00,185.68839
2012-05-25 00:00:00,109.52472
2012-05-25 01:00:00,79.829346
2012-05-25 02:00:00,61.882996
2012-05-25 03:00:00,55.732582
2012-05-25 04:00:00,49.867695
2012-05-25 05:00:00,69.34809
2012-05-25 06:00:00,160.77377
2012-05-25 07:00:00,399.77527
2012-05-25 08:00:00,609.1017
2012-05-25 09:00:00,323.9132
2012-05-25 10:00:00,252.56549
2012-05-25 11:00:00,287.864
2012-05-25 12:00:00,356.1783
2012-05-25 13:00:00,353.9928
2012-05-25 14:00:00,332.8669
2012-05-25 15:00:00,335.07483
2012-05-25 16:00:00,424.09485
2012-05-25 17:00:00,567.5094
2012-05-25 18:00:00,546.0103
2012-05-25 19:00:00,399.20642
2012-05-25 20:00:00,340.1256
2012-05-25 21:00:00,297.6931
2012-05-25 22:00:00,256.26654
2012-05-25 23:00:00,199.05084
2012-05-26 00:00:00,157.659
2012-05-26 01:00:00,99.24237
2012-05-26 02:00:00,62.320282
2012-05-26 03:00:00,34.158432
2012-05-26 04:00:00,20.326664
2012-05-26 05:00:00,20.732235
2012-05-26 06:00:00,36.646767
2012-05-26 07:00:00,60.61373
2012-05-26 08:00:00,107.624695
2012-05-26 09:00:00,130.97711
2012-05-26 10:00:00,172.95276
2012-05-26 11:00:00,198.49733
2012-05-26 12:00:00,218.27878
2012-05-26 13:00:00,223.47397
2012-05-26 14:00:00,198.91693
2012-05-26 15:00:00,193.90356
2012-05-26 16:00:00,200.80719
2012-05-26 17:00:00,209.61285
2012-05-26 18:00:00,201.30606
2012-05-26 19:00:00,155.34036
2012-05-26 20:00:00,151.39125
2012-05-26 21:00:00,121.93617
2012-05-26 22:00:00,108.94767
2012-05-26 23:00:00,94.723236
2012-05-27 00:00:00,101.19313
2012-05-27 01:00:00,81.13268
2012-05-27 02:00:00,64.56591
2012-05-27 03:00:00,37.95881
2012-05-27 04:00:00,18.053844
2012-05-27 05:00:00,17.649712
2012-05-27 06:00:00,26.657192
2012-05-27 07:00:00,48.87674
2012-05-27 08:00:00,83.13002
2012-05-27 09:00:00,122.55554
2012-05-27 10:00:00,174.53006
2012-05-27 11:00:00,203.82468
2012-05-27 12:00:00,210.94104
2012-05-27 13:00:00,232.48444
2012-05-27 14:00:00,209.32426
2012-05-27 15:00:00,208.6997
2012-05-27 16:00:00,202.94807
2012-05-27 17:00:00,212.35394
2012-05-27 18:00:00,175.87506
2012-05-27 19:00:00,163.54105
2012-05-27 20:00:00,148.31772
2012-05-27 21:00:00,58.96189
2012-05-27 22:00:00,54.05455
2012-05-27 23:00:00,45.034363
2012-05-28 00:00:00,77.035995
2012-05-28 01:00:00,52.53102
2012-05-28 02:00:00,44.050705
2012-05-28 03:00:00,19.722645
2012-05-28 04:00:00,20.617432
2012-05-28 05:00:00,30.556534
2012-05-28 06:00:00,53.325245
2012-05-28 07:00:00,126.137726
2012-05-28 08:00:00,161.38763
2012-05-28 09:00:00,130.81834
2012-05-28 10:00:00,128.1371
2012-05-28 11:00:00,149.05873
2012-05-28 12:00:00,172.70667
2012-05-28 13:00:00,158.98633
2012-05-28 14:00:00,152.22037
2012-05-28 15:00:00,152.85565
2012-05-28 16:00:00,166.07861
2012-05-28 17:00:00,262.67834
2012-05-28 18:00:00,247.59012
2012-05-28 19:00:00,205.51346
2012-05-28 20:00:00,182.43341
2012-05-28 21:00:00,140.53473
2012-05-28 22:00:00,112.949615
2012-05-28 23:00:00,78.22904
2012-05-29 00:00:00,43.33499
2012-05-29 01:00:00,22.560085
2012-05-29 02:00:00,15.729712
2012-05-29 03:00:00,10.059015
2012-05-29 04:00:00,11.118638
2012-05-29 05:00:00,31.939276
2012-05-29 06:00:00,102.269745
2012-05-29 07:00:00,242.88025
2012-05-29 08:00:00,354.49817
2012-05-29 09:00:00,160.85797
2012-05-29 10:00:00,90.215965
2012-05-29 11:00:00,113.57297
2012-05-29 12:00:00,140.8917
2012-05-29 13:00:00,137.03677
2012-05-29 14:00:00,120.98727
2012-05-29 15:00:00,130.81604
2012-05-29 16:00:00,172.55626
2012-05-29 17:00:00,373.0577
2012-05-29 18:00:00,357.14038
2012-05-29 19:00:00,236.0856
2012-05-29 20:00:00,113.22903
2012-05-29 21:00:00,59.207954
2012-05-29 22:00:00,84.34555
2012-05-29 23:00:00,47.49003
2012-05-30 00:00:00,35.705467
2012-05-30 01:00:00,21.813313
2012-05-30 02:00:00,15.232794
2012-05-30 03:00:00,13.152279
2012-05-30 04:00:00,11.223755
2012-05-30 05:00:00,32.47634
2012-05-30 06:00:00,102.26082
2012-05-30 07:00:00,144.06346
2012-05-30 08:00:00,363.9732
2012-05-30 09:00:00,171.22357
2012-05-30 10:00:00,98.34242
2012-05-30 11:00:00,121.41083
2012-05-30 12:00:00,174.64044
2012-05-30 13:00:00,166.9615
2012-05-30 14:00:00,153.84561
2012-05-30 15:00:00,151.87628
2012-05-30 16:00:00,200.61731
2012-05-30 17:00:00,394.56113
2012-05-30 18:00:00,385.3209
2012-05-30 19:00:00,261.8614
2012-05-30 20:00:00,183.00516
2012-05-30 21:00:00,171.65996
2012-05-30 22:00:00,129.56071
2012-05-30 23:00:00,102.63162
2012-05-31 00:00:00,52.193054
2012-05-31 01:00:00,24.67279
2012-05-31 02:00:00,15.901209
2012-05-31 03:00:00,10.909168
2012-05-31 04:00:00,10.151679
2012-05-31 05:00:00,30.317566
2012-05-31 06:00:00,105.51282
2012-05-31 07:00:00,244.90494
2012-05-31 08:00:00,369.98285
2012-05-31 09:00:00,180.96127
2012-05-31 10:00:00,123.718025
2012-05-31 11:00:00,145.91873
2012-05-31 12:00:00,182.97195
2012-05-31 13:00:00,182.40028
2012-05-31 14:00:00,154.17618
2012-05-31 15:00:00,150.03659
2012-05-31 16:00:00,205.46884
2012-05-31 17:00:00,421.36313
2012-05-31 18:00:00,398.32272
2012-05-31 19:00:00,277.80008
2012-05-31 20:00:00,210.69803
2012-05-31 21:00:00,178.28876
2012-05-31 22:00:00,150.71701
2012-05-31 23:00:00,129.67294
2012-06-20 00:00:00,63.657948
2012-06-20 01:00:00,50.51287
2012-06-20 02:00:00,44.290047
2012-06-20 03:00:00,40.4103
2012-06-20 04:00:00,37.845497
2012-06-20 05:00:00,60.164867
2012-06-20 06:00:00,153.33588
2012-06-20 07:00:00,404.32513
2012-06-20 08:00:00,644.1568
2012-06-20 09:00:00,328.23566
2012-06-20 10:00:00,190.92233
2012-06-20 11:00:00,217.3583
2012-06-20 12:00:00,264.76126
2012-06-20 13:00:00,254.49884
2012-06-20 14:00:00,236.69241
2012-06-20 15:00:00,250.1143
2012-06-20 16:00:00,338.86853
2012-06-20 17:00:00,611.4347
2012-06-20 18:00:00,591.3657
2012-06-20 19:00:00,440.79718
2012-06-20 20:00:00,373.73004
2012-06-20 21:00:00,339.25812
2012-06-20 22:00:00,305.47235
2012-06-20 23:00:00,193.84998
2012-06-21 00:00:00,93.66958
2012-06-21 01:00:00,68.10873
2012-06-21 02:00:00,60.11429
2012-06-21 03:00:00,51.68994
2012-06-21 04:00:00,51.747498
2012-06-21 05:00:00,72.72729
2012-06-21 06:00:00,174.38544
2012-06-21 07:00:00,428.8258
2012-06-21 08:00:00,635.4208
2012-06-21 09:00:00,303.72998
2012-06-21 10:00:00,185.19122
2012-06-21 11:00:00,219.4111
2012-06-21 12:00:00,268.63745
2012-06-21 13:00:00,255.07391
2012-06-21 14:00:00,237.82426
2012-06-21 15:00:00,245.24742
2012-06-21 16:00:00,338.73953
2012-06-21 17:00:00,619.56946
2012-06-21 18:00:00,619.59406
2012-06-21 19:00:00,445.67798
2012-06-21 20:00:00,380.77692
2012-06-21 21:00:00,347.2437
2012-06-21 22:00:00,272.9948
2012-06-21 23:00:00,206.06952
2012-06-22 00:00:00,106.094185
2012-06-22 01:00:00,81.89079
2012-06-22 02:00:00,69.14813
2012-06-22 03:00:00,57.064575
2012-06-22 04:00:00,50.336006
2012-06-22 05:00:00,71.19578
2012-06-22 06:00:00,156.45819
2012-06-22 07:00:00,409.94708
2012-06-22 08:00:00,624.57996
2012-06-22 09:00:00,328.00232
2012-06-22 10:00:00,237.70828
2012-06-22 11:00:00,285.1064
2012-06-22 12:00:00,330.7415
2012-06-22 13:00:00,320.06097
2012-06-22 14:00:00,290.19244
2012-06-22 15:00:00,289.20172
2012-06-22 16:00:00,367.37506
2012-06-22 17:00:00,625.5567
2012-06-22 18:00:00,537.60736
2012-06-22 19:00:00,388.04987
2012-06-22 20:00:00,327.45428
2012-06-22 21:00:00,231.17969
2012-06-22 22:00:00,268.85883
2012-06-22 23:00:00,210.81343
2012-06-23 00:00:00,187.331
2012-06-23 01:00:00,151.53644
2012-06-23 02:00:00,123.98515
2012-06-23 03:00:00,86.21065
2012-06-23 04:00:00,68.80275
2012-06-23 05:00:00,70.116264
2012-06-23 06:00:00,85.60779
2012-06-23 07:00:00,120.11014
2012-06-23 08:00:00,209.24315
2012-06-23 09:00:00,302.7386
2012-06-23 10:00:00,399.67636
2012-06-23 11:00:00,463.8532
2012-06-23 12:00:00,488.33502
2012-06-23 13:00:00,503.71777
2012-06-23 14:00:00,490.3598
2012-06-23 15:00:00,442.20233
2012-06-23 16:00:00,444.01453
2012-06-23 17:00:00,472.11465
2012-06-23 18:00:00,445.8034
2012-06-23 19:00:00,378.58325
2012-06-23 20:00:00,349.60397
2012-06-23 21:00:00,322.94308
2012-06-23 22:00:00,308.4704
2012-06-23 23:00:00,257.50262
2012-06-24 00:00:00,197.68259
2012-06-24 01:00:00,155.22421
2012-06-24 02:00:00,130.82428
2012-06-24 03:00:00,89.49757
2012-06-24 04:00:00,64.96605
2012-06-24 05:00:00,66.17997
2012-06-24 06:00:00,71.76518
2012-06-24 07:00:00,101.44821
2012-06-24 08:00:00,174.64124
2012-06-24 09:00:00,294.61548
2012-06-24 10:00:00,407.18665
2012-06-24 11:00:00,460.49054
2012-06-24 12:00:00,483.89984
2012-06-24 13:00:00,483.89813
2012-06-24 14:00:00,430.72852
2012-06-24 15:00:00,404.18726
2012-06-24 16:00:00,404.9562
2012-06-24 17:00:00,439.02902
2012-06-24 18:00:00,415.7428
2012-06-24 19:00:00,367.59497
2012-06-24 20:00:00,308.66562
2012-06-24 21:00:00,275.5997
2012-06-24 22:00:00,231.92487
2012-06-24 23:00:00,169.4831
2012-06-25 00:00:00,82.397606
2012-06-25 01:00:00,64.33031
2012-06-25 02:00:00,58.01142
2012-06-25 03:00:00,50.66176
2012-06-25 04:00:00,48.63515
2012-06-25 05:00:00,67.54852
2012-06-25 06:00:00,157.3052
2012-06-25 07:00:00,429.56116
2012-06-25 08:00:00,592.4101
2012-06-25 09:00:00,291.49966
2012-06-25 10:00:00,183.75195
2012-06-25 11:00:00,199.29568
2012-06-25 12:00:00,211.80914
2012-06-25 13:00:00,179.69623
2012-06-25 14:00:00,141.37857
2012-06-25 15:00:00,151.30792
2012-06-25 16:00:00,196.37985
2012-06-25 17:00:00,419.52258
2012-06-25 18:00:00,391.4348
2012-06-25 19:00:00,268.08472
2012-06-25 20:00:00,192.08157
2012-06-25 21:00:00,177.29556
2012-06-25 22:00:00,151.0452
2012-06-25 23:00:00,106.39208
2012-06-26 00:00:00,45.88685
2012-06-26 01:00:00,28.615479
2012-06-26 02:00:00,19.659018
2012-06-26 03:00:00,14.93164
2012-06-26 04:00:00,16.186647
2012-06-26 05:00:00,39.584263
2012-06-26 06:00:00,121.58367
2012-06-26 07:00:00,293.50177
2012-06-26 08:00:00,408.7838
2012-06-26 09:00:00,198.39902
2012-06-26 10:00:00,130.9199
2012-06-26 11:00:00,152.29797
2012-06-26 12:00:00,174.53278
2012-06-26 13:00:00,169.30618
2012-06-26 14:00:00,155.49985
2012-06-26 15:00:00,159.19374
2012-06-26 16:00:00,204.87393
2012-06-26 17:00:00,419.83173
2012-06-26 18:00:00,401.8335
2012-06-26 19:00:00,287.8858
2012-06-26 20:00:00,207.93817
2012-06-26 21:00:00,188.67485
2012-06-26 22:00:00,155.91306
2012-06-26 23:00:00,118.14819
2012-06-27 00:00:00,50.78807
2012-06-27 01:00:00,26.25761
2012-06-27 02:00:00,18.583958
2012-06-27 03:00:00,16.647892
2012-06-27 04:00:00,17.548437
2012-06-27 05:00:00,40.01577
2012-06-27 06:00:00,125.456314
2012-06-27 07:00:00,284.27408
2012-06-27 08:00:00,399.42206
2012-06-27 09:00:00,193.4812
2012-06-27 10:00:00,137.54187
2012-06-27 11:00:00,147.96013
2012-06-27 12:00:00,178.55888
2012-06-27 13:00:00,165.34703
2012-06-27 14:00:00,160.07654
2012-06-27 15:00:00,149.73357
2012-06-27 16:00:00,198.10081
2012-06-27 17:00:00,414.25696
2012-06-27 18:00:00,371.0863
2012-06-27 19:00:00,268.1665
2012-06-27 20:00:00,220.0457
2012-06-27 21:00:00,206.10175
2012-06-27 22:00:00,173.85788
2012-06-27 23:00:00,128.98141
2012-06-28 00:00:00,62.513016
2012-06-28 01:00:00,31.410378
2012-06-28 02:00:00,22.797081
2012-06-28 03:00:00,17.565086
2012-06-28 04:00:00,16.534245
2012-06-28 05:00:00,39.922653
2012-06-28 06:00:00,125.15905
2012-06-28 07:00:00,286.9716
2012-06-28 08:00:00,397.02136
2012-06-28 09:00:00,199.84558
2012-06-28 10:00:00,136.26764
2012-06-28 11:00:00,149.9783
2012-06-28 12:00:00,177.82312
2012-06-28 13:00:00,177.2437
2012-06-28 14:00:00,160.1039
2012-06-28 15:00:00,165.63416
2012-06-28 16:00:00,223.10114
2012-06-28 17:00:00,394.41394
2012-06-28 18:00:00,374.70874
2012-06-28 19:00:00,252.29675
2012-06-28 20:00:00,226.6661
2012-06-28 21:00:00,182.2804
2012-06-28 22:00:00,160.45285
2012-06-28 23:00:00,139.0432
2012-06-29 00:00:00,79.75233
2012-06-29 01:00:00,47.625885
2012-06-29 02:00:00,30.370192
2012-06-29 03:00:00,21.173092
2012-06-29 04:00:00,18.378296
2012-06-29 05:00:00,41.34033
2012-06-29 06:00:00,119.62523
2012-06-29 07:00:00,252.77713
2012-06-29 08:00:00,372.1387
2012-06-29 09:00:00,202.43588
2012-06-29 10:00:00,135.33878
2012-06-29 11:00:00,156.53226
2012-06-29 12:00:00,169.01193
2012-06-29 13:00:00,169.76506
2012-06-29 14:00:00,150.73094
2012-06-29 15:00:00,155.67157
2012-06-29 16:00:00,192.42244
2012-06-29 17:00:00,288.75934
2012-06-29 18:00:00,264.79053
2012-06-29 19:00:00,205.33798
2012-06-29 20:00:00,167.39232
2012-06-29 21:00:00,162.31631
2012-06-29 22:00:00,107.235214
2012-06-29 23:00:00,94.47485
2012-06-30 00:00:00,92.591736
2012-06-30 01:00:00,79.04112
2012-06-30 02:00:00,73.15288
2012-06-30 03:00:00,39.76878
2012-06-30 04:00:00,24.987038
2012-06-30 05:00:00,26.257349
2012-06-30 06:00:00,39.158546
2012-06-30 07:00:00,67.558495
2012-06-30 08:00:00,110.081985
2012-06-30 09:00:00,142.3688
2012-06-30 10:00:00,201.68411
2012-06-30 11:00:00,223.76126
2012-06-30 12:00:00,246.60526
2012-06-30 13:00:00,248.96701
2012-06-30 14:00:00,232.29471
2012-06-30 15:00:00,222.5796
2012-06-30 16:00:00,208.15019
2012-06-30 17:00:00,229.46808
2012-06-30 18:00:00,214.31876
2012-06-30 19:00:00,191.64783
2012-06-30 20:00:00,189.50053
2012-06-30 21:00:00,176.47586
2012-06-30 22:00:00,151.51822
2012-06-30 23:00:00,148.24815
2012-07-20 00:00:00,54.657623
2012-07-20 01:00:00,55.461243
2012-07-20 02:00:00,43.21115
2012-07-20 03:00:00,36.319168
2012-07-20 04:00:00,35.027733
2012-07-20 05:00:00,54.5892
2012-07-20 06:00:00,147.88605
2012-07-20 07:00:00,366.40714
2012-07-20 08:00:00,557.3375
2012-07-20 09:00:00,318.43735
2012-07-20 10:00:00,223.68196
2012-07-20 11:00:00,205.6613
2012-07-20 12:00:00,172.45068
2012-07-20 13:00:00,159.27986
2012-07-20 14:00:00,163.74231
2012-07-20 15:00:00,240.74734
2012-07-20 16:00:00,273.701
2012-07-20 17:00:00,356.90204
2012-07-20 18:00:00,363.51578
2012-07-20 19:00:00,276.94937
2012-07-20 20:00:00,172.81662
2012-07-20 21:00:00,169.30733
2012-07-20 22:00:00,188.42632
2012-07-20 23:00:00,161.25812
2012-07-21 00:00:00,151.663
2012-07-21 01:00:00,138.161
2012-07-21 02:00:00,113.77823
2012-07-21 03:00:00,81.12748
2012-07-21 04:00:00,66.44558
2012-07-21 05:00:00,66.83836
2012-07-21 06:00:00,73.17966
2012-07-21 07:00:00,100.20328
2012-07-21 08:00:00,178.89215
2012-07-21 09:00:00,264.27396
2012-07-21 10:00:00,267.71362
2012-07-21 11:00:00,352.14178
2012-07-21 12:00:00,278.24042
2012-07-21 13:00:00,263.6434
2012-07-21 14:00:00,333.91144
2012-07-21 15:00:00,263.81012
2012-07-21 16:00:00,253.63208
2012-07-21 17:00:00,220.95938
2012-07-21 18:00:00,279.40375
2012-07-21 19:00:00,272.21918
2012-07-21 20:00:00,193.32497
2012-07-21 21:00:00,220.27747
2012-07-21 22:00:00,191.28671
2012-07-21 23:00:00,167.8406
2012-07-22 00:00:00,160.79953
2012-07-22 01:00:00,145.53949
2012-07-22 02:00:00,121.10148
2012-07-22 03:00:00,81.38368
2012-07-22 04:00:00,57.82021
2012-07-22 05:00:00,56.251602
2012-07-22 06:00:00,59.01893
2012-07-22 07:00:00,76.164474
2012-07-22 08:00:00,146.09595
2012-07-22 09:00:00,269.8161
2012-07-22 10:00:00,360.2923
2012-07-22 11:00:00,375.81006
2012-07-22 12:00:00,385.53174
2012-07-22 13:00:00,372.10883
2012-07-22 14:00:00,351.5763
2012-07-22 15:00:00,341.27618
2012-07-22 16:00:00,315.95923
2012-07-22 17:00:00,328.07184
2012-07-22 18:00:00,320.5316
2012-07-22 19:00:00,304.16116
2012-07-22 20:00:00,269.98438
2012-07-22 21:00:00,231.41818
2012-07-22 22:00:00,177.81433
2012-07-22 23:00:00,146.74323
2012-07-23 00:00:00,75.42033
2012-07-23 01:00:00,58.538353
2012-07-23 02:00:00,49.920307
2012-07-23 03:00:00,43.77221
2012-07-23 04:00:00,40.215324
2012-07-23 05:00:00,55.612587
2012-07-23 06:00:00,144.44728
2012-07-23 07:00:00,383.0854
2012-07-23 08:00:00,573.4681
2012-07-23 09:00:00,301.7256
2012-07-23 10:00:00,197.92581
2012-07-23 11:00:00,227.72083
2012-07-23 12:00:00,274.397
2012-07-23 13:00:00,271.0268
2012-07-23 14:00:00,240.40677
2012-07-23 15:00:00,257.96277
2012-07-23 16:00:00,322.685
2012-07-23 17:00:00,636.3791
2012-07-23 18:00:00,629.59064
2012-07-23 19:00:00,445.6206
2012-07-23 20:00:00,353.5293
2012-07-23 21:00:00,299.69135
2012-07-23 22:00:00,229.83817
2012-07-23 23:00:00,148.03723
2012-07-24 00:00:00,79.72623
2012-07-24 01:00:00,58.987305
2012-07-24 02:00:00,49.630165
2012-07-24 03:00:00,43.021652
2012-07-24 04:00:00,36.861023
2012-07-24 05:00:00,57.19042
2012-07-24 06:00:00,157.5788
2012-07-24 07:00:00,446.41522
2012-07-24 08:00:00,596.93054
2012-07-24 09:00:00,297.8648
2012-07-24 10:00:00,182.38931
2012-07-24 11:00:00,211.64075
2012-07-24 12:00:00,254.11732
2012-07-24 13:00:00,244.3358
2012-07-24 14:00:00,228.80803
2012-07-24 15:00:00,257.57407
2012-07-24 16:00:00,309.70233
2012-07-24 17:00:00,614.56995
2012-07-24 18:00:00,553.03455
2012-07-24 19:00:00,426.43347
2012-07-24 20:00:00,333.54172
2012-07-24 21:00:00,267.2959
2012-07-24 22:00:00,201.3861
2012-07-24 23:00:00,154.52881
2012-07-25 00:00:00,80.64804
2012-07-25 01:00:00,61.74311
2012-07-25 02:00:00,51.426193
2012-07-25 03:00:00,43.723534
2012-07-25 04:00:00,39.858955
2012-07-25 05:00:00,61.32374
2012-07-25 06:00:00,162.06735
2012-07-25 07:00:00,419.70575
2012-07-25 08:00:00,642.46436
2012-07-25 09:00:00,322.60974
2012-07-25 10:00:00,210.80882
2012-07-25 11:00:00,240.82957
2012-07-25 12:00:00,294.74915
2012-07-25 13:00:00,272.04248
2012-07-25 14:00:00,240.63852
2012-07-25 15:00:00,268.13464
2012-07-25 16:00:00,328.71967
2012-07-25 17:00:00,643.65045
2012-07-25 18:00:00,632.9477
2012-07-25 19:00:00,485.29663
2012-07-25 20:00:00,367.93512
2012-07-25 21:00:00,318.7129
2012-07-25 22:00:00,230.273
2012-07-25 23:00:00,123.13337
2012-07-26 00:00:00,54.03749
2012-07-26 01:00:00,22.963577
2012-07-26 02:00:00,10.0690365
2012-07-26 03:00:00,6.537853
2012-07-26 04:00:00,8.328049
2012-07-26 05:00:00,31.135809
2012-07-26 06:00:00,98.16226
2012-07-26 07:00:00,225.05261
2012-07-26 08:00:00,322.78387
2012-07-26 09:00:00,161.55583
2012-07-26 10:00:00,90.3035
2012-07-26 11:00:00,104.19045
2012-07-26 12:00:00,133.63046
2012-07-26 13:00:00,136.57446
2012-07-26 14:00:00,112.39809
2012-07-26 15:00:00,117.67186
2012-07-26 16:00:00,151.15747
2012-07-26 17:00:00,280.24408
2012-07-26 18:00:00,280.33264
2012-07-26 19:00:00,206.80101
2012-07-26 20:00:00,184.34483
2012-07-26 21:00:00,140.33487
2012-07-26 22:00:00,113.384735
2012-07-26 23:00:00,84.758446
2012-07-27 00:00:00,63.87859
2012-07-27 01:00:00,35.157425
2012-07-27 02:00:00,20.631535
2012-07-27 03:00:00,11.364031
2012-07-27 04:00:00,10.372615
2012-07-27 05:00:00,30.344189
2012-07-27 06:00:00,102.79851
2012-07-27 07:00:00,206.34372
2012-07-27 08:00:00,327.29144
2012-07-27 09:00:00,168.52344
2012-07-27 10:00:00,133.56725
2012-07-27 11:00:00,137.86862
2012-07-27 12:00:00,158.84766
2012-07-27 13:00:00,160.68448
2012-07-27 14:00:00,143.28812
2012-07-27 15:00:00,157.85364
2012-07-27 16:00:00,184.91911
2012-07-27 17:00:00,282.7832
2012-07-27 18:00:00,279.47858
2012-07-27 19:00:00,198.04997
2012-07-27 20:00:00,170.00676
2012-07-27 21:00:00,143.15994
2012-07-27 22:00:00,127.619835
2012-07-27 23:00:00,109.26396
2012-07-28 00:00:00,115.32769
2012-07-28 01:00:00,78.892456
2012-07-28 02:00:00,59.86438
2012-07-28 03:00:00,31.835115
2012-07-28 04:00:00,13.889645
2012-07-28 05:00:00,17.12788
2012-07-28 06:00:00,30.040672
2012-07-28 07:00:00,54.760864
2012-07-28 08:00:00,97.6935
2012-07-28 09:00:00,144.2537
2012-07-28 10:00:00,181.70874
2012-07-28 11:00:00,211.54231
2012-07-28 12:00:00,225.20174
2012-07-28 13:00:00,211.96326
2012-07-28 14:00:00,203.78745
2012-07-28 15:00:00,195.43198
2012-07-28 16:00:00,189.91293
2012-07-28 17:00:00,194.73294
2012-07-28 18:00:00,180.22302
2012-07-28 19:00:00,130.78084
2012-07-28 20:00:00,103.93526
2012-07-28 21:00:00,117.86831
2012-07-28 22:00:00,109.039825
2012-07-28 23:00:00,94.5589
2012-07-29 00:00:00,106.65332
2012-07-29 01:00:00,82.458595
2012-07-29 02:00:00,66.31547
2012-07-29 03:00:00,32.52045
2012-07-29 04:00:00,13.381998
2012-07-29 05:00:00,10.693771
2012-07-29 06:00:00,15.619095
2012-07-29 07:00:00,36.84387
2012-07-29 08:00:00,75.226265
2012-07-29 09:00:00,126.113205
2012-07-29 10:00:00,187.3893
2012-07-29 11:00:00,196.70297
2012-07-29 12:00:00,210.87491
2012-07-29 13:00:00,214.10393
2012-07-29 14:00:00,196.83661
2012-07-29 15:00:00,193.60684
2012-07-29 16:00:00,183.96904
2012-07-29 17:00:00,194.00418
2012-07-29 18:00:00,178.25443
2012-07-29 19:00:00,162.20187
2012-07-29 20:00:00,121.02084
2012-07-29 21:00:00,93.06409
2012-07-29 22:00:00,80.69119
2012-07-29 23:00:00,64.59801
2012-07-30 00:00:00,38.910046
2012-07-30 01:00:00,16.88422
2012-07-30 02:00:00,10.376347
2012-07-30 03:00:00,2.730187
2012-07-30 04:00:00,3.2516813
2012-07-30 05:00:00,22.115269
2012-07-30 06:00:00,81.30775
2012-07-30 07:00:00,227.21165
2012-07-30 08:00:00,310.5689
2012-07-30 09:00:00,168.78897
2012-07-30 10:00:00,94.24686
2012-07-30 11:00:00,121.46774
2012-07-30 12:00:00,143.26857
2012-07-30 13:00:00,144.3243
2012-07-30 14:00:00,120.27503
2012-07-30 15:00:00,128.29953
2012-07-30 16:00:00,160.96246
2012-07-30 17:00:00,330.3954
2012-07-30 18:00:00,321.762
2012-07-30 19:00:00,249.67538
2012-07-30 20:00:00,147.57967
2012-07-30 21:00:00,116.966354
2012-07-30 22:00:00,81.64152
2012-07-30 23:00:00,63.603226
2012-07-31 00:00:00,39.112656
2012-07-31 01:00:00,13.100924
2012-07-31 02:00:00,6.5244884
2012-07-31 03:00:00,2.9941761
2012-07-31 04:00:00,2.9449582
2012-07-31 05:00:00,23.465029
2012-07-31 06:00:00,92.69604
2012-07-31 07:00:00,210.92722
2012-07-31 08:00:00,328.0379
2012-07-31 09:00:00,162.05408
2012-07-31 10:00:00,109.35327
2012-07-31 11:00:00,122.66443
2012-07-31 12:00:00,157.51881
2012-07-31 13:00:00,128.03015
2012-07-31 14:00:00,111.53978
2012-07-31 15:00:00,121.93822
2012-07-31 16:00:00,154.10617
2012-07-31 17:00:00,356.03647
2012-07-31 18:00:00,324.35007
2012-07-31 19:00:00,171.07547
2012-07-31 20:00:00,107.25827
2012-07-31 21:00:00,117.89012
2012-07-31 22:00:00,89.751175
2012-07-31 23:00:00,64.50989
2012-08-20 00:00:00,36.264114
2012-08-20 01:00:00,30.524063
2012-08-20 02:00:00,28.7928
2012-08-20 03:00:00,22.140633
2012-08-20 04:00:00,18.27778
2012-08-20 05:00:00,33.96019
2012-08-20 06:00:00,138.85493
2012-08-20 07:00:00,341.0912
2012-08-20 08:00:00,485.0192
2012-08-20 09:00:00,248.81784
2012-08-20 10:00:00,170.76573
2012-08-20 11:00:00,200.68927
2012-08-20 12:00:00,234.96138
2012-08-20 13:00:00,237.06569
2012-08-20 14:00:00,219.59357
2012-08-20 15:00:00,220.74321
2012-08-20 16:00:00,279.08868
2012-08-20 17:00:00,514.20856
2012-08-20 18:00:00,382.48138
2012-08-20 19:00:00,290.71106
2012-08-20 20:00:00,196.60928
2012-08-20 21:00:00,181.79568
2012-08-20 22:00:00,113.00949
2012-08-20 23:00:00,78.54256
2012-08-21 00:00:00,54.16787
2012-08-21 01:00:00,42.00849
2012-08-21 02:00:00,37.408905
2012-08-21 03:00:00,28.64782
2012-08-21 04:00:00,24.239048
2012-08-21 05:00:00,44.926674
2012-08-21 06:00:00,151.10213
2012-08-21 07:00:00,400.23657
2012-08-21 08:00:00,531.90784
2012-08-21 09:00:00,266.26263
2012-08-21 10:00:00,192.4383
2012-08-21 11:00:00,217.79741
2012-08-21 12:00:00,265.29898
2012-08-21 13:00:00,254.49466
2012-08-21 14:00:00,234.14807
2012-08-21 15:00:00,243.75745
2012-08-21 16:00:00,318.9348
2012-08-21 17:00:00,526.781
2012-08-21 18:00:00,517.2162
2012-08-21 19:00:00,265.33582
2012-08-21 20:00:00,273.66586
2012-08-21 21:00:00,219.77803
2012-08-21 22:00:00,172.03412
2012-08-21 23:00:00,106.60122
2012-08-22 00:00:00,65.84415
2012-08-22 01:00:00,48.3166
2012-08-22 02:00:00,39.075928
2012-08-22 03:00:00,31.535738
2012-08-22 04:00:00,26.277538
2012-08-22 05:00:00,48.35281
2012-08-22 06:00:00,161.30595
2012-08-22 07:00:00,394.6283
2012-08-22 08:00:00,539.3135
2012-08-22 09:00:00,278.20123
2012-08-22 10:00:00,199.06732
2012-08-22 11:00:00,218.67737
2012-08-22 12:00:00,256.0226
2012-08-22 13:00:00,244.32909
2012-08-22 14:00:00,218.85619
2012-08-22 15:00:00,226.42267
2012-08-22 16:00:00,227.87955
2012-08-22 17:00:00,435.41254
2012-08-22 18:00:00,422.7165
2012-08-22 19:00:00,329.90732
2012-08-22 20:00:00,279.97375
2012-08-22 21:00:00,224.16663
2012-08-22 22:00:00,200.59369
2012-08-22 23:00:00,119.310974
2012-08-23 00:00:00,78.00174
2012-08-23 01:00:00,47.696922
2012-08-23 02:00:00,38.834175
2012-08-23 03:00:00,31.853247
2012-08-23 04:00:00,25.77977
2012-08-23 05:00:00,46.71541
2012-08-23 06:00:00,143.26784
2012-08-23 07:00:00,348.59894
2012-08-23 08:00:00,523.00256
2012-08-23 09:00:00,290.47137
2012-08-23 10:00:00,197.73505
2012-08-23 11:00:00,224.68335
2012-08-23 12:00:00,273.09784
2012-08-23 13:00:00,261.31125
2012-08-23 14:00:00,214.43045
2012-08-23 15:00:00,222.37433
2012-08-23 16:00:00,294.19376
2012-08-23 17:00:00,535.76245
2012-08-23 18:00:00,522.9669
2012-08-23 19:00:00,389.96335
2012-08-23 20:00:00,310.7403
2012-08-23 21:00:00,264.7657
2012-08-23 22:00:00,215.09618
2012-08-23 23:00:00,158.35144
2012-08-24 00:00:00,89.913055
2012-08-24 01:00:00,56.9237
2012-08-24 02:00:00,50.58375
2012-08-24 03:00:00,33.581608
2012-08-24 04:00:00,27.581087
2012-08-24 05:00:00,48.508156
2012-08-24 06:00:00,136.2367
2012-08-24 07:00:00,343.3987
2012-08-24 08:00:00,503.8567
2012-08-24 09:00:00,306.45142
2012-08-24 10:00:00,230.05118
2012-08-24 11:00:00,255.22073
2012-08-24 12:00:00,305.51593
2012-08-24 13:00:00,290.40643
2012-08-24 14:00:00,263.6491
2012-08-24 15:00:00,262.1193
2012-08-24 16:00:00,317.94446
2012-08-24 17:00:00,489.74902
2012-08-24 18:00:00,402.3598
2012-08-24 19:00:00,316.35544
2012-08-24 20:00:00,260.33704
2012-08-24 21:00:00,234.6038
2012-08-24 22:00:00,212.83759
2012-08-24 23:00:00,181.63687
2012-08-25 00:00:00,167.19498
2012-08-25 01:00:00,133.39388
2012-08-25 02:00:00,108.29562
2012-08-25 03:00:00,66.46979
2012-08-25 04:00:00,44.53174
2012-08-25 05:00:00,41.27599
2012-08-25 06:00:00,55.161148
2012-08-25 07:00:00,89.49376
2012-08-25 08:00:00,175.03716
2012-08-25 09:00:00,225.48962
2012-08-25 10:00:00,288.79346
2012-08-25 11:00:00,313.2409
2012-08-25 12:00:00,283.14923
2012-08-25 13:00:00,343.3952
2012-08-25 14:00:00,242.66208
2012-08-25 15:00:00,268.10992
2012-08-25 16:00:00,263.17142
2012-08-25 17:00:00,264.93085
2012-08-25 18:00:00,258.65067
2012-08-25 19:00:00,229.207
2012-08-25 20:00:00,153.3664
2012-08-25 21:00:00,179.7283
2012-08-25 22:00:00,140.5648
2012-08-25 23:00:00,112.94519
2012-08-26 00:00:00,128.39352
2012-08-26 01:00:00,100.440796
2012-08-26 02:00:00,77.23636
2012-08-26 03:00:00,43.287846
2012-08-26 04:00:00,22.526295
2012-08-26 05:00:00,20.66254
2012-08-26 06:00:00,22.32177
2012-08-26 07:00:00,41.630516
2012-08-26 08:00:00,95.445206
2012-08-26 09:00:00,143.17911
2012-08-26 10:00:00,187.361
2012-08-26 11:00:00,203.09534
2012-08-26 12:00:00,141.60098
2012-08-26 13:00:00,139.7182
2012-08-26 14:00:00,159.16914
2012-08-26 15:00:00,115.68439
2012-08-26 16:00:00,108.78465
2012-08-26 17:00:00,139.96481
2012-08-26 18:00:00,124.210724
2012-08-26 19:00:00,121.17461
2012-08-26 20:00:00,107.81779
2012-08-26 21:00:00,100.14809
2012-08-26 22:00:00,88.19178
2012-08-26 23:00:00,74.18745
2012-08-27 00:00:00,38.869755
2012-08-27 01:00:00,20.448967
2012-08-27 02:00:00,14.693166
2012-08-27 03:00:00,11.679953
2012-08-27 04:00:00,10.535246
2012-08-27 05:00:00,29.938183
2012-08-27 06:00:00,103.43201
2012-08-27 07:00:00,228.69124
2012-08-27 08:00:00,324.15747
2012-08-27 09:00:00,162.53683
2012-08-27 10:00:00,121.623764
2012-08-27 11:00:00,135.81802
2012-08-27 12:00:00,180.92712
2012-08-27 13:00:00,172.20798
2012-08-27 14:00:00,168.00241
2012-08-27 15:00:00,157.63159
2012-08-27 16:00:00,191.86203
2012-08-27 17:00:00,421.75165
2012-08-27 18:00:00,396.0721
2012-08-27 19:00:00,220.55164
2012-08-27 20:00:00,186.62808
2012-08-27 21:00:00,143.37393
2012-08-27 22:00:00,99.94859
2012-08-27 23:00:00,77.744606
2012-08-28 00:00:00,42.44165
2012-08-28 01:00:00,27.172462
2012-08-28 02:00:00,15.91723
2012-08-28 03:00:00,15.564951
2012-08-28 04:00:00,11.622682
2012-08-28 05:00:00,25.219402
2012-08-28 06:00:00,111.3633
2012-08-28 07:00:00,230.03624
2012-08-28 08:00:00,319.2449
2012-08-28 09:00:00,174.69873
2012-08-28 10:00:00,126.78505
2012-08-28 11:00:00,144.54874
2012-08-28 12:00:00,170.67093
2012-08-28 13:00:00,169.91388
2012-08-28 14:00:00,154.65446
2012-08-28 15:00:00,167.6886
2012-08-28 16:00:00,205.76582
2012-08-28 17:00:00,436.61
2012-08-28 18:00:00,408.5434
2012-08-28 19:00:00,279.87018
2012-08-28 20:00:00,219.37772
2012-08-28 21:00:00,192.7626
2012-08-28 22:00:00,159.41931
2012-08-28 23:00:00,122.27661
2012-08-29 00:00:00,54.336426
2012-08-29 01:00:00,26.874596
2012-08-29 02:00:00,18.078148
2012-08-29 03:00:00,15.025408
2012-08-29 04:00:00,13.981201
2012-08-29 05:00:00,39.114773
2012-08-29 06:00:00,125.86655
2012-08-29 07:00:00,274.0012
2012-08-29 08:00:00,411.94464
2012-08-29 09:00:00,199.88515
2012-08-29 10:00:00,138.80853
2012-08-29 11:00:00,165.02219
2012-08-29 12:00:00,193.60825
2012-08-29 13:00:00,180.99187
2012-08-29 14:00:00,165.23125
2012-08-29 15:00:00,166.48572
2012-08-29 16:00:00,217.66533
2012-08-29 17:00:00,433.60193
2012-08-29 18:00:00,416.27023
2012-08-29 19:00:00,278.95355
2012-08-29 20:00:00,227.03085
2012-08-29 21:00:00,192.46701
2012-08-29 22:00:00,162.60413
2012-08-29 23:00:00,129.65524
2012-08-30 00:00:00,58.530514
2012-08-30 01:00:00,26.78159
2012-08-30 02:00:00,18.906948
2012-08-30 03:00:00,14.457062
2012-08-30 04:00:00,13.770344
2012-08-30 05:00:00,37.60633
2012-08-30 06:00:00,120.685974
2012-08-30 07:00:00,273.4208
2012-08-30 08:00:00,409.93793
2012-08-30 09:00:00,215.17545
2012-08-30 10:00:00,144.62776
2012-08-30 11:00:00,171.48361
2012-08-30 12:00:00,186.82875
2012-08-30 13:00:00,181.74783
2012-08-30 14:00:00,160.29996
2012-08-30 15:00:00,163.23874
2012-08-30 16:00:00,211.16754
2012-08-30 17:00:00,438.53848
2012-08-30 18:00:00,423.17758
2012-08-30 19:00:00,291.59692
2012-08-30 20:00:00,220.92871
2012-08-30 21:00:00,173.38678
2012-08-30 22:00:00,150.76035
2012-08-30 23:00:00,119.02374
2012-08-31 00:00:00,75.03921
2012-08-31 01:00:00,43.781414
2012-08-31 02:00:00,26.828236
2012-08-31 03:00:00,19.480282
2012-08-31 04:00:00,15.470928
2012-08-31 05:00:00,34.736794
2012-08-31 06:00:00,108.23267
2012-08-31 07:00:00,207.76709
2012-08-31 08:00:00,381.68756
2012-08-31 09:00:00,205.7721
2012-08-31 10:00:00,162.25372
2012-08-31 11:00:00,183.33981
2012-08-31 12:00:00,211.68484
2012-08-31 13:00:00,205.5329
2012-08-31 14:00:00,196.40425
2012-08-31 15:00:00,192.01392
2012-08-31 16:00:00,233.35123
2012-08-31 17:00:00,391.0069
2012-08-31 18:00:00,339.11115
2012-08-31 19:00:00,250.04318
2012-08-31 20:00:00,211.31538
2012-08-31 21:00:00,183.75223
2012-08-31 22:00:00,167.23077
2012-08-31 23:00:00,158.33994
2012-09-20 00:00:00,62.671806
2012-09-20 01:00:00,47.485542
2012-09-20 02:00:00,44.728592
2012-09-20 03:00:00,40.04381
2012-09-20 04:00:00,39.466553
2012-09-20 05:00:00,66.61433
2012-09-20 06:00:00,172.91196
2012-09-20 07:00:00,504.82825
2012-09-20 08:00:00,746.642
2012-09-20 09:00:00,335.5578
2012-09-20 10:00:00,220.31895
2012-09-20 11:00:00,250.96165
2012-09-20 12:00:00,311.30634
2012-09-20 13:00:00,301.15338
2012-09-20 14:00:00,282.64957
2012-09-20 15:00:00,304.67267
2012-09-20 16:00:00,408.02386
2012-09-20 17:00:00,710.975
2012-09-20 18:00:00,695.3895
2012-09-20 19:00:00,528.2593
2012-09-20 20:00:00,392.2771
2012-09-20 21:00:00,321.8863
2012-09-20 22:00:00,250.65157
2012-09-20 23:00:00,189.54794
2012-09-21 00:00:00,102.20667
2012-09-21 01:00:00,76.99434
2012-09-21 02:00:00,66.242096
2012-09-21 03:00:00,56.416874
2012-09-21 04:00:00,50.679108
2012-09-21 05:00:00,75.13501
2012-09-21 06:00:00,174.28827
2012-09-21 07:00:00,443.78668
2012-09-21 08:00:00,682.8979
2012-09-21 09:00:00,341.49167
2012-09-21 10:00:00,265.12418
2012-09-21 11:00:00,312.74155
2012-09-21 12:00:00,374.82962
2012-09-21 13:00:00,379.6662
2012-09-21 14:00:00,359.52164
2012-09-21 15:00:00,372.32758
2012-09-21 16:00:00,487.13455
2012-09-21 17:00:00,676.3719
2012-09-21 18:00:00,602.5708
2012-09-21 19:00:00,451.5244
2012-09-21 20:00:00,343.76157
2012-09-21 21:00:00,289.7221
2012-09-21 22:00:00,266.2011
2012-09-21 23:00:00,218.45377
2012-09-22 00:00:00,193.9848
2012-09-22 01:00:00,158.80069
2012-09-22 02:00:00,135.58572
2012-09-22 03:00:00,97.85895
2012-09-22 04:00:00,76.866295
2012-09-22 05:00:00,81.41052
2012-09-22 06:00:00,92.74396
2012-09-22 07:00:00,136.15977
2012-09-22 08:00:00,241.29388
2012-09-22 09:00:00,331.1902
2012-09-22 10:00:00,428.70306
2012-09-22 11:00:00,505.367
2012-09-22 12:00:00,556.63727
2012-09-22 13:00:00,541.13196
2012-09-22 14:00:00,515.6946
2012-09-22 15:00:00,503.98282
2012-09-22 16:00:00,505.42972
2012-09-22 17:00:00,513.9905
2012-09-22 18:00:00,466.46497
2012-09-22 19:00:00,410.31702
2012-09-22 20:00:00,358.6761
2012-09-22 21:00:00,321.05353
2012-09-22 22:00:00,295.99878
2012-09-22 23:00:00,256.3644
2012-09-23 00:00:00,219.34921
2012-09-23 01:00:00,159.23088
2012-09-23 02:00:00,132.5966
2012-09-23 03:00:00,96.41609
2012-09-23 04:00:00,75.991356
2012-09-23 05:00:00,77.43767
2012-09-23 06:00:00,79.85707
2012-09-23 07:00:00,117.67201
2012-09-23 08:00:00,191.89111
2012-09-23 09:00:00,296.57755
2012-09-23 10:00:00,410.34174
2012-09-23 11:00:00,481.38092
2012-09-23 12:00:00,545.9148
2012-09-23 13:00:00,562.83093
2012-09-23 14:00:00,528.90015
2012-09-23 15:00:00,534.5232
2012-09-23 16:00:00,530.60284
2012-09-23 17:00:00,514.4734
2012-09-23 18:00:00,456.88083
2012-09-23 19:00:00,354.6552
2012-09-23 20:00:00,287.07587
2012-09-23 21:00:00,221.53877
2012-09-23 22:00:00,194.44946
2012-09-23 23:00:00,151.77148
2012-09-24 00:00:00,84.22325
2012-09-24 01:00:00,66.91508
2012-09-24 02:00:00,61.664097
2012-09-24 03:00:00,55.46988
2012-09-24 04:00:00,50.00228
2012-09-24 05:00:00,73.738785
2012-09-24 06:00:00,172.91873
2012-09-24 07:00:00,471.84293
2012-09-24 08:00:00,721.3816
2012-09-24 09:00:00,326.3846
2012-09-24 10:00:00,213.00212
2012-09-24 11:00:00,264.15994
2012-09-24 12:00:00,327.472
2012-09-24 13:00:00,314.00217
2012-09-24 14:00:00,293.63928
2012-09-24 15:00:00,309.05988
2012-09-24 16:00:00,441.01715
2012-09-24 17:00:00,753.03644
2012-09-24 18:00:00,734.31085
2012-09-24 19:00:00,523.5796
2012-09-24 20:00:00,358.26672
2012-09-24 21:00:00,288.35358
2012-09-24 22:00:00,202.89554
2012-09-24 23:00:00,143.07153
2012-09-25 00:00:00,82.27662
2012-09-25 01:00:00,67.043655
2012-09-25 02:00:00,61.39241
2012-09-25 03:00:00,54.270184
2012-09-25 04:00:00,51.073807
2012-09-25 05:00:00,74.95811
2012-09-25 06:00:00,180.94199
2012-09-25 07:00:00,489.4917
2012-09-25 08:00:00,744.3673
2012-09-25 09:00:00,347.93542
2012-09-25 10:00:00,213.07211
2012-09-25 11:00:00,208.44577
2012-09-25 12:00:00,203.71506
2012-09-25 13:00:00,168.66815
2012-09-25 14:00:00,142.7734
2012-09-25 15:00:00,159.45282
2012-09-25 16:00:00,201.48828
2012-09-25 17:00:00,416.95575
2012-09-25 18:00:00,395.69122
2012-09-25 19:00:00,238.68488
2012-09-25 20:00:00,171.99875
2012-09-25 21:00:00,142.10626
2012-09-25 22:00:00,119.554596
2012-09-25 23:00:00,85.05478
2012-09-26 00:00:00,41.385277
2012-09-26 01:00:00,22.157476
2012-09-26 02:00:00,16.122631
2012-09-26 03:00:00,13.863442
2012-09-26 04:00:00,9.131752
2012-09-26 05:00:00,35.183155
2012-09-26 06:00:00,105.6075
2012-09-26 07:00:00,260.5956
2012-09-26 08:00:00,390.76828
2012-09-26 09:00:00,181.90964
2012-09-26 10:00:00,110.20817
2012-09-26 11:00:00,133.46112
2012-09-26 12:00:00,159.41394
2012-09-26 13:00:00,159.73288
2012-09-26 14:00:00,136.53513
2012-09-26 15:00:00,140.74533
2012-09-26 16:00:00,189.46576
2012-09-26 17:00:00,387.19867
2012-09-26 18:00:00,380.04865
2012-09-26 19:00:00,257.88943
2012-09-26 20:00:00,172.3108
2012-09-26 21:00:00,156.1435
2012-09-26 22:00:00,87.208115
2012-09-26 23:00:00,69.81688
2012-09-27 00:00:00,51.02663
2012-09-27 01:00:00,23.424416
2012-09-27 02:00:00,14.902027
2012-09-27 03:00:00,9.613842
2012-09-27 04:00:00,6.6907015
2012-09-27 05:00:00,31.89936
2012-09-27 06:00:00,99.47235
2012-09-27 07:00:00,256.4505
2012-09-27 08:00:00,387.5304
2012-09-27 09:00:00,179.70464
2012-09-27 10:00:00,120.23331
2012-09-27 11:00:00,139.11247
2012-09-27 12:00:00,166.62216
2012-09-27 13:00:00,159.01128
2012-09-27 14:00:00,141.08772
2012-09-27 15:00:00,150.04391
2012-09-27 16:00:00,183.6375
2012-09-27 17:00:00,326.373
2012-09-27 18:00:00,322.67206
2012-09-27 19:00:00,239.03308
2012-09-27 20:00:00,172.76128
2012-09-27 21:00:00,80.195694
2012-09-27 22:00:00,64.23181
2012-09-27 23:00:00,59.551388
2012-09-28 00:00:00,44.960754
2012-09-28 01:00:00,17.020733
2012-09-28 02:00:00,18.13266
2012-09-28 03:00:00,10.623743
2012-09-28 04:00:00,6.1430387
2012-09-28 05:00:00,27.59092
2012-09-28 06:00:00,78.21219
2012-09-28 07:00:00,170.47278
2012-09-28 08:00:00,330.9544
2012-09-28 09:00:00,155.34052
2012-09-28 10:00:00,120.4626
2012-09-28 11:00:00,140.59613
2012-09-28 12:00:00,184.55057
2012-09-28 13:00:00,179.86996
2012-09-28 14:00:00,162.52866
2012-09-28 15:00:00,169.6579
2012-09-28 16:00:00,222.0968
2012-09-28 17:00:00,352.5822
2012-09-28 18:00:00,294.35217
2012-09-28 19:00:00,161.53989
2012-09-28 20:00:00,126.28898
2012-09-28 21:00:00,116.25924
2012-09-28 22:00:00,128.0206
2012-09-28 23:00:00,106.42699
2012-09-29 00:00:00,108.182434
2012-09-29 01:00:00,81.03372
2012-09-29 02:00:00,62.195545
2012-09-29 03:00:00,35.430443
2012-09-29 04:00:00,22.527477
2012-09-29 05:00:00,22.124947
2012-09-29 06:00:00,34.45561
2012-09-29 07:00:00,59.31382
2012-09-29 08:00:00,108.51159
2012-09-29 09:00:00,142.50388
2012-09-29 10:00:00,190.3628
2012-09-29 11:00:00,227.48102
2012-09-29 12:00:00,280.79556
2012-09-29 13:00:00,276.8291
2012-09-29 14:00:00,259.20923
2012-09-29 15:00:00,240.72906
2012-09-29 16:00:00,250.75067
2012-09-29 17:00:00,244.90569
2012-09-29 18:00:00,197.96706
2012-09-29 19:00:00,164.36948
2012-09-29 20:00:00,127.18614
2012-09-29 21:00:00,119.08371
2012-09-29 22:00:00,111.54426
2012-09-29 23:00:00,105.9315
2012-09-30 00:00:00,106.49915
2012-09-30 01:00:00,83.80917
2012-09-30 02:00:00,59.457806
2012-09-30 03:00:00,33.09044
2012-09-30 04:00:00,14.087099
2012-09-30 05:00:00,10.494377
2012-09-30 06:00:00,19.632017
2012-09-30 07:00:00,43.38875
2012-09-30 08:00:00,84.81788
2012-09-30 09:00:00,142.48907
2012-09-30 10:00:00,194.57623
2012-09-30 11:00:00,235.95618
2012-09-30 12:00:00,271.54236
2012-09-30 13:00:00,269.51343
2012-09-30 14:00:00,235.42236
2012-09-30 15:00:00,262.66943
2012-09-30 16:00:00,261.20782
2012-09-30 17:00:00,239.17105
2012-09-30 18:00:00,164.96588
2012-09-30 19:00:00,82.40662
2012-09-30 20:00:00,63.226913
2012-09-30 21:00:00,87.99804
2012-09-30 22:00:00,72.44262
2012-09-30 23:00:00,59.19489
2012-10-20 00:00:00,153.61313
2012-10-20 01:00:00,119.35327
2012-10-20 02:00:00,89.081955
2012-10-20 03:00:00,58.404743
2012-10-20 04:00:00,36.685753
2012-10-20 05:00:00,40.072483
2012-10-20 06:00:00,56.492302
2012-10-20 07:00:00,100.06517
2012-10-20 08:00:00,201.58499
2012-10-20 09:00:00,292.21115
2012-10-20 10:00:00,349.60297
2012-10-20 11:00:00,378.02408
2012-10-20 12:00:00,423.27957
2012-10-20 13:00:00,423.15594
2012-10-20 14:00:00,395.28522
2012-10-20 15:00:00,380.54413
2012-10-20 16:00:00,376.54205
2012-10-20 17:00:00,385.19388
2012-10-20 18:00:00,342.6405
2012-10-20 19:00:00,263.11816
2012-10-20 20:00:00,238.42317
2012-10-20 21:00:00,201.37512
2012-10-20 22:00:00,185.81493
2012-10-20 23:00:00,167.88295
2012-10-21 00:00:00,154.97723
2012-10-21 01:00:00,127.59784
2012-10-21 02:00:00,96.10843
2012-10-21 03:00:00,63.909073
2012-10-21 04:00:00,40.530228
2012-10-21 05:00:00,41.06044
2012-10-21 06:00:00,49.864304
2012-10-21 07:00:00,80.76781
2012-10-21 08:00:00,141.2787
2012-10-21 09:00:00,250.27098
2012-10-21 10:00:00,327.83463
2012-10-21 11:00:00,375.52048
2012-10-21 12:00:00,435.58826
2012-10-21 13:00:00,452.25568
2012-10-21 14:00:00,424.08276
2012-10-21 15:00:00,403.73853
2012-10-21 16:00:00,395.85718
2012-10-21 17:00:00,363.84372
2012-10-21 18:00:00,321.62427
2012-10-21 19:00:00,254.36096
2012-10-21 20:00:00,197.73029
2012-10-21 21:00:00,151.78387
2012-10-21 22:00:00,132.67474
2012-10-21 23:00:00,110.2742
2012-10-22 00:00:00,65.63463
2012-10-22 01:00:00,49.38523
2012-10-22 02:00:00,43.06022
2012-10-22 03:00:00,36.123398
2012-10-22 04:00:00,29.937033
2012-10-22 05:00:00,49.401894
2012-10-22 06:00:00,141.43657
2012-10-22 07:00:00,404.2575
2012-10-22 08:00:00,629.5459
2012-10-22 09:00:00,309.74973
2012-10-22 10:00:00,207.3635
2012-10-22 11:00:00,250.18462
2012-10-22 12:00:00,308.04688
2012-10-22 13:00:00,299.68268
2012-10-22 14:00:00,284.12897
2012-10-22 15:00:00,289.12064
2012-10-22 16:00:00,358.814
2012-10-22 17:00:00,594.46027
2012-10-22 18:00:00,487.79324
2012-10-22 19:00:00,371.2843
2012-10-22 20:00:00,282.5254
2012-10-22 21:00:00,210.78606
2012-10-22 22:00:00,140.77307
2012-10-22 23:00:00,107.925125
2012-10-23 00:00:00,65.019165
2012-10-23 01:00:00,50.13359
2012-10-23 02:00:00,42.91105
2012-10-23 03:00:00,35.549393
2012-10-23 04:00:00,30.776941
2012-10-23 05:00:00,57.032692
2012-10-23 06:00:00,160.5356
2012-10-23 07:00:00,428.83752
2012-10-23 08:00:00,607.97485
2012-10-23 09:00:00,315.33493
2012-10-23 10:00:00,219.61621
2012-10-23 11:00:00,244.67769
2012-10-23 12:00:00,282.90808
2012-10-23 13:00:00,269.92126
2012-10-23 14:00:00,260.46844
2012-10-23 15:00:00,282.3964
2012-10-23 16:00:00,335.97736
2012-10-23 17:00:00,580.4718
2012-10-23 18:00:00,532.47095
2012-10-23 19:00:00,376.14148
2012-10-23 20:00:00,296.01367
2012-10-23 21:00:00,230.98883
2012-10-23 22:00:00,184.19737
2012-10-23 23:00:00,133.29881
2012-10-24 00:00:00,71.3414
2012-10-24 01:00:00,52.412308
2012-10-24 02:00:00,44.376823
2012-10-24 03:00:00,37.123386
2012-10-24 04:00:00,32.56504
2012-10-24 05:00:00,58.367645
2012-10-24 06:00:00,172.80864
2012-10-24 07:00:00,425.05505
2012-10-24 08:00:00,567.21106
2012-10-24 09:00:00,318.91705
2012-10-24 10:00:00,196.95795
2012-10-24 11:00:00,252.05142
2012-10-24 12:00:00,303.29517
2012-10-24 13:00:00,287.47882
2012-10-24 14:00:00,264.97873
2012-10-24 15:00:00,279.8076
2012-10-24 16:00:00,357.86176
2012-10-24 17:00:00,551.8548
2012-10-24 18:00:00,534.69324
2012-10-24 19:00:00,368.58615
2012-10-24 20:00:00,298.47516
2012-10-24 21:00:00,263.46494
2012-10-24 22:00:00,218.25507
2012-10-24 23:00:00,139.73677
2012-10-25 00:00:00,82.48357
2012-10-25 01:00:00,54.732697
2012-10-25 02:00:00,44.337982
2012-10-25 03:00:00,35.577667
2012-10-25 04:00:00,30.358282
2012-10-25 05:00:00,54.21347
2012-10-25 06:00:00,156.41891
2012-10-25 07:00:00,377.39365
2012-10-25 08:00:00,551.494
2012-10-25 09:00:00,286.40448
2012-10-25 10:00:00,170.37268
2012-10-25 11:00:00,173.89694
2012-10-25 12:00:00,235.00204
2012-10-25 13:00:00,212.32587
2012-10-25 14:00:00,230.85501
2012-10-25 15:00:00,270.58893
2012-10-25 16:00:00,314.23413
2012-10-25 17:00:00,505.1433
2012-10-25 18:00:00,307.20746
2012-10-25 19:00:00,259.85748
2012-10-25 20:00:00,229.86734
2012-10-25 21:00:00,196.94589
2012-10-25 22:00:00,152.34006
2012-10-25 23:00:00,111.23628
2012-10-26 00:00:00,66.564896
2012-10-26 01:00:00,28.703228
2012-10-26 02:00:00,12.955642
2012-10-26 03:00:00,9.292837
2012-10-26 04:00:00,8.209158
2012-10-26 05:00:00,26.594276
2012-10-26 06:00:00,86.35736
2012-10-26 07:00:00,183.59805
2012-10-26 08:00:00,288.62964
2012-10-26 09:00:00,149.83408
2012-10-26 10:00:00,101.352295
2012-10-26 11:00:00,129.42705
2012-10-26 12:00:00,163.9187
2012-10-26 13:00:00,161.25046
2012-10-26 14:00:00,155.02869
2012-10-26 15:00:00,171.8634
2012-10-26 16:00:00,186.04028
2012-10-26 17:00:00,212.58463
2012-10-26 18:00:00,177.97499
2012-10-26 19:00:00,114.76993
2012-10-26 20:00:00,92.64758
2012-10-26 21:00:00,97.772514
2012-10-26 22:00:00,80.15384
2012-10-26 23:00:00,72.46359
2012-10-27 00:00:00,99.670876
2012-10-27 01:00:00,75.83425
2012-10-27 02:00:00,53.568962
2012-10-27 03:00:00,32.329758
2012-10-27 04:00:00,14.014948
2012-10-27 05:00:00,18.293068
2012-10-27 06:00:00,28.66497
2012-10-27 07:00:00,59.496136
2012-10-27 08:00:00,114.75425
2012-10-27 09:00:00,131.23534
2012-10-27 10:00:00,173.26852
2012-10-27 11:00:00,217.35066
2012-10-27 12:00:00,265.68542
2012-10-27 13:00:00,273.4621
2012-10-27 14:00:00,233.08914
2012-10-27 15:00:00,194.04173
2012-10-27 16:00:00,196.14488
2012-10-27 17:00:00,188.51587
2012-10-27 18:00:00,161.23251
2012-10-27 19:00:00,117.463745
2012-10-27 20:00:00,101.961914
2012-10-27 21:00:00,92.59152
2012-10-27 22:00:00,86.17281
2012-10-27 23:00:00,68.73595
2012-10-28 00:00:00,72.09645
2012-10-28 01:00:00,75.86949
2012-10-28 02:00:00,57.480766
2012-10-28 03:00:00,34.27659
2012-10-28 04:00:00,16.243383
2012-10-28 05:00:00,16.091957
2012-10-28 06:00:00,24.405823
2012-10-28 07:00:00,49.397377
2012-10-28 08:00:00,88.63058
2012-10-28 09:00:00,118.50613
2012-10-28 10:00:00,157.6517
2012-10-28 11:00:00,190.9054
2012-10-28 12:00:00,200.76622
2012-10-28 13:00:00,197.23352
2012-10-28 14:00:00,192.65445
2012-10-28 15:00:00,174.43887
2012-10-28 16:00:00,114.79129
2012-10-28 17:00:00,92.59749
2012-10-28 18:00:00,52.974487
2012-10-28 19:00:00,53.673973
2012-10-28 20:00:00,47.844246
2012-10-28 21:00:00,47.384647
2012-10-28 22:00:00,37.650116
2012-10-28 23:00:00,26.494484
2012-10-29 00:00:00,29.692574
2012-10-30 13:00:00,68.09421
2012-10-30 14:00:00,63.98203
2012-10-30 15:00:00,61.611538
2012-10-30 16:00:00,79.12575
2012-10-30 17:00:00,142.39539
2012-10-30 18:00:00,138.5455
2012-10-30 19:00:00,214.14238
2012-10-30 20:00:00,106.47397
2012-10-30 21:00:00,87.76755
2012-10-30 22:00:00,77.195114
2012-10-30 23:00:00,63.310246
2012-10-31 00:00:00,39.844326
2012-10-31 01:00:00,19.646576
2012-10-31 02:00:00,10.617976
2012-10-31 03:00:00,7.8603864
2012-10-31 04:00:00,7.9741344
2012-10-31 05:00:00,26.831135
2012-10-31 06:00:00,91.01676
2012-10-31 07:00:00,207.80627
2012-10-31 08:00:00,415.3411
2012-10-31 09:00:00,175.51816
2012-10-31 10:00:00,99.060486
2012-10-31 11:00:00,105.272934
2012-10-31 12:00:00,148.49304
2012-10-31 13:00:00,148.3678
2012-10-31 14:00:00,120.86357
2012-10-31 15:00:00,146.91357
2012-10-31 16:00:00,179.00546
2012-10-31 17:00:00,319.2973
2012-10-31 18:00:00,310.3443
2012-10-31 19:00:00,215.69812
2012-10-31 20:00:00,159.53354
2012-10-31 21:00:00,133.13062
2012-10-31 22:00:00,106.02812
2012-10-31 23:00:00,85.09951
2012-11-20 00:00:00,50.69178
2012-11-20 01:00:00,40.56215
2012-11-20 02:00:00,36.74085
2012-11-20 03:00:00,29.995504
2012-11-20 04:00:00,27.32185
2012-11-20 05:00:00,47.250053
2012-11-20 06:00:00,130.20822
2012-11-20 07:00:00,376.27148
2012-11-20 08:00:00,601.42456
2012-11-20 09:00:00,296.36398
2012-11-20 10:00:00,164.6973
2012-11-20 11:00:00,195.29346
2012-11-20 12:00:00,230.21368
2012-11-20 13:00:00,230.65123
2012-11-20 14:00:00,214.68909
2012-11-20 15:00:00,244.3379
2012-11-20 16:00:00,286.889
2012-11-20 17:00:00,449.92737
2012-11-20 18:00:00,432.54724
2012-11-20 19:00:00,317.30786
2012-11-20 20:00:00,238.78333
2012-11-20 21:00:00,202.10089
2012-11-20 22:00:00,160.44965
2012-11-20 23:00:00,110.79819
2012-11-21 00:00:00,64.301476
2012-11-21 01:00:00,51.459385
2012-11-21 02:00:00,45.90822
2012-11-21 03:00:00,37.780807
2012-11-21 04:00:00,31.10347
2012-11-21 05:00:00,48.481834
2012-11-21 06:00:00,133.4801
2012-11-21 07:00:00,371.2241
2012-11-21 08:00:00,610.5025
2012-11-21 09:00:00,301.54578
2012-11-21 10:00:00,176.79382
2012-11-21 11:00:00,192.81418
2012-11-21 12:00:00,242.74583
2012-11-21 13:00:00,243.19669
2012-11-21 14:00:00,240.6193
2012-11-21 15:00:00,255.0485
2012-11-21 16:00:00,308.18408
2012-11-21 17:00:00,490.1875
2012-11-21 18:00:00,457.81116
2012-11-21 19:00:00,325.02478
2012-11-21 20:00:00,250.22015
2012-11-21 21:00:00,208.12418
2012-11-21 22:00:00,159.78989
2012-11-21 23:00:00,125.70549
2012-11-22 00:00:00,100.19431
2012-11-22 01:00:00,82.39902
2012-11-22 02:00:00,69.963486
2012-11-22 03:00:00,51.426605
2012-11-22 04:00:00,49.810673
2012-11-22 05:00:00,53.687065
2012-11-22 06:00:00,81.984634
2012-11-22 07:00:00,198.64536
2012-11-22 08:00:00,358.98694
2012-11-22 09:00:00,270.20276
2012-11-22 10:00:00,260.4187
2012-11-22 11:00:00,286.26666
2012-11-22 12:00:00,329.73846
2012-11-22 13:00:00,326.42572
2012-11-22 14:00:00,313.58646
2012-11-22 15:00:00,307.97363
2012-11-22 16:00:00,310.50684
2012-11-22 17:00:00,365.40204
2012-11-22 18:00:00,304.0174
2012-11-22 19:00:00,258.78052
2012-11-22 20:00:00,222.5151
2012-11-22 21:00:00,200.60995
2012-11-22 22:00:00,169.31161
2012-11-22 23:00:00,145.15889
2012-11-23 00:00:00,71.33157
2012-11-23 01:00:00,60.36784
2012-11-23 02:00:00,47.56494
2012-11-23 03:00:00,37.309666
2012-11-23 04:00:00,31.091976
2012-11-23 05:00:00,46.75508
2012-11-23 06:00:00,126.51587
2012-11-23 07:00:00,342.44382
2012-11-23 08:00:00,574.6411
2012-11-23 09:00:00,296.4307
2012-11-23 10:00:00,192.69615
2012-11-23 11:00:00,225.33635
2012-11-23 12:00:00,288.61295
2012-11-23 13:00:00,296.61865
2012-11-23 14:00:00,300.68805
2012-11-23 15:00:00,298.77472
2012-11-23 16:00:00,338.7478
2012-11-23 17:00:00,461.75793
2012-11-23 18:00:00,382.93073
2012-11-23 19:00:00,293.7383
2012-11-23 20:00:00,234.37152
2012-11-23 21:00:00,211.9551
2012-11-23 22:00:00,176.0901
2012-11-23 23:00:00,138.95511
2012-11-24 00:00:00,133.9562
2012-11-24 01:00:00,106.81535
2012-11-24 02:00:00,81.893585
2012-11-24 03:00:00,55.676155
2012-11-24 04:00:00,40.72069
2012-11-24 05:00:00,42.488686
2012-11-24 06:00:00,48.356293
2012-11-24 07:00:00,82.2272
2012-11-24 08:00:00,152.66782
2012-11-24 09:00:00,206.4632
2012-11-24 10:00:00,258.35135
2012-11-24 11:00:00,309.80273
2012-11-24 12:00:00,331.3258
2012-11-24 13:00:00,374.93408
2012-11-24 14:00:00,344.80872
2012-11-24 15:00:00,332.69708
2012-11-24 16:00:00,324.03003
2012-11-24 17:00:00,286.387
2012-11-24 18:00:00,254.90192
2012-11-24 19:00:00,212.345
2012-11-24 20:00:00,173.34967
2012-11-24 21:00:00,155.03326
2012-11-24 22:00:00,141.00076
2012-11-24 23:00:00,124.59735
2012-11-25 00:00:00,127.43035
2012-11-25 01:00:00,112.74226
2012-11-25 02:00:00,84.698395
2012-11-25 03:00:00,53.39588
2012-11-25 04:00:00,35.385952
2012-11-25 05:00:00,38.478485
2012-11-25 06:00:00,40.244076
2012-11-25 07:00:00,61.43004
2012-11-25 08:00:00,117.93739
2012-11-25 09:00:00,183.94781
2012-11-25 10:00:00,221.3468
2012-11-25 11:00:00,216.41803
2012-11-25 12:00:00,224.31161
2012-11-25 13:00:00,204.0748
2012-11-25 14:00:00,176.4779
2012-11-25 15:00:00,185.11719
2012-11-25 16:00:00,188.57025
2012-11-25 17:00:00,144.78802
2012-11-25 18:00:00,119.48165
2012-11-25 19:00:00,110.647995
2012-11-25 20:00:00,94.09714
2012-11-25 21:00:00,82.19319
2012-11-25 22:00:00,77.97579
2012-11-25 23:00:00,59.68377
2012-11-26 00:00:00,27.146782
2012-11-26 01:00:00,15.533506
2012-11-26 02:00:00,10.7074585
2012-11-26 03:00:00,9.050093
2012-11-26 04:00:00,10.224831
2012-11-26 05:00:00,27.63527
2012-11-26 06:00:00,89.297646
2012-11-26 07:00:00,249.97491
2012-11-26 08:00:00,416.25897
2012-11-26 09:00:00,187.29773
2012-11-26 10:00:00,114.27047
2012-11-26 11:00:00,120.505844
2012-11-26 12:00:00,162.80972
2012-11-26 13:00:00,153.79913
2012-11-26 14:00:00,133.98018
2012-11-26 15:00:00,154.37346
2012-11-26 16:00:00,191.92068
2012-11-26 17:00:00,344.95514
2012-11-26 18:00:00,276.97824
2012-11-26 19:00:00,209.36926
2012-11-26 20:00:00,154.81552
2012-11-26 21:00:00,120.98971
2012-11-26 22:00:00,86.568634
2012-11-26 23:00:00,59.96249
2012-11-27 00:00:00,33.294052
2012-11-27 01:00:00,18.923922
2012-11-27 02:00:00,12.226046
2012-11-27 03:00:00,8.221841
2012-11-27 04:00:00,6.8758106
2012-11-27 05:00:00,26.658043
2012-11-27 06:00:00,86.852684
2012-11-27 07:00:00,113.96949
2012-11-27 08:00:00,195.95483
2012-11-27 09:00:00,160.71791
2012-11-27 10:00:00,63.01014
2012-11-27 11:00:00,63.316936
2012-11-27 12:00:00,77.32575
2012-11-27 13:00:00,75.25044
2012-11-27 14:00:00,71.758484
2012-11-27 15:00:00,104.39611
2012-11-27 16:00:00,135.61734
2012-11-27 17:00:00,249.85461
2012-11-27 18:00:00,204.08429
2012-11-27 19:00:00,147.83827
2012-11-27 20:00:00,121.989975
2012-11-27 21:00:00,100.39172
2012-11-27 22:00:00,81.30087
2012-11-27 23:00:00,58.81219
2012-11-28 00:00:00,38.842087
2012-11-28 01:00:00,22.02885
2012-11-28 02:00:00,13.445869
2012-11-28 03:00:00,10.380042
2012-11-28 04:00:00,11.505541
2012-11-28 05:00:00,30.448595
2012-11-28 06:00:00,93.55641
2012-11-28 07:00:00,233.0609
2012-11-28 08:00:00,421.77106
2012-11-28 09:00:00,183.64828
2012-11-28 10:00:00,111.748955
2012-11-28 11:00:00,118.35442
2012-11-28 12:00:00,137.81061
2012-11-28 13:00:00,139.6896
2012-11-28 14:00:00,118.46746
2012-11-28 15:00:00,136.76898
2012-11-28 16:00:00,177.17738
2012-11-28 17:00:00,314.16312
2012-11-28 18:00:00,279.84967
2012-11-28 19:00:00,208.22694
2012-11-28 20:00:00,155.20996
2012-11-28 21:00:00,122.693115
2012-11-28 22:00:00,90.34582
2012-11-28 23:00:00,69.745125
2012-11-29 00:00:00,38.95969
2012-11-29 01:00:00,19.282097
2012-11-29 02:00:00,12.086899
2012-11-29 04:00:00,11.479782
2012-11-29 05:00:00,30.70492
2012-11-29 06:00:00,92.00517
2012-11-29 07:00:00,247.17111
2012-11-29 08:00:00,403.84006
2012-11-29 09:00:00,195.87025
2012-11-29 10:00:00,114.11232
2012-11-29 11:00:00,122.67396
2012-11-29 12:00:00,147.0731
2012-11-29 13:00:00,149.7911
2012-11-29 14:00:00,124.2971
2012-11-29 15:00:00,138.16782
2012-11-29 16:00:00,176.27655
2012-11-29 17:00:00,302.28674
2012-11-29 18:00:00,273.90195
2012-11-29 19:00:00,196.39813
2012-11-29 20:00:00,150.16953
2012-11-29 21:00:00,117.49875
2012-11-29 22:00:00,98.189835
2012-11-29 23:00:00,90.53081
2012-11-30 00:00:00,43.65152
2012-11-30 01:00:00,26.100769
2012-11-30 02:00:00,15.145814
2012-11-30 03:00:00,11.465397
2012-11-30 04:00:00,11.067848
2012-11-30 05:00:00,29.344898
2012-11-30 06:00:00,85.678734
2012-11-30 07:00:00,215.39212
2012-11-30 08:00:00,366.1715
2012-11-30 09:00:00,179.81729
2012-11-30 10:00:00,121.761765
2012-11-30 11:00:00,135.73334
2012-11-30 12:00:00,165.66415
2012-11-30 13:00:00,160.24277
2012-11-30 14:00:00,147.3087
2012-11-30 15:00:00,164.63785
2012-11-30 16:00:00,205.40463
2012-11-30 17:00:00,273.87692
2012-11-30 18:00:00,232.25641
2012-11-30 19:00:00,158.97232
2012-11-30 20:00:00,130.09528
2012-11-30 21:00:00,117.11333
2012-11-30 22:00:00,110.05557
2012-11-30 23:00:00,97.014366
2012-12-20 00:00:00,54.030304
2012-12-20 01:00:00,42.073914
2012-12-20 02:00:00,36.191208
2012-12-20 03:00:00,30.81409
2012-12-20 04:00:00,25.291323
2012-12-20 05:00:00,40.85089
2012-12-20 06:00:00,119.49347
2012-12-20 07:00:00,346.09576
2012-12-20 08:00:00,564.6316
2012-12-20 09:00:00,277.36133
2012-12-20 10:00:00,153.25116
2012-12-20 11:00:00,183.08472
2012-12-20 12:00:00,224.81601
2012-12-20 13:00:00,220.53839
2012-12-20 14:00:00,199.17044
2012-12-20 15:00:00,217.29387
2012-12-20 16:00:00,274.5388
2012-12-20 17:00:00,411.70404
2012-12-20 18:00:00,380.65524
2012-12-20 19:00:00,223.0665
2012-12-20 20:00:00,181.47464
2012-12-20 21:00:00,150.92831
2012-12-20 22:00:00,117.07444
2012-12-20 23:00:00,102.15642
2012-12-21 00:00:00,80.52652
2012-12-21 01:00:00,70.58081
2012-12-21 02:00:00,67.195145
2012-12-21 03:00:00,57.758743
2012-12-21 04:00:00,29.8518
2012-12-21 05:00:00,43.258404
2012-12-21 06:00:00,113.49109
2012-12-21 07:00:00,314.72815
2012-12-21 08:00:00,560.3115
2012-12-21 09:00:00,285.87372
2012-12-21 10:00:00,177.42737
2012-12-21 11:00:00,197.91556
2012-12-21 12:00:00,251.06009
2012-12-21 13:00:00,245.8014
2012-12-21 14:00:00,232.49008
2012-12-21 15:00:00,240.03477
2012-12-21 16:00:00,315.6751
2012-12-21 17:00:00,407.96017
2012-12-21 18:00:00,349.3482
2012-12-21 19:00:00,236.55328
2012-12-21 20:00:00,191.15982
2012-12-21 21:00:00,158.71841
2012-12-21 22:00:00,130.33395
2012-12-21 23:00:00,113.6945
2012-12-22 00:00:00,111.12599
2012-12-22 01:00:00,94.940636
2012-12-22 02:00:00,73.96278
2012-12-22 03:00:00,51.603027
2012-12-22 04:00:00,34.03116
2012-12-22 05:00:00,36.475082
2012-12-22 06:00:00,42.259033
2012-12-22 07:00:00,72.94618
2012-12-22 08:00:00,140.99768
2012-12-22 09:00:00,195.50279
2012-12-22 10:00:00,243.44022
2012-12-22 11:00:00,300.66165
2012-12-22 12:00:00,323.13892
2012-12-22 13:00:00,336.1159
2012-12-22 14:00:00,318.2256
2012-12-22 15:00:00,304.1814
2012-12-22 16:00:00,303.0481
2012-12-22 17:00:00,255.0083
2012-12-22 18:00:00,215.01738
2012-12-22 19:00:00,188.95554
2012-12-22 20:00:00,150.89967
2012-12-22 21:00:00,139.42696
2012-12-22 22:00:00,125.730255
2012-12-22 23:00:00,112.45415
2012-12-23 00:00:00,117.53379
2012-12-23 01:00:00,105.45065
2012-12-23 02:00:00,80.177124
2012-12-23 03:00:00,57.414154
2012-12-23 04:00:00,35.005302
2012-12-23 05:00:00,32.727486
2012-12-23 06:00:00,36.349403
2012-12-23 07:00:00,58.46235
2012-12-23 08:00:00,113.03938
2012-12-23 09:00:00,180.14102
2012-12-23 10:00:00,234.34702
2012-12-23 11:00:00,281.42877
2012-12-23 12:00:00,326.27686
2012-12-23 13:00:00,340.35614
2012-12-23 14:00:00,333.42572
2012-12-23 15:00:00,335.76385
2012-12-23 16:00:00,325.1221
2012-12-23 17:00:00,227.51346
2012-12-23 18:00:00,196.05588
2012-12-23 19:00:00,166.00331
2012-12-23 20:00:00,135.78368
2012-12-23 21:00:00,120.865074
2012-12-23 22:00:00,108.320984
2012-12-23 23:00:00,90.89444
2012-12-24 00:00:00,60.403015
2012-12-24 01:00:00,48.62181
2012-12-24 02:00:00,43.259132
2012-12-24 03:00:00,35.03669
2012-12-24 05:00:00,43.02162
2012-12-24 06:00:00,109.74074
2012-12-24 07:00:00,314.42493
2012-12-24 08:00:00,575.1299
2012-12-24 09:00:00,259.7195
2012-12-24 10:00:00,143.66168
2012-12-24 11:00:00,164.85165
2012-12-24 12:00:00,207.17032
2012-12-24 13:00:00,155.65506
2012-12-24 14:00:00,134.07596
2012-12-24 15:00:00,147.95091
2012-12-24 16:00:00,197.60883
2012-12-24 17:00:00,290.7343
2012-12-24 18:00:00,288.9651
2012-12-24 19:00:00,224.7284
2012-12-24 20:00:00,171.70493
2012-12-24 21:00:00,147.28355
2012-12-24 22:00:00,110.632095
2012-12-24 23:00:00,90.862816
2012-12-25 00:00:00,106.774506
2012-12-25 01:00:00,91.082985
2012-12-25 02:00:00,78.03354
2012-12-25 04:00:00,47.890846
2012-12-25 05:00:00,56.741066
2012-12-25 06:00:00,79.10904
2012-12-25 07:00:00,188.8334
2012-12-25 08:00:00,321.54645
2012-12-25 09:00:00,240.32976
2012-12-25 10:00:00,240.88882
2012-12-25 11:00:00,253.2655
2012-12-25 12:00:00,283.8081
2012-12-25 13:00:00,276.15738
2012-12-25 14:00:00,264.0869
2012-12-25 15:00:00,249.29721
2012-12-25 16:00:00,259.2249
2012-12-25 17:00:00,284.6616
2012-12-25 18:00:00,273.40186
2012-12-25 19:00:00,222.54102
2012-12-25 20:00:00,183.51021
2012-12-25 21:00:00,152.6782
2012-12-25 22:00:00,127.533066
2012-12-25 23:00:00,100.89618
2012-12-26 00:00:00,74.049194
2012-12-26 01:00:00,59.068787
2012-12-26 02:00:00,50.5511
2012-12-26 03:00:00,37.52115
2012-12-26 04:00:00,30.344078
2012-12-26 05:00:00,47.335392
2012-12-26 06:00:00,115.01355
2012-12-26 07:00:00,191.14178
2012-12-26 08:00:00,340.29733
2012-12-26 09:00:00,180.66682
2012-12-26 10:00:00,110.68317
2012-12-26 11:00:00,125.47439
2012-12-26 12:00:00,147.83748
2012-12-26 13:00:00,145.0661
2012-12-26 14:00:00,136.19028
2012-12-26 15:00:00,148.46008
2012-12-26 16:00:00,190.38358
2012-12-26 17:00:00,267.34637
2012-12-26 18:00:00,242.7979
2012-12-26 19:00:00,192.65573
2012-12-26 20:00:00,150.83598
2012-12-26 21:00:00,152.25461
2012-12-26 22:00:00,111.818245
2012-12-26 23:00:00,84.6255
2012-12-27 00:00:00,71.04291
2012-12-27 01:00:00,60.08368
2012-12-27 02:00:00,47.82351
2012-12-27 03:00:00,37.707508
2012-12-27 04:00:00,32.98365
2012-12-27 05:00:00,43.738792
2012-12-27 06:00:00,111.91752
2012-12-27 07:00:00,327.26447
2012-12-27 08:00:00,602.8551
2012-12-27 09:00:00,298.05865
2012-12-27 10:00:00,168.72707
2012-12-27 11:00:00,176.50746
2012-12-27 12:00:00,207.93472
2012-12-27 13:00:00,202.32458
2012-12-27 14:00:00,191.12686
2012-12-27 15:00:00,201.45932
2012-12-27 16:00:00,266.56345
2012-12-27 17:00:00,424.97565
2012-12-27 18:00:00,402.73953
2012-12-27 19:00:00,283.20813
2012-12-27 20:00:00,219.49481
2012-12-27 21:00:00,174.04414
2012-12-27 22:00:00,133.37515
2012-12-27 23:00:00,107.59659
2012-12-28 00:00:00,72.145996
2012-12-28 01:00:00,56.3503
2012-12-28 02:00:00,47.722977
2012-12-28 03:00:00,36.513393
2012-12-28 04:00:00,28.373442
2012-12-28 05:00:00,43.00605
2012-12-28 06:00:00,115.50946
2012-12-28 07:00:00,298.83868
2012-12-28 08:00:00,553.7114
2012-12-28 09:00:00,291.80838
2012-12-28 10:00:00,175.69144
2012-12-28 11:00:00,195.7316
2012-12-28 12:00:00,239.41513
2012-12-28 13:00:00,232.70076
2012-12-28 14:00:00,211.4154
2012-12-28 15:00:00,221.17332
2012-12-28 16:00:00,288.56433
2012-12-28 17:00:00,397.6281
2012-12-28 18:00:00,333.0343
2012-12-28 19:00:00,249.83527
2012-12-28 20:00:00,186.59035
2012-12-28 21:00:00,151.56122
2012-12-28 22:00:00,130.54837
2012-12-28 23:00:00,118.54013
2012-12-29 00:00:00,115.235306
2012-12-29 01:00:00,103.76753
2012-12-29 02:00:00,78.57591
2012-12-29 03:00:00,52.932846
2012-12-29 04:00:00,35.010853
2012-12-29 05:00:00,35.390743
2012-12-29 06:00:00,38.81066
2012-12-29 07:00:00,65.53757
2012-12-29 08:00:00,144.10454
2012-12-29 09:00:00,195.96765
2012-12-29 10:00:00,200.7034
2012-12-29 11:00:00,219.24811
2012-12-29 12:00:00,235.92688
2012-12-29 13:00:00,225.25336
2012-12-29 14:00:00,270.96814
2012-12-29 15:00:00,267.48584
2012-12-29 16:00:00,289.98956
2012-12-29 17:00:00,227.36017
2012-12-29 18:00:00,211.40002
2012-12-29 19:00:00,191.81427
2012-12-29 20:00:00,155.889
2012-12-29 21:00:00,139.97833
2012-12-29 22:00:00,128.30853
2012-12-29 23:00:00,123.387856
2012-12-30 00:00:00,119.88819
2012-12-30 01:00:00,106.6132
2012-12-30 02:00:00,86.34842
2012-12-30 03:00:00,56.98944
2012-12-30 04:00:00,36.84499
2012-12-30 05:00:00,33.284164
2012-12-30 06:00:00,34.373997
2012-12-30 07:00:00,58.580612
2012-12-30 08:00:00,110.10481
2012-12-30 09:00:00,170.12872
2012-12-30 10:00:00,232.5525
2012-12-30 11:00:00,281.52026
2012-12-30 12:00:00,320.61362
2012-12-30 13:00:00,311.24252
2012-12-30 14:00:00,310.80722
2012-12-30 15:00:00,315.46173
2012-12-30 16:00:00,299.33234
2012-12-30 17:00:00,243.9722
2012-12-30 18:00:00,194.47644
2012-12-30 19:00:00,180.4586
2012-12-30 20:00:00,131.52402
2012-12-30 21:00:00,104.25145
2012-12-30 22:00:00,95.682816
2012-12-30 23:00:00,76.09067
2012-12-31 00:00:00,60.572918
2012-12-31 01:00:00,49.051723
2012-12-31 02:00:00,44.001286
2012-12-31 03:00:00,36.146034
2012-12-31 04:00:00,27.430729
2012-12-31 05:00:00,44.92797
2012-12-31 06:00:00,110.62509
2012-12-31 07:00:00,311.34427
2012-12-31 08:00:00,550.448
2012-12-31 09:00:00,255.92264
2012-12-31 10:00:00,135.35507
2012-12-31 11:00:00,163.70982
2012-12-31 12:00:00,204.18727
2012-12-31 13:00:00,199.21115
2012-12-31 14:00:00,189.91159
2012-12-31 15:00:00,196.32991
2012-12-31 16:00:00,269.17938
2012-12-31 17:00:00,435.13297
2012-12-31 18:00:00,405.91516
2012-12-31 19:00:00,277.72833
2012-12-31 20:00:00,203.50508
2012-12-31 21:00:00,154.58562
2012-12-31 22:00:00,111.22414
2012-12-31 23:00:00,77.59407
