datetime,count
2011-01-20 00:00:00,24.312225
2011-01-20 01:00:00,39.58448
2011-01-20 02:00:00,44.280296
2011-01-20 03:00:00,48.11538
2011-01-20 04:00:00,50.811066
2011-01-20 05:00:00,48.599895
2011-01-20 06:00:00,48.621002
2011-01-20 07:00:00,50.800568
2011-01-20 08:00:00,54.025223
2011-01-20 09:00:00,56.597637
2011-01-20 10:00:00,56.02386
2011-01-20 11:00:00,60.710846
2011-01-20 12:00:00,62.485054
2011-01-20 13:00:00,61.154663
2011-01-20 14:00:00,62.1008
2011-01-20 15:00:00,62.860832
2011-01-20 16:00:00,62.26091
2011-01-20 17:00:00,62.332428
2011-01-20 18:00:00,63.033867
2011-01-20 19:00:00,59.8172
2011-01-20 20:00:00,62.228104
2011-01-20 21:00:00,61.85945
2011-01-20 22:00:00,59.760498
2011-01-20 23:00:00,59.609753
2011-01-21 00:00:00,60.116096
2011-01-21 01:00:00,60.4982
2011-01-21 02:00:00,59.355522
2011-01-21 03:00:00,66.47792
2011-01-21 04:00:00,59.591118
2011-01-21 05:00:00,60.191284
2011-01-21 06:00:00,60.363777
2011-01-21 07:00:00,58.45097
2011-01-21 08:00:00,59.398727
2011-01-21 09:00:00,58.39157
2011-01-21 10:00:00,71.1496
2011-01-21 11:00:00,69.20045
2011-01-21 12:00:00,64.935425
2011-01-21 13:00:00,63.383724
2011-01-21 14:00:00,62.89396
2011-01-21 15:00:00,61.002228
2011-01-21 16:00:00,61.81077
2011-01-21 17:00:00,62.865047
2011-01-21 18:00:00,65.107544
2011-01-21 19:00:00,63.950676
2011-01-21 20:00:00,73.08376
2011-01-21 21:00:00,73.06006
2011-01-21 22:00:00,72.19342
2011-01-21 23:00:00,71.046844
2011-01-22 00:00:00,76.66621
2011-01-22 01:00:00,66.17528
2011-01-22 02:00:00,74.86691
2011-01-22 03:00:00,74.913895
2011-01-22 04:00:00,74.98719
2011-01-22 06:00:00,76.3868
2011-01-22 07:00:00,76.65773
2011-01-22 08:00:00,65.35745
2011-01-22 09:00:00,76.55223
2011-01-22 10:00:00,70.19362
2011-01-22 11:00:00,73.04794
2011-01-22 12:00:00,72.60791
2011-01-22 13:00:00,66.613754
2011-01-22 14:00:00,66.869446
2011-01-22 15:00:00,67.93829
2011-01-22 16:00:00,66.97557
2011-01-22 17:00:00,68.576614
2011-01-22 18:00:00,74.76381
2011-01-22 19:00:00,72.02309
2011-01-22 20:00:00,77.022156
2011-01-22 21:00:00,71.99507
2011-01-22 22:00:00,73.06091
2011-01-22 23:00:00,69.22777
2011-01-23 00:00:00,70.358795
2011-01-23 01:00:00,70.36476
2011-01-23 02:00:00,66.82947
2011-01-23 03:00:00,66.83493
2011-01-23 05:00:00,70.37481
2011-01-23 06:00:00,70.38289
2011-01-23 07:00:00,76.452515
2011-01-23 08:00:00,73.05441
2011-01-23 09:00:00,76.9568
2011-01-23 10:00:00,76.83322
2011-01-23 11:00:00,77.35087
2011-01-23 12:00:00,76.138916
2011-01-23 13:00:00,71.26659
2011-01-23 14:00:00,69.21774
2011-01-23 15:00:00,69.22217
2011-01-23 16:00:00,66.76451
2011-01-23 17:00:00,66.5753
2011-01-23 18:00:00,70.60362
2011-01-23 19:00:00,71.06851
2011-01-23 20:00:00,78.94837
2011-01-23 21:00:00,76.62396
2011-01-23 22:00:00,75.19436
2011-01-23 23:00:00,77.569466
2011-01-24 00:00:00,66.390305
2011-01-24 01:00:00,68.48723
2011-01-24 03:00:00,71.61333
2011-01-24 04:00:00,58.45125
2011-01-24 05:00:00,58.455635
2011-01-24 06:00:00,65.46623
2011-01-24 07:00:00,61.378136
2011-01-24 08:00:00,61.86178
2011-01-24 09:00:00,65.73915
2011-01-24 10:00:00,61.950836
2011-01-24 11:00:00,62.78012
2011-01-24 12:00:00,62.26802
2011-01-24 13:00:00,68.63022
2011-01-24 14:00:00,67.606285
2011-01-24 15:00:00,61.10164
2011-01-24 16:00:00,64.348
2011-01-24 17:00:00,68.396774
2011-01-24 18:00:00,60.762577
2011-01-24 19:00:00,65.278
2011-01-24 20:00:00,60.774166
2011-01-24 21:00:00,60.464043
2011-01-24 22:00:00,60.45043
2011-01-24 23:00:00,58.489136
2011-01-25 00:00:00,57.630615
2011-01-25 01:00:00,59.761795
2011-01-25 02:00:00,55.778557
2011-01-25 04:00:00,55.902634
2011-01-25 05:00:00,55.45308
2011-01-25 06:00:00,55.648746
2011-01-25 07:00:00,54.591827
2011-01-25 08:00:00,58.498558
2011-01-25 09:00:00,60.316208
2011-01-25 10:00:00,62.78566
2011-01-25 11:00:00,62.968643
2011-01-25 12:00:00,64.8904
2011-01-25 13:00:00,64.80729
2011-01-25 14:00:00,63.37883
2011-01-25 15:00:00,65.61598
2011-01-25 16:00:00,65.618416
2011-01-25 17:00:00,63.00188
2011-01-25 18:00:00,64.690704
2011-01-25 19:00:00,62.547543
2011-01-25 20:00:00,61.334377
2011-01-25 21:00:00,61.337704
2011-01-25 22:00:00,43.633835
2011-01-25 23:00:00,29.371626
2011-01-26 00:00:00,17.834227
2011-01-26 01:00:00,9.841692
2011-01-26 02:00:00,8.447593
2011-01-26 05:00:00,4.0717416
2011-01-26 06:00:00,4.071637
2011-01-26 07:00:00,4.3851824
2011-01-26 08:00:00,4.3851137
2011-01-26 09:00:00,4.3850536
2011-01-26 10:00:00,4.5475993
2011-01-26 11:00:00,5.0235844
2011-01-26 12:00:00,5.0234957
2011-01-26 13:00:00,5.0234184
2011-01-26 14:00:00,5.2030535
2011-01-26 15:00:00,6.490614
2011-01-26 16:00:00,4.642927
2011-01-26 17:00:00,4.83471
2011-01-27 16:00:00,3.0672913
2011-01-27 17:00:00,3.5783632
2011-01-27 18:00:00,2.1076589
2011-01-27 19:00:00,2.10778
2011-01-27 20:00:00,1.8988204
2011-01-27 21:00:00,1.8988256
2011-01-27 22:00:00,1.8988235
2011-01-27 23:00:00,2.1868687
2011-01-28 00:00:00,3.3955538
2011-01-28 01:00:00,3.3957038
2011-01-28 02:00:00,3.3734372
2011-01-28 03:00:00,3.042338
2011-01-28 05:00:00,2.8478928
2011-01-28 06:00:00,3.200183
2011-01-28 07:00:00,3.2443123
2011-01-28 08:00:00,3.2443225
2011-01-28 09:00:00,3.307119
2011-01-28 10:00:00,3.1589804
2011-01-28 11:00:00,2.9766884
2011-01-28 12:00:00,2.9768498
2011-01-28 13:00:00,2.977015
2011-01-28 14:00:00,3.2603977
2011-01-28 15:00:00,3.6018572
2011-01-28 16:00:00,2.427899
2011-01-28 17:00:00,2.532771
2011-01-28 18:00:00,2.1463187
2011-01-28 19:00:00,3.4549503
2011-01-28 20:00:00,3.0638452
2011-01-28 21:00:00,3.058137
2011-01-28 22:00:00,3.0812762
2011-01-28 23:00:00,2.5190787
2011-01-29 00:00:00,2.7308228
2011-01-29 01:00:00,2.2887042
2011-01-29 02:00:00,2.165736
2011-01-29 03:00:00,1.9773612
2011-01-29 04:00:00,1.9589771
2011-01-29 06:00:00,1.9411333
2011-01-29 07:00:00,2.1680481
2011-01-29 08:00:00,2.6622672
2011-01-29 09:00:00,2.2977514
2011-01-29 10:00:00,2.6030796
2011-01-29 11:00:00,2.7911263
2011-01-29 12:00:00,2.9178524
2011-01-29 13:00:00,2.8873053
2011-01-29 14:00:00,2.8088527
2011-01-29 15:00:00,2.262319
2011-01-29 16:00:00,2.119526
2011-01-29 17:00:00,2.2800517
2011-01-29 18:00:00,2.0180416
2011-01-29 19:00:00,2.590362
2011-01-29 20:00:00,2.0632634
2011-01-29 21:00:00,2.0634923
2011-01-29 22:00:00,2.1641517
2011-01-29 23:00:00,2.164546
2011-01-30 00:00:00,1.926228
2011-01-30 01:00:00,2.0153399
2011-01-30 02:00:00,2.0762682
2011-01-30 03:00:00,1.9224894
2011-01-30 04:00:00,1.9226046
2011-01-30 05:00:00,1.9652683
2011-01-30 07:00:00,1.9654213
2011-01-30 08:00:00,2.3560688
2011-01-30 09:00:00,2.4695516
2011-01-30 10:00:00,2.4202995
2011-01-30 11:00:00,1.9555168
2011-01-30 12:00:00,2.9197574
2011-01-30 13:00:00,1.8960619
2011-01-30 14:00:00,2.1738305
2011-01-30 15:00:00,2.7423267
2011-01-30 16:00:00,2.7434883
2011-01-30 17:00:00,2.5160737
2011-01-30 18:00:00,1.8442255
2011-01-30 19:00:00,1.8252964
2011-01-30 20:00:00,2.0613935
2011-01-30 21:00:00,2.1975265
2011-01-30 22:00:00,2.2520146
2011-01-30 23:00:00,2.5327682
2011-01-31 00:00:00,4.607261
2011-01-31 01:00:00,2.8101377
2011-01-31 02:00:00,2.5511625
2011-01-31 03:00:00,2.5539591
2011-01-31 04:00:00,2.820157
2011-01-31 05:00:00,2.5978656
2011-01-31 06:00:00,2.4613318
2011-01-31 07:00:00,4.5443244
2011-01-31 08:00:00,4.689149
2011-01-31 09:00:00,4.622817
2011-01-31 10:00:00,4.8483925
2011-01-31 11:00:00,4.860826
2011-01-31 12:00:00,6.2239428
2011-01-31 13:00:00,6.182616
2011-01-31 14:00:00,6.842881
2011-01-31 15:00:00,6.5193996
2011-01-31 16:00:00,6.118104
2011-01-31 17:00:00,5.0241814
2011-01-31 18:00:00,5.3842764
2011-01-31 19:00:00,4.8404756
2011-01-31 20:00:00,5.7993903
2011-01-31 21:00:00,7.16
2011-01-31 22:00:00,7.2174273
2011-01-31 23:00:00,7.031438
2011-02-20 00:00:00,29.941906
2011-02-20 01:00:00,32.64313
2011-02-20 02:00:00,34.295586
2011-02-20 03:00:00,34.636826
2011-02-20 04:00:00,35.172447
2011-02-20 06:00:00,34.252346
2011-02-20 07:00:00,32.949226
2011-02-20 08:00:00,32.94445
2011-02-20 09:00:00,35.500336
2011-02-20 10:00:00,35.689377
2011-02-20 11:00:00,36.93918
2011-02-20 12:00:00,38.916473
2011-02-20 13:00:00,41.17003
2011-02-20 14:00:00,40.61347
2011-02-20 15:00:00,41.612755
2011-02-20 16:00:00,41.53869
2011-02-20 17:00:00,38.720055
2011-02-20 18:00:00,36.18007
2011-02-20 19:00:00,36.156986
2011-02-20 20:00:00,36.44197
2011-02-20 21:00:00,35.38891
2011-02-20 22:00:00,37.467697
2011-02-20 23:00:00,35.374435
2011-02-21 00:00:00,43.055347
2011-02-21 01:00:00,43.12113
2011-02-21 02:00:00,43.136795
2011-02-21 03:00:00,42.00261
2011-02-21 04:00:00,38.388493
2011-02-21 05:00:00,36.38098
2011-02-21 06:00:00,43.57579
2011-02-21 07:00:00,43.816338
2011-02-21 08:00:00,43.71077
2011-02-21 09:00:00,43.47767
2011-02-21 10:00:00,42.99813
2011-02-21 11:00:00,40.606606
2011-02-21 12:00:00,41.48279
2011-02-21 13:00:00,38.405346
2011-02-21 14:00:00,42.53778
2011-02-21 15:00:00,44.081512
2011-02-21 16:00:00,41.6006
2011-02-21 17:00:00,40.82715
2011-02-21 18:00:00,39.92698
2011-02-21 19:00:00,39.933178
2011-02-21 20:00:00,43.969475
2011-02-21 21:00:00,44.173615
2011-02-21 22:00:00,42.849678
2011-02-21 23:00:00,43.037876
2011-02-22 06:00:00,37.931713
2011-02-22 07:00:00,37.963882
2011-02-22 08:00:00,38.30523
2011-02-22 09:00:00,39.401875
2011-02-22 10:00:00,35.800346
2011-02-22 11:00:00,37.368446
2011-02-22 12:00:00,38.681107
2011-02-22 13:00:00,39.264324
2011-02-22 14:00:00,38.360683
2011-02-22 15:00:00,38.44083
2011-02-22 16:00:00,37.96018
2011-02-22 17:00:00,38.197193
2011-02-22 18:00:00,38.15356
2011-02-22 19:00:00,40.945587
2011-02-22 20:00:00,39.17028
2011-02-22 21:00:00,39.61498
2011-02-22 22:00:00,37.870453
2011-02-22 23:00:00,37.875282
2011-02-23 00:00:00,38.907722
2011-02-23 01:00:00,39.964783
2011-02-23 02:00:00,38.38961
2011-02-23 03:00:00,39.59631
2011-02-23 05:00:00,37.956955
2011-02-23 06:00:00,37.960777
2011-02-23 07:00:00,38.589027
2011-02-23 08:00:00,39.922077
2011-02-23 09:00:00,38.589333
2011-02-23 10:00:00,39.802357
2011-02-23 11:00:00,39.520096
2011-02-23 12:00:00,41.33365
2011-02-23 13:00:00,43.238033
2011-02-23 14:00:00,42.700447
2011-02-23 15:00:00,43.678772
2011-02-23 16:00:00,43.823395
2011-02-23 17:00:00,43.682156
2011-02-23 18:00:00,42.887863
2011-02-23 19:00:00,41.530693
2011-02-23 20:00:00,38.383053
2011-02-23 21:00:00,37.99219
2011-02-23 22:00:00,37.99382
2011-02-23 23:00:00,38.830017
2011-02-24 00:00:00,38.69917
2011-02-24 01:00:00,38.460266
2011-02-24 02:00:00,37.87726
2011-02-24 03:00:00,37.63835
2011-02-24 05:00:00,36.995476
2011-02-24 06:00:00,38.083626
2011-02-24 07:00:00,36.773895
2011-02-24 08:00:00,38.867897
2011-02-24 09:00:00,39.050224
2011-02-24 10:00:00,29.217842
2011-02-24 11:00:00,21.32481
2011-02-24 12:00:00,16.534056
2011-02-24 13:00:00,11.277323
2011-02-24 14:00:00,5.8919983
2011-02-24 15:00:00,6.7895117
2011-02-24 16:00:00,5.0850363
2011-02-24 17:00:00,3.853278
2011-02-24 18:00:00,3.8581805
2011-02-24 19:00:00,4.795913
2011-02-24 20:00:00,3.376381
2011-02-24 21:00:00,3.8583624
2011-02-24 22:00:00,4.570475
2011-02-24 23:00:00,3.23284
2011-02-25 00:00:00,3.7625525
2011-02-25 01:00:00,3.219646
2011-02-25 02:00:00,3.2197003
2011-02-25 03:00:00,2.9733517
2011-02-25 05:00:00,2.9736104
2011-02-25 06:00:00,3.545484
2011-02-25 07:00:00,3.6466236
2011-02-25 08:00:00,3.6222358
2011-02-25 09:00:00,4.258421
2011-02-25 10:00:00,2.9185402
2011-02-25 11:00:00,4.585944
2011-02-25 12:00:00,7.215169
2011-02-25 13:00:00,7.2156286
2011-02-25 14:00:00,9.973916
2011-02-25 15:00:00,8.871209
2011-02-25 16:00:00,2.9431152
2011-02-25 17:00:00,4.428687
2011-02-25 18:00:00,3.39954
2011-02-25 19:00:00,3.2538624
2011-02-25 20:00:00,3.7215738
2011-02-25 21:00:00,2.9982677
2011-02-25 22:00:00,3.0773556
2011-02-25 23:00:00,2.9405198
2011-02-26 00:00:00,2.527678
2011-02-26 01:00:00,2.7095113
2011-02-26 02:00:00,2.0635843
2011-02-26 03:00:00,2.168797
2011-02-26 04:00:00,2.8093934
2011-02-26 05:00:00,2.2832625
2011-02-26 06:00:00,2.0274322
2011-02-26 07:00:00,2.0759852
2011-02-26 08:00:00,2.648892
2011-02-26 09:00:00,2.7408106
2011-02-26 10:00:00,3.4605908
2011-02-26 11:00:00,3.546955
2011-02-26 12:00:00,3.522403
2011-02-26 13:00:00,3.5390804
2011-02-26 14:00:00,3.395297
2011-02-26 15:00:00,3.3759527
2011-02-26 16:00:00,3.4863095
2011-02-26 17:00:00,3.8562503
2011-02-26 18:00:00,3.3147535
2011-02-26 19:00:00,2.9866
2011-02-26 20:00:00,2.8624668
2011-02-26 21:00:00,2.5069683
2011-02-26 22:00:00,1.9975319
2011-02-26 23:00:00,2.0732908
2011-02-27 00:00:00,1.6243318
2011-02-27 01:00:00,1.6218262
2011-02-27 02:00:00,1.6856498
2011-02-27 03:00:00,1.775132
2011-02-27 04:00:00,1.7139924
2011-02-27 06:00:00,1.7911552
2011-02-27 07:00:00,1.7145624
2011-02-27 08:00:00,2.0770411
2011-02-27 09:00:00,1.8873696
2011-02-27 10:00:00,1.9073064
2011-02-27 11:00:00,2.7563558
2011-02-27 12:00:00,4.3350782
2011-02-27 13:00:00,4.661063
2011-02-27 14:00:00,5.9118795
2011-02-27 15:00:00,5.632736
2011-02-27 16:00:00,5.372841
2011-02-27 17:00:00,4.0002747
2011-02-27 18:00:00,3.1187758
2011-02-27 19:00:00,3.8834116
2011-02-27 20:00:00,4.3513117
2011-02-27 21:00:00,2.5879002
2011-02-27 22:00:00,3.3823838
2011-02-27 23:00:00,2.9305096
2011-02-28 00:00:00,5.9617887
2011-02-28 01:00:00,6.9375343
2011-02-28 03:00:00,5.488153
2011-02-28 05:00:00,4.5606656
2011-02-28 06:00:00,3.2414312
2011-02-28 07:00:00,4.149657
2011-02-28 08:00:00,4.284444
2011-02-28 09:00:00,4.6758766
2011-02-28 10:00:00,5.7180276
2011-02-28 11:00:00,7.6329737
2011-02-28 12:00:00,7.6482296
2011-02-28 13:00:00,5.4227486
2011-02-28 14:00:00,5.218528
2011-02-28 15:00:00,5.238003
2011-02-28 16:00:00,5.2267685
2011-02-28 17:00:00,5.3863606
2011-02-28 18:00:00,6.1604896
2011-02-28 19:00:00,8.246099
2011-02-28 20:00:00,8.329927
2011-02-28 21:00:00,6.933165
2011-02-28 22:00:00,7.975182
2011-02-28 23:00:00,6.9785323
2011-03-20 00:00:00,47.271027
2011-03-20 01:00:00,63.329838
2011-03-20 02:00:00,69.226944
2011-03-20 03:00:00,69.085045
2011-03-20 04:00:00,69.48533
2011-03-20 05:00:00,69.29776
2011-03-20 06:00:00,71.24572
2011-03-20 07:00:00,70.914276
2011-03-20 08:00:00,73.28134
2011-03-20 09:00:00,76.36604
2011-03-20 10:00:00,78.65962
2011-03-20 11:00:00,80.91272
2011-03-20 12:00:00,82.55562
2011-03-20 13:00:00,86.22899
2011-03-20 14:00:00,88.26788
2011-03-20 15:00:00,88.069565
2011-03-20 16:00:00,88.26938
2011-03-20 17:00:00,88.8687
2011-03-20 18:00:00,90.17659
2011-03-20 19:00:00,86.75806
2011-03-20 20:00:00,86.121445
2011-03-20 21:00:00,84.882034
2011-03-20 22:00:00,85.36313
2011-03-20 23:00:00,84.689514
2011-03-21 00:00:00,79.88916
2011-03-21 01:00:00,81.293304
2011-03-21 02:00:00,81.020935
2011-03-21 03:00:00,81.14281
2011-03-21 05:00:00,69.08356
2011-03-21 06:00:00,79.55914
2011-03-21 07:00:00,72.81171
2011-03-21 08:00:00,74.69736
2011-03-21 09:00:00,79.19508
2011-03-21 10:00:00,84.31929
2011-03-21 11:00:00,85.94881
2011-03-21 12:00:00,84.312386
2011-03-21 13:00:00,90.65062
2011-03-21 14:00:00,87.73901
2011-03-21 15:00:00,90.573746
2011-03-21 16:00:00,87.05033
2011-03-21 17:00:00,87.00352
2011-03-21 18:00:00,88.31148
2011-03-21 19:00:00,90.96588
2011-03-21 20:00:00,86.018745
2011-03-21 21:00:00,69.15631
2011-03-21 22:00:00,75.9462
2011-03-21 23:00:00,71.55783
2011-03-22 00:00:00,75.6843
2011-03-22 01:00:00,71.08182
2011-03-22 02:00:00,71.2937
2011-03-22 03:00:00,79.72586
2011-03-22 04:00:00,86.34747
2011-03-22 05:00:00,82.87442
2011-03-22 06:00:00,74.3471
2011-03-22 07:00:00,87.08036
2011-03-22 08:00:00,87.05211
2011-03-22 09:00:00,88.66623
2011-03-22 10:00:00,91.451126
2011-03-22 11:00:00,90.46094
2011-03-22 12:00:00,92.14917
2011-03-22 13:00:00,92.97449
2011-03-22 14:00:00,93.600876
2011-03-22 15:00:00,93.54608
2011-03-22 16:00:00,91.89635
2011-03-22 17:00:00,91.91005
2011-03-22 18:00:00,90.53722
2011-03-22 19:00:00,90.94241
2011-03-22 20:00:00,91.44331
2011-03-22 21:00:00,87.670654
2011-03-22 22:00:00,87.5913
2011-03-22 23:00:00,87.615204
2011-03-23 00:00:00,84.33316
2011-03-23 01:00:00,82.51755
2011-03-23 02:00:00,82.53027
2011-03-23 03:00:00,82.553566
2011-03-23 05:00:00,76.96912
2011-03-23 06:00:00,77.08661
2011-03-23 07:00:00,76.092636
2011-03-23 08:00:00,78.362885
2011-03-23 09:00:00,79.07282
2011-03-23 10:00:00,80.123276
2011-03-23 11:00:00,80.12636
2011-03-23 12:00:00,77.808754
2011-03-23 13:00:00,79.55116
2011-03-23 14:00:00,81.11688
2011-03-23 15:00:00,86.709984
2011-03-23 16:00:00,88.564156
2011-03-23 17:00:00,88.572395
2011-03-23 18:00:00,83.81512
2011-03-23 19:00:00,83.86786
2011-03-23 20:00:00,84.51892
2011-03-23 21:00:00,81.00758
2011-03-23 22:00:00,76.80539
2011-03-23 23:00:00,80.3571
2011-03-24 00:00:00,77.79677
2011-03-24 01:00:00,78.6072
2011-03-24 02:00:00,78.21454
2011-03-24 03:00:00,76.523926
2011-03-24 04:00:00,76.51514
2011-03-24 05:00:00,75.25302
2011-03-24 06:00:00,75.23792
2011-03-24 07:00:00,74.20662
2011-03-24 08:00:00,74.16945
2011-03-24 09:00:00,74.613
2011-03-24 10:00:00,75.02406
2011-03-24 11:00:00,77.60184
2011-03-24 12:00:00,82.199814
2011-03-24 13:00:00,84.065445
2011-03-24 14:00:00,83.211655
2011-03-24 15:00:00,83.99973
2011-03-24 16:00:00,84.38188
2011-03-24 17:00:00,84.20648
2011-03-24 18:00:00,85.90705
2011-03-24 19:00:00,86.36886
2011-03-24 20:00:00,82.13327
2011-03-24 21:00:00,79.23152
2011-03-24 22:00:00,77.222885
2011-03-24 23:00:00,76.270256
2011-03-25 00:00:00,79.22629
2011-03-25 01:00:00,76.0571
2011-03-25 02:00:00,78.33757
2011-03-25 03:00:00,75.52843
2011-03-25 04:00:00,74.89975
2011-03-25 05:00:00,77.43248
2011-03-25 06:00:00,77.756256
2011-03-25 07:00:00,81.62547
2011-03-25 08:00:00,83.32077
2011-03-25 09:00:00,83.338974
2011-03-25 10:00:00,80.14558
2011-03-25 11:00:00,86.21402
2011-03-25 12:00:00,86.47478
2011-03-25 13:00:00,91.61863
2011-03-25 14:00:00,94.8661
2011-03-25 15:00:00,88.77635
2011-03-25 16:00:00,90.66478
2011-03-25 17:00:00,88.9375
2011-03-25 18:00:00,90.994965
2011-03-25 19:00:00,89.03744
2011-03-25 20:00:00,89.2588
2011-03-25 21:00:00,88.43181
2011-03-25 22:00:00,62.939705
2011-03-25 23:00:00,44.997524
2011-03-26 00:00:00,25.76472
2011-03-26 01:00:00,12.305262
2011-03-26 02:00:00,2.938735
2011-03-26 03:00:00,2.7017026
2011-03-26 04:00:00,2.9387927
2011-03-26 05:00:00,2.4685085
2011-03-26 06:00:00,2.1775506
2011-03-26 07:00:00,2.4683542
2011-03-26 08:00:00,2.7697196
2011-03-26 09:00:00,3.242613
2011-03-26 10:00:00,3.5253956
2011-03-26 11:00:00,4.018605
2011-03-26 12:00:00,4.32482
2011-03-26 13:00:00,5.1067905
2011-03-26 14:00:00,6.1705112
2011-03-26 15:00:00,6.692852
2011-03-26 16:00:00,6.8433924
2011-03-26 17:00:00,6.347983
2011-03-26 18:00:00,5.5074015
2011-03-26 19:00:00,4.418792
2011-03-26 20:00:00,4.4189157
2011-03-26 21:00:00,3.458806
2011-03-26 22:00:00,3.719583
2011-03-26 23:00:00,3.761015
2011-03-27 00:00:00,2.7951171
2011-03-27 01:00:00,2.562571
2011-03-27 02:00:00,2.5001783
2011-03-27 03:00:00,2.5423195
2011-03-27 04:00:00,2.6247568
2011-03-27 06:00:00,2.492483
2011-03-27 07:00:00,2.4054146
2011-03-27 08:00:00,2.113283
2011-03-27 09:00:00,2.0029495
2011-03-27 10:00:00,2.4568543
2011-03-27 11:00:00,2.6352954
2011-03-27 12:00:00,2.9403372
2011-03-27 13:00:00,3.7664828
2011-03-27 14:00:00,3.8441517
2011-03-27 15:00:00,4.24601
2011-03-27 16:00:00,5.0577226
2011-03-27 17:00:00,5.8777246
2011-03-27 18:00:00,4.321355
2011-03-27 19:00:00,5.31949
2011-03-27 20:00:00,3.31886
2011-03-27 21:00:00,3.017209
2011-03-27 22:00:00,3.017282
2011-03-27 23:00:00,2.745812
2011-03-28 00:00:00,3.582808
2011-03-28 01:00:00,3.1735587
2011-03-28 02:00:00,3.018145
2011-03-28 03:00:00,3.0171309
2011-03-28 05:00:00,2.840723
2011-03-28 06:00:00,3.679247
2011-03-28 07:00:00,6.5871263
2011-03-28 08:00:00,4.1289644
2011-03-28 09:00:00,7.266936
2011-03-28 10:00:00,7.3410225
2011-03-28 11:00:00,9.360256
2011-03-28 12:00:00,7.482513
2011-03-28 13:00:00,8.286581
2011-03-28 14:00:00,6.925424
2011-03-28 15:00:00,7.0183544
2011-03-28 16:00:00,6.834425
2011-03-28 17:00:00,7.382415
2011-03-28 18:00:00,6.51793
2011-03-28 19:00:00,8.932154
2011-03-28 20:00:00,7.9645514
2011-03-28 21:00:00,7.6733093
2011-03-28 22:00:00,7.4258957
2011-03-28 23:00:00,7.6572633
2011-03-29 00:00:00,7.0153856
2011-03-29 01:00:00,6.4009433
2011-03-29 02:00:00,6.401349
2011-03-29 03:00:00,6.401764
2011-03-29 04:00:00,3.2585006
2011-03-29 05:00:00,4.015014
2011-03-29 06:00:00,3.4536593
2011-03-29 07:00:00,4.422081
2011-03-29 08:00:00,6.0041757
2011-03-29 09:00:00,8.391816
2011-03-29 10:00:00,8.061586
2011-03-29 11:00:00,10.7378
2011-03-29 12:00:00,8.83873
2011-03-29 13:00:00,7.397378
2011-03-29 14:00:00,7.6516633
2011-03-29 15:00:00,8.797092
2011-03-29 16:00:00,10.860454
2011-03-29 17:00:00,10.324983
2011-03-29 18:00:00,9.177473
2011-03-29 19:00:00,8.793876
2011-03-29 20:00:00,9.178485
2011-03-29 21:00:00,4.62066
2011-03-29 22:00:00,3.8159695
2011-03-29 23:00:00,8.13872
2011-03-30 00:00:00,6.4418416
2011-03-30 01:00:00,5.015169
2011-03-30 02:00:00,6.4430394
2011-03-30 03:00:00,5.3235855
2011-03-30 04:00:00,6.4529676
2011-03-30 05:00:00,6.8687124
2011-03-30 06:00:00,7.49902
2011-03-30 07:00:00,5.8348207
2011-03-30 08:00:00,7.25603
2011-03-30 09:00:00,5.888748
2011-03-30 10:00:00,5.8631954
2011-03-30 11:00:00,5.85984
2011-03-30 12:00:00,6.161928
2011-03-30 13:00:00,5.960414
2011-03-30 14:00:00,6.7619324
2011-03-30 15:00:00,4.8204927
2011-03-30 16:00:00,4.693928
2011-03-30 17:00:00,4.0937614
2011-03-30 18:00:00,3.562341
2011-03-30 19:00:00,3.5632622
2011-03-30 20:00:00,5.2545805
2011-03-30 21:00:00,3.5243452
2011-03-30 22:00:00,4.067248
2011-03-30 23:00:00,5.2274647
2011-03-31 00:00:00,3.5434265
2011-03-31 01:00:00,3.3672743
2011-03-31 02:00:00,3.3690982
2011-03-31 03:00:00,3.5483007
2011-03-31 04:00:00,3.558745
2011-03-31 05:00:00,3.5538437
2011-03-31 06:00:00,4.8389025
2011-03-31 07:00:00,3.5685632
2011-03-31 08:00:00,3.3873167
2011-03-31 09:00:00,3.290172
2011-03-31 10:00:00,3.2952056
2011-03-31 11:00:00,2.9688814
2011-03-31 12:00:00,2.973772
2011-03-31 13:00:00,5.5909786
2011-03-31 14:00:00,5.598865
2011-03-31 15:00:00,4.0979147
2011-03-31 16:00:00,4.4263144
2011-03-31 17:00:00,4.4450808
2011-03-31 18:00:00,6.095417
2011-03-31 19:00:00,6.1199484
2011-03-31 20:00:00,3.654433
2011-03-31 21:00:00,3.1018605
2011-03-31 22:00:00,3.3150418
2011-03-31 23:00:00,4.020641
2011-04-20 00:00:00,35.13128
2011-04-20 01:00:00,56.3295
2011-04-20 02:00:00,63.92885
2011-04-20 03:00:00,69.28303
2011-04-20 04:00:00,74.39641
2011-04-20 05:00:00,82.44061
2011-04-20 06:00:00,84.62218
2011-04-20 07:00:00,86.059235
2011-04-20 08:00:00,125.8541
2011-04-20 09:00:00,131.60832
2011-04-20 10:00:00,129.81995
2011-04-20 11:00:00,130.79506
2011-04-20 12:00:00,134.0015
2011-04-20 13:00:00,134.61241
2011-04-20 14:00:00,136.71295
2011-04-20 15:00:00,137.84956
2011-04-20 16:00:00,138.57062
2011-04-20 17:00:00,137.40823
2011-04-20 18:00:00,141.4635
2011-04-20 19:00:00,143.9428
2011-04-20 20:00:00,146.42961
2011-04-20 21:00:00,147.595
2011-04-20 22:00:00,148.844
2011-04-20 23:00:00,147.57404
2011-04-21 00:00:00,143.99197
2011-04-21 01:00:00,143.9026
2011-04-21 02:00:00,142.12047
2011-04-21 03:00:00,135.87062
2011-04-21 04:00:00,129.0122
2011-04-21 05:00:00,127.60693
2011-04-21 06:00:00,123.88222
2011-04-21 07:00:00,128.50998
2011-04-21 08:00:00,122.147766
2011-04-21 09:00:00,129.85062
2011-04-21 10:00:00,137.49582
2011-04-21 11:00:00,130.51259
2011-04-21 12:00:00,142.26881
2011-04-21 13:00:00,144.27313
2011-04-21 14:00:00,145.9464
2011-04-21 15:00:00,143.31403
2011-04-21 16:00:00,145.7677
2011-04-21 17:00:00,148.90762
2011-04-21 18:00:00,147.43399
2011-04-21 19:00:00,144.26318
2011-04-21 20:00:00,144.88779
2011-04-21 21:00:00,128.17114
2011-04-21 22:00:00,140.36597
2011-04-21 23:00:00,133.11684
2011-04-22 00:00:00,108.44403
2011-04-22 01:00:00,115.844765
2011-04-22 02:00:00,116.01708
2011-04-22 03:00:00,116.3935
2011-04-22 04:00:00,114.290436
2011-04-22 05:00:00,112.37233
2011-04-22 06:00:00,114.73535
2011-04-22 07:00:00,115.79337
2011-04-22 08:00:00,116.78714
2011-04-22 09:00:00,117.37987
2011-04-22 10:00:00,117.16827
2011-04-22 11:00:00,109.860886
2011-04-22 12:00:00,106.81021
2011-04-22 13:00:00,106.44324
2011-04-22 14:00:00,104.26286
2011-04-22 15:00:00,106.45659
2011-04-22 16:00:00,108.302444
2011-04-22 17:00:00,107.10359
2011-04-22 18:00:00,107.11385
2011-04-22 19:00:00,107.105865
2011-04-22 20:00:00,105.68909
2011-04-22 21:00:00,106.29127
2011-04-22 22:00:00,107.586334
2011-04-22 23:00:00,107.61476
2011-04-23 00:00:00,131.8815
2011-04-23 01:00:00,131.90372
2011-04-23 02:00:00,132.8064
2011-04-23 03:00:00,132.11371
2011-04-23 04:00:00,130.12602
2011-04-23 05:00:00,130.26266
2011-04-23 06:00:00,131.16933
2011-04-23 07:00:00,132.49556
2011-04-23 08:00:00,131.15862
2011-04-23 09:00:00,130.71457
2011-04-23 10:00:00,131.25893
2011-04-23 11:00:00,130.53772
2011-04-23 12:00:00,138.98065
2011-04-23 13:00:00,139.15045
2011-04-23 14:00:00,140.82825
2011-04-23 15:00:00,143.25806
2011-04-23 16:00:00,142.38062
2011-04-23 17:00:00,142.73746
2011-04-23 18:00:00,139.60774
2011-04-23 19:00:00,138.68056
2011-04-23 20:00:00,141.37956
2011-04-23 21:00:00,143.61066
2011-04-23 22:00:00,145.78792
2011-04-23 23:00:00,138.6207
2011-04-24 00:00:00,137.84026
2011-04-24 01:00:00,131.77681
2011-04-24 02:00:00,131.7883
2011-04-24 03:00:00,128.91586
2011-04-24 04:00:00,128.92676
2011-04-24 05:00:00,128.93787
2011-04-24 06:00:00,130.09294
2011-04-24 07:00:00,130.11649
2011-04-24 08:00:00,133.09674
2011-04-24 09:00:00,134.54143
2011-04-24 10:00:00,139.92967
2011-04-24 11:00:00,139.08966
2011-04-24 12:00:00,141.33542
2011-04-24 13:00:00,143.4967
2011-04-24 14:00:00,143.13715
2011-04-24 15:00:00,142.54327
2011-04-24 16:00:00,141.26797
2011-04-24 17:00:00,139.12491
2011-04-24 18:00:00,136.0172
2011-04-24 19:00:00,145.17584
2011-04-24 20:00:00,145.01474
2011-04-24 21:00:00,140.49445
2011-04-24 22:00:00,140.94287
2011-04-24 23:00:00,137.5498
2011-04-25 00:00:00,116.95326
2011-04-25 01:00:00,108.096176
2011-04-25 02:00:00,108.10304
2011-04-25 03:00:00,108.402115
2011-04-25 04:00:00,115.96695
2011-04-25 05:00:00,106.38797
2011-04-25 06:00:00,109.16586
2011-04-25 07:00:00,116.64517
2011-04-25 08:00:00,123.14699
2011-04-25 09:00:00,136.86829
2011-04-25 10:00:00,100.96634
2011-04-25 11:00:00,80.05598
2011-04-25 12:00:00,67.3886
2011-04-25 13:00:00,51.824577
2011-04-25 14:00:00,46.61705
2011-04-25 15:00:00,47.248592
2011-04-25 16:00:00,47.55607
2011-04-25 17:00:00,47.72969
2011-04-25 18:00:00,47.64292
2011-04-25 19:00:00,46.952675
2011-04-25 20:00:00,47.383125
2011-04-25 21:00:00,46.087776
2011-04-25 22:00:00,45.00809
2011-04-25 23:00:00,43.401024
2011-04-26 00:00:00,45.25128
2011-04-26 01:00:00,43.945374
2011-04-26 02:00:00,40.920204
2011-04-26 03:00:00,39.63956
2011-04-26 04:00:00,39.646988
2011-04-26 05:00:00,38.953938
2011-04-26 06:00:00,37.359978
2011-04-26 07:00:00,41.61685
2011-04-26 08:00:00,41.62025
2011-04-26 09:00:00,45.308807
2011-04-26 10:00:00,44.5285
2011-04-26 11:00:00,45.45291
2011-04-26 12:00:00,47.70954
2011-04-26 13:00:00,47.57366
2011-04-26 14:00:00,46.48203
2011-04-26 15:00:00,47.225143
2011-04-26 16:00:00,47.836403
2011-04-26 17:00:00,46.36107
2011-04-26 18:00:00,46.870766
2011-04-26 19:00:00,45.9395
2011-04-26 20:00:00,45.372612
2011-04-26 21:00:00,44.079113
2011-04-26 22:00:00,44.395874
2011-04-26 23:00:00,44.252182
2011-04-27 00:00:00,42.34321
2011-04-27 01:00:00,43.308067
2011-04-27 02:00:00,39.51215
2011-04-27 03:00:00,42.771095
2011-04-27 04:00:00,40.864506
2011-04-27 05:00:00,43.23811
2011-04-27 06:00:00,40.73938
2011-04-27 07:00:00,42.78954
2011-04-27 08:00:00,43.220222
2011-04-27 09:00:00,43.933105
2011-04-27 10:00:00,43.953537
2011-04-27 11:00:00,45.57177
2011-04-27 12:00:00,45.486214
2011-04-27 13:00:00,44.609016
2011-04-27 14:00:00,47.202896
2011-04-27 15:00:00,47.80734
2011-04-27 16:00:00,47.475166
2011-04-27 17:00:00,46.97873
2011-04-27 18:00:00,46.980675
2011-04-27 19:00:00,44.6859
2011-04-27 20:00:00,43.83735
2011-04-27 21:00:00,41.704075
2011-04-27 22:00:00,44.3993
2011-04-27 23:00:00,45.264267
2011-04-28 00:00:00,44.71885
2011-04-28 01:00:00,45.316246
2011-04-28 02:00:00,45.570534
2011-04-28 03:00:00,46.055614
2011-04-28 04:00:00,45.49238
2011-04-28 05:00:00,45.335083
2011-04-28 06:00:00,46.34783
2011-04-28 07:00:00,46.19764
2011-04-28 08:00:00,46.938164
2011-04-28 09:00:00,46.253654
2011-04-28 10:00:00,44.43335
2011-04-28 11:00:00,44.41061
2011-04-28 12:00:00,44.605324
2011-04-28 13:00:00,44.667824
2011-04-28 14:00:00,43.85325
2011-04-28 15:00:00,44.282036
2011-04-28 16:00:00,44.16104
2011-04-28 17:00:00,48.030907
2011-04-28 18:00:00,48.04602
2011-04-28 19:00:00,48.016647
2011-04-28 20:00:00,48.611984
2011-04-28 21:00:00,48.26896
2011-04-28 22:00:00,47.372192
2011-04-28 23:00:00,48.62535
2011-04-29 00:00:00,48.7941
2011-04-29 01:00:00,46.20147
2011-04-29 02:00:00,47.359146
2011-04-29 03:00:00,46.42368
2011-04-29 04:00:00,47.39296
2011-04-29 05:00:00,47.384743
2011-04-29 06:00:00,47.481552
2011-04-29 07:00:00,47.389442
2011-04-29 08:00:00,48.540108
2011-04-29 09:00:00,48.99477
2011-04-29 10:00:00,48.63206
2011-04-29 11:00:00,50.761536
2011-04-29 12:00:00,49.18365
2011-04-29 13:00:00,49.347126
2011-04-29 14:00:00,51.04988
2011-04-29 15:00:00,51.92038
2011-04-29 16:00:00,50.67272
2011-04-29 17:00:00,51.85723
2011-04-29 18:00:00,49.413166
2011-04-29 19:00:00,48.543747
2011-04-29 20:00:00,47.36216
2011-04-29 21:00:00,47.149536
2011-04-29 22:00:00,45.36168
2011-04-29 23:00:00,47.736794
2011-04-30 00:00:00,48.216057
2011-04-30 01:00:00,48.202106
2011-04-30 02:00:00,48.679745
2011-04-30 03:00:00,49.448063
2011-04-30 04:00:00,49.54534
2011-04-30 05:00:00,48.871384
2011-04-30 06:00:00,49.5876
2011-04-30 07:00:00,48.882744
2011-04-30 08:00:00,49.3768
2011-04-30 09:00:00,49.662186
2011-04-30 10:00:00,51.35652
2011-04-30 11:00:00,52.937386
2011-04-30 12:00:00,53.358906
2011-04-30 13:00:00,53.36734
2011-04-30 14:00:00,53.9561
2011-04-30 15:00:00,56.837864
2011-04-30 16:00:00,57.89804
2011-04-30 17:00:00,56.37278
2011-04-30 18:00:00,56.0352
2011-04-30 19:00:00,56.747337
2011-04-30 20:00:00,57.264503
2011-04-30 21:00:00,61.924633
2011-04-30 22:00:00,68.349014
2011-04-30 23:00:00,80.604675
2011-05-20 00:00:00,48.497128
2011-05-20 01:00:00,81.89314
2011-05-20 02:00:00,97.35108
2011-05-20 03:00:00,112.091354
2011-05-20 04:00:00,114.15828
2011-05-20 05:00:00,115.83275
2011-05-20 06:00:00,137.47812
2011-05-20 07:00:00,151.20041
2011-05-20 08:00:00,167.69357
2011-05-20 09:00:00,168.88062
2011-05-20 10:00:00,171.92587
2011-05-20 11:00:00,175.47932
2011-05-20 12:00:00,178.86798
2011-05-20 13:00:00,179.76761
2011-05-20 14:00:00,182.98611
2011-05-20 15:00:00,182.19353
2011-05-20 16:00:00,186.18713
2011-05-20 17:00:00,187.73303
2011-05-20 18:00:00,184.96927
2011-05-20 19:00:00,182.78963
2011-05-20 20:00:00,181.29025
2011-05-20 21:00:00,180.69377
2011-05-20 22:00:00,180.04791
2011-05-20 23:00:00,179.75925
2011-05-21 00:00:00,192.75024
2011-05-21 01:00:00,190.86752
2011-05-21 02:00:00,191.24637
2011-05-21 03:00:00,191.10394
2011-05-21 04:00:00,190.2496
2011-05-21 05:00:00,188.42555
2011-05-21 06:00:00,189.19823
2011-05-21 07:00:00,191.31812
2011-05-21 08:00:00,195.45728
2011-05-21 09:00:00,194.43127
2011-05-21 10:00:00,193.90366
2011-05-21 11:00:00,199.48145
2011-05-21 12:00:00,203.87845
2011-05-21 13:00:00,206.16005
2011-05-21 14:00:00,210.21655
2011-05-21 15:00:00,206.65181
2011-05-21 16:00:00,207.92029
2011-05-21 17:00:00,206.82315
2011-05-21 18:00:00,205.5115
2011-05-21 19:00:00,209.7632
2011-05-21 20:00:00,200.79538
2011-05-21 21:00:00,200.92899
2011-05-21 22:00:00,194.3116
2011-05-21 23:00:00,205.6581
2011-05-22 00:00:00,209.44174
2011-05-22 01:00:00,202.42139
2011-05-22 02:00:00,202.36853
2011-05-22 03:00:00,205.11053
2011-05-22 04:00:00,204.15497
2011-05-22 05:00:00,205.534
2011-05-22 06:00:00,203.75015
2011-05-22 07:00:00,207.96567
2011-05-22 08:00:00,202.50958
2011-05-22 09:00:00,198.70972
2011-05-22 10:00:00,202.54697
2011-05-22 11:00:00,212.30414
2011-05-22 12:00:00,210.54791
2011-05-22 13:00:00,210.96509
2011-05-22 14:00:00,206.92094
2011-05-22 15:00:00,205.67091
2011-05-22 16:00:00,207.70325
2011-05-22 17:00:00,210.88046
2011-05-22 18:00:00,209.04517
2011-05-22 19:00:00,208.14372
2011-05-22 20:00:00,205.3152
2011-05-22 21:00:00,205.88158
2011-05-22 22:00:00,208.62408
2011-05-22 23:00:00,212.39732
2011-05-23 00:00:00,173.27884
2011-05-23 01:00:00,171.78676
2011-05-23 02:00:00,171.46243
2011-05-23 03:00:00,159.1371
2011-05-23 04:00:00,171.21811
2011-05-23 05:00:00,171.24863
2011-05-23 06:00:00,179.1224
2011-05-23 07:00:00,167.50302
2011-05-23 08:00:00,178.7026
2011-05-23 09:00:00,180.00034
2011-05-23 10:00:00,186.93318
2011-05-23 11:00:00,186.89014
2011-05-23 12:00:00,186.90977
2011-05-23 13:00:00,185.60065
2011-05-23 14:00:00,189.16235
2011-05-23 15:00:00,188.0364
2011-05-23 16:00:00,190.65846
2011-05-23 17:00:00,190.61684
2011-05-23 18:00:00,187.15141
2011-05-23 19:00:00,186.54523
2011-05-23 20:00:00,183.15683
2011-05-23 21:00:00,179.92896
2011-05-23 22:00:00,175.79004
2011-05-23 23:00:00,177.20816
2011-05-24 00:00:00,171.01938
2011-05-24 01:00:00,170.8841
2011-05-24 02:00:00,171.05466
2011-05-24 03:00:00,174.53113
2011-05-24 04:00:00,177.82927
2011-05-24 05:00:00,173.52112
2011-05-24 06:00:00,171.09311
2011-05-24 07:00:00,188.22415
2011-05-24 08:00:00,184.5708
2011-05-24 09:00:00,188.8573
2011-05-24 10:00:00,190.95572
2011-05-24 11:00:00,190.94873
2011-05-24 12:00:00,194.0398
2011-05-24 13:00:00,195.53491
2011-05-24 14:00:00,196.22766
2011-05-24 15:00:00,194.03757
2011-05-24 16:00:00,192.02962
2011-05-24 17:00:00,193.70831
2011-05-24 18:00:00,191.11264
2011-05-24 19:00:00,190.9497
2011-05-24 20:00:00,190.18916
2011-05-24 21:00:00,184.64003
2011-05-24 22:00:00,178.94583
2011-05-24 23:00:00,195.89511
2011-05-25 00:00:00,186.59198
2011-05-25 01:00:00,185.02466
2011-05-25 02:00:00,178.84514
2011-05-25 03:00:00,173.3263
2011-05-25 04:00:00,171.53802
2011-05-25 05:00:00,179.13106
2011-05-25 06:00:00,172.66858
2011-05-25 07:00:00,191.68903
2011-05-25 08:00:00,192.63081
2011-05-25 09:00:00,196.30353
2011-05-25 10:00:00,197.08453
2011-05-25 11:00:00,195.01544
2011-05-25 12:00:00,196.24374
2011-05-25 13:00:00,196.30823
2011-05-25 14:00:00,196.87561
2011-05-25 15:00:00,196.32622
2011-05-25 16:00:00,196.84737
2011-05-25 17:00:00,195.32094
2011-05-25 18:00:00,197.0116
2011-05-25 19:00:00,196.8265
2011-05-25 20:00:00,196.0326
2011-05-25 21:00:00,196.20294
2011-05-25 22:00:00,138.09683
2011-05-25 23:00:00,75.30301
2011-05-26 00:00:00,34.968376
2011-05-26 01:00:00,26.976349
2011-05-26 02:00:00,13.072075
2011-05-26 03:00:00,9.938465
2011-05-26 04:00:00,10.80863
2011-05-26 05:00:00,12.273655
2011-05-26 06:00:00,8.911226
2011-05-26 07:00:00,9.311483
2011-05-26 08:00:00,17.001871
2011-05-26 09:00:00,21.002085
2011-05-26 10:00:00,19.755608
2011-05-26 11:00:00,18.81015
2011-05-26 12:00:00,18.718975
2011-05-26 13:00:00,21.208582
2011-05-26 14:00:00,21.209236
2011-05-26 15:00:00,18.938812
2011-05-26 16:00:00,18.031136
2011-05-26 17:00:00,20.609543
2011-05-26 18:00:00,19.743153
2011-05-26 19:00:00,19.568901
2011-05-26 20:00:00,21.383121
2011-05-26 21:00:00,22.084925
2011-05-26 22:00:00,21.176914
2011-05-26 23:00:00,18.36056
2011-05-27 00:00:00,16.931652
2011-05-27 01:00:00,19.132923
2011-05-27 02:00:00,16.460104
2011-05-27 03:00:00,16.712515
2011-05-27 04:00:00,15.692589
2011-05-27 05:00:00,13.553047
2011-05-27 06:00:00,16.634537
2011-05-27 07:00:00,15.227671
2011-05-27 08:00:00,14.982902
2011-05-27 09:00:00,17.54197
2011-05-27 10:00:00,19.119217
2011-05-27 11:00:00,17.885233
2011-05-27 12:00:00,19.280695
2011-05-27 13:00:00,18.88063
2011-05-27 14:00:00,19.024763
2011-05-27 15:00:00,20.020014
2011-05-27 16:00:00,18.885262
2011-05-27 17:00:00,18.822397
2011-05-27 18:00:00,17.725037
2011-05-27 19:00:00,12.612898
2011-05-27 20:00:00,12.63043
2011-05-27 21:00:00,12.314873
2011-05-27 22:00:00,12.930849
2011-05-27 23:00:00,9.963411
2011-05-28 00:00:00,9.20955
2011-05-28 01:00:00,8.886044
2011-05-28 02:00:00,7.028494
2011-05-28 03:00:00,8.0337105
2011-05-28 04:00:00,8.111782
2011-05-28 05:00:00,8.036369
2011-05-28 06:00:00,11.430717
2011-05-28 07:00:00,11.709394
2011-05-28 08:00:00,10.285638
2011-05-28 09:00:00,12.149216
2011-05-28 10:00:00,16.535116
2011-05-28 11:00:00,16.537313
2011-05-28 12:00:00,20.678427
2011-05-28 13:00:00,18.996624
2011-05-28 14:00:00,20.039331
2011-05-28 15:00:00,18.85532
2011-05-28 16:00:00,18.214252
2011-05-28 17:00:00,19.045696
2011-05-28 18:00:00,19.277523
2011-05-28 19:00:00,16.574839
2011-05-28 20:00:00,16.585506
2011-05-28 21:00:00,13.706402
2011-05-28 22:00:00,12.250752
2011-05-28 23:00:00,11.72974
2011-05-29 00:00:00,11.048048
2011-05-29 01:00:00,8.848128
2011-05-29 02:00:00,9.020174
2011-05-29 03:00:00,9.031148
2011-05-29 04:00:00,8.026499
2011-05-29 05:00:00,6.044096
2011-05-29 06:00:00,9.61648
2011-05-29 07:00:00,10.065866
2011-05-29 08:00:00,9.810606
2011-05-29 09:00:00,9.6503525
2011-05-29 10:00:00,13.783292
2011-05-29 11:00:00,13.73979
2011-05-29 12:00:00,16.817106
2011-05-29 13:00:00,18.129887
2011-05-29 14:00:00,17.301552
2011-05-29 15:00:00,17.507252
2011-05-29 16:00:00,17.309025
2011-05-29 17:00:00,17.313211
2011-05-29 18:00:00,18.219927
2011-05-29 19:00:00,18.251848
2011-05-29 20:00:00,16.478985
2011-05-29 21:00:00,13.903942
2011-05-29 22:00:00,10.658029
2011-05-29 23:00:00,10.827351
2011-05-30 00:00:00,10.934891
2011-05-30 01:00:00,10.028473
2011-05-30 02:00:00,10.946966
2011-05-30 03:00:00,10.981405
2011-05-30 04:00:00,9.347096
2011-05-30 05:00:00,12.327035
2011-05-30 06:00:00,13.067698
2011-05-30 07:00:00,11.924236
2011-05-30 08:00:00,15.483924
2011-05-30 09:00:00,18.762201
2011-05-30 10:00:00,21.177444
2011-05-30 11:00:00,20.83376
2011-05-30 12:00:00,21.362625
2011-05-30 13:00:00,20.961115
2011-05-30 14:00:00,25.162003
2011-05-30 15:00:00,23.12053
2011-05-30 16:00:00,24.947943
2011-05-30 17:00:00,23.818602
2011-05-30 18:00:00,24.289717
2011-05-30 19:00:00,12.196199
2011-05-30 20:00:00,19.527443
2011-05-30 21:00:00,20.276314
2011-05-30 22:00:00,19.752468
2011-05-30 23:00:00,18.454796
2011-05-31 00:00:00,22.314753
2011-05-31 01:00:00,21.775383
2011-05-31 02:00:00,14.4506
2011-05-31 03:00:00,12.4826
2011-05-31 04:00:00,18.254692
2011-05-31 05:00:00,18.297983
2011-05-31 06:00:00,20.26652
2011-05-31 07:00:00,23.641043
2011-05-31 08:00:00,23.328793
2011-05-31 09:00:00,25.323444
2011-05-31 10:00:00,25.181541
2011-05-31 11:00:00,24.5099
2011-05-31 12:00:00,26.799774
2011-05-31 13:00:00,25.742752
2011-05-31 14:00:00,27.434128
2011-05-31 15:00:00,26.848272
2011-05-31 16:00:00,27.493568
2011-05-31 17:00:00,25.204878
2011-05-31 18:00:00,27.566755
2011-05-31 19:00:00,29.857391
2011-05-31 20:00:00,30.590216
2011-05-31 21:00:00,30.350418
2011-05-31 22:00:00,29.210938
2011-05-31 23:00:00,35.613792
2011-06-20 00:00:00,80.4828
2011-06-20 01:00:00,98.22504
2011-06-20 02:00:00,105.21038
2011-06-20 03:00:00,112.69425
2011-06-20 04:00:00,120.12091
2011-06-20 05:00:00,125.211136
2011-06-20 06:00:00,126.35694
2011-06-20 07:00:00,121.654335
2011-06-20 08:00:00,123.88692
2011-06-20 09:00:00,139.06512
2011-06-20 10:00:00,139.91281
2011-06-20 11:00:00,139.77939
2011-06-20 12:00:00,150.53491
2011-06-20 13:00:00,149.94965
2011-06-20 14:00:00,152.6511
2011-06-20 15:00:00,158.35645
2011-06-20 16:00:00,164.45352
2011-06-20 17:00:00,163.23969
2011-06-20 18:00:00,163.42703
2011-06-20 19:00:00,152.45789
2011-06-20 20:00:00,150.01672
2011-06-20 21:00:00,136.21565
2011-06-20 22:00:00,147.2024
2011-06-20 23:00:00,145.1566
2011-06-21 00:00:00,128.31642
2011-06-21 01:00:00,127.183365
2011-06-21 02:00:00,127.75471
2011-06-21 03:00:00,128.10237
2011-06-21 04:00:00,134.45157
2011-06-21 05:00:00,135.31836
2011-06-21 06:00:00,135.31755
2011-06-21 07:00:00,129.66946
2011-06-21 08:00:00,143.6242
2011-06-21 09:00:00,143.93503
2011-06-21 10:00:00,140.99194
2011-06-21 11:00:00,139.4596
2011-06-21 12:00:00,137.66205
2011-06-21 13:00:00,156.12769
2011-06-21 14:00:00,172.17752
2011-06-21 15:00:00,177.68317
2011-06-21 16:00:00,176.85031
2011-06-21 17:00:00,175.28877
2011-06-21 18:00:00,173.82184
2011-06-21 19:00:00,165.30167
2011-06-21 20:00:00,163.47464
2011-06-21 21:00:00,153.57953
2011-06-21 22:00:00,141.10727
2011-06-21 23:00:00,136.86916
2011-06-22 00:00:00,144.84537
2011-06-22 01:00:00,145.54861
2011-06-22 02:00:00,139.5771
2011-06-22 03:00:00,145.58801
2011-06-22 04:00:00,135.70636
2011-06-22 05:00:00,136.01952
2011-06-22 06:00:00,153.10745
2011-06-22 07:00:00,160.58118
2011-06-22 08:00:00,162.81763
2011-06-22 09:00:00,164.7125
2011-06-22 10:00:00,168.30202
2011-06-22 11:00:00,165.10887
2011-06-22 12:00:00,175.05608
2011-06-22 13:00:00,169.10646
2011-06-22 14:00:00,176.66885
2011-06-22 15:00:00,170.22366
2011-06-22 16:00:00,179.04733
2011-06-22 17:00:00,177.86142
2011-06-22 18:00:00,176.29825
2011-06-22 19:00:00,173.81967
2011-06-22 20:00:00,166.16763
2011-06-22 21:00:00,167.08936
2011-06-22 22:00:00,166.2468
2011-06-22 23:00:00,166.26991
2011-06-23 00:00:00,166.44852
2011-06-23 01:00:00,165.51898
2011-06-23 02:00:00,165.54568
2011-06-23 03:00:00,164.97533
2011-06-23 04:00:00,165.66605
2011-06-23 05:00:00,163.61848
2011-06-23 06:00:00,163.6394
2011-06-23 07:00:00,165.21507
2011-06-23 08:00:00,166.89311
2011-06-23 09:00:00,166.55978
2011-06-23 10:00:00,174.8097
2011-06-23 11:00:00,174.81454
2011-06-23 12:00:00,174.88678
2011-06-23 13:00:00,174.07033
2011-06-23 14:00:00,177.22217
2011-06-23 15:00:00,176.67535
2011-06-23 16:00:00,167.01077
2011-06-23 17:00:00,161.86703
2011-06-23 18:00:00,161.64487
2011-06-23 19:00:00,163.53915
2011-06-23 20:00:00,163.86044
2011-06-23 21:00:00,163.58145
2011-06-23 22:00:00,163.58096
2011-06-23 23:00:00,167.12894
2011-06-24 00:00:00,167.59235
2011-06-24 01:00:00,177.25195
2011-06-24 02:00:00,177.36232
2011-06-24 03:00:00,174.28299
2011-06-24 04:00:00,176.0299
2011-06-24 05:00:00,147.2685
2011-06-24 06:00:00,174.17911
2011-06-24 07:00:00,174.6745
2011-06-24 08:00:00,170.97931
2011-06-24 09:00:00,181.76605
2011-06-24 10:00:00,194.71158
2011-06-24 11:00:00,196.656
2011-06-24 12:00:00,197.19467
2011-06-24 13:00:00,196.33054
2011-06-24 14:00:00,195.48456
2011-06-24 15:00:00,198.36679
2011-06-24 16:00:00,198.34633
2011-06-24 17:00:00,196.17905
2011-06-24 18:00:00,196.01038
2011-06-24 19:00:00,195.4303
2011-06-24 20:00:00,194.88226
2011-06-24 21:00:00,190.04755
2011-06-24 22:00:00,184.44284
2011-06-24 23:00:00,182.40005
2011-06-25 00:00:00,185.50511
2011-06-25 01:00:00,182.40616
2011-06-25 02:00:00,179.5691
2011-06-25 03:00:00,180.46854
2011-06-25 04:00:00,180.50742
2011-06-25 05:00:00,178.58029
2011-06-25 06:00:00,180.06555
2011-06-25 07:00:00,184.82999
2011-06-25 08:00:00,191.03577
2011-06-25 09:00:00,190.69516
2011-06-25 10:00:00,144.04836
2011-06-25 11:00:00,100.00051
2011-06-25 12:00:00,68.81437
2011-06-25 13:00:00,41.420372
2011-06-25 14:00:00,30.92942
2011-06-25 15:00:00,29.363018
2011-06-25 16:00:00,34.030945
2011-06-25 17:00:00,31.890654
2011-06-25 18:00:00,29.137207
2011-06-25 19:00:00,29.534973
2011-06-25 20:00:00,27.624126
2011-06-25 21:00:00,25.38343
2011-06-25 22:00:00,25.705593
2011-06-25 23:00:00,23.652508
2011-06-26 00:00:00,23.372757
2011-06-26 01:00:00,23.162544
2011-06-26 02:00:00,21.976864
2011-06-26 03:00:00,21.071796
2011-06-26 04:00:00,20.78605
2011-06-26 05:00:00,20.723408
2011-06-26 06:00:00,20.736076
2011-06-26 07:00:00,20.570301
2011-06-26 08:00:00,21.730667
2011-06-26 09:00:00,23.336002
2011-06-26 10:00:00,28.293785
2011-06-26 11:00:00,29.089863
2011-06-26 12:00:00,34.81392
2011-06-26 13:00:00,34.36014
2011-06-26 14:00:00,35.16339
2011-06-26 15:00:00,34.36422
2011-06-26 16:00:00,35.011612
2011-06-26 17:00:00,26.253685
2011-06-26 18:00:00,25.192142
2011-06-26 19:00:00,25.068394
2011-06-26 20:00:00,22.986645
2011-06-26 21:00:00,21.980007
2011-06-26 22:00:00,25.323544
2011-06-26 23:00:00,24.073322
2011-06-27 00:00:00,23.767422
2011-06-27 01:00:00,21.19859
2011-06-27 02:00:00,22.55821
2011-06-27 03:00:00,22.561806
2011-06-27 04:00:00,20.677563
2011-06-27 05:00:00,20.783401
2011-06-27 06:00:00,21.049723
2011-06-27 07:00:00,21.17445
2011-06-27 08:00:00,19.693121
2011-06-27 09:00:00,23.377407
2011-06-27 10:00:00,24.127619
2011-06-27 11:00:00,23.668804
2011-06-27 12:00:00,23.403605
2011-06-27 13:00:00,22.995136
2011-06-27 14:00:00,24.200905
2011-06-27 15:00:00,24.202732
2011-06-27 16:00:00,24.910482
2011-06-27 17:00:00,25.79246
2011-06-27 18:00:00,24.840326
2011-06-27 19:00:00,23.35392
2011-06-27 20:00:00,22.364038
2011-06-27 21:00:00,21.959995
2011-06-27 22:00:00,19.812317
2011-06-27 23:00:00,19.822462
2011-06-28 00:00:00,20.989342
2011-06-28 01:00:00,18.013515
2011-06-28 02:00:00,20.349163
2011-06-28 03:00:00,20.355242
2011-06-28 04:00:00,18.03112
2011-06-28 05:00:00,17.585945
2011-06-28 06:00:00,18.89744
2011-06-28 07:00:00,20.823956
2011-06-28 08:00:00,20.535038
2011-06-28 09:00:00,22.343302
2011-06-28 10:00:00,26.883333
2011-06-28 11:00:00,26.536701
2011-06-28 12:00:00,26.075848
2011-06-28 13:00:00,27.042444
2011-06-28 14:00:00,24.991482
2011-06-28 15:00:00,31.99948
2011-06-28 16:00:00,30.179415
2011-06-28 17:00:00,25.347532
2011-06-28 18:00:00,27.707508
2011-06-28 19:00:00,24.090876
2011-06-28 20:00:00,23.540112
2011-06-28 21:00:00,22.05804
2011-06-28 22:00:00,21.907677
2011-06-28 23:00:00,21.862965
2011-06-29 00:00:00,22.00193
2011-06-29 01:00:00,21.757912
2011-06-29 02:00:00,20.920975
2011-06-29 03:00:00,21.50003
2011-06-29 04:00:00,20.2327
2011-06-29 05:00:00,19.99807
2011-06-29 06:00:00,23.178185
2011-06-29 07:00:00,23.858265
2011-06-29 08:00:00,25.555882
2011-06-29 09:00:00,24.478186
2011-06-29 10:00:00,25.125942
2011-06-29 11:00:00,27.030483
2011-06-29 12:00:00,26.58222
2011-06-29 13:00:00,26.206572
2011-06-29 14:00:00,29.670841
2011-06-29 15:00:00,31.33054
2011-06-29 16:00:00,24.557266
2011-06-29 17:00:00,28.48366
2011-06-29 18:00:00,28.815422
2011-06-29 19:00:00,26.149105
2011-06-29 20:00:00,26.753443
2011-06-29 21:00:00,27.524902
2011-06-29 22:00:00,25.501028
2011-06-29 23:00:00,23.999794
2011-06-30 00:00:00,24.14247
2011-06-30 01:00:00,24.679152
2011-06-30 02:00:00,23.558361
2011-06-30 03:00:00,23.926983
2011-06-30 04:00:00,25.496727
2011-06-30 05:00:00,25.518791
2011-06-30 06:00:00,24.502167
2011-06-30 07:00:00,23.20747
2011-06-30 08:00:00,24.782492
2011-06-30 09:00:00,27.172333
2011-06-30 10:00:00,26.303139
2011-06-30 11:00:00,29.977352
2011-06-30 12:00:00,28.991924
2011-06-30 13:00:00,29.107403
2011-06-30 14:00:00,30.478268
2011-06-30 15:00:00,32.474083
2011-06-30 16:00:00,38.742798
2011-06-30 17:00:00,29.582167
2011-06-30 18:00:00,33.46514
2011-06-30 19:00:00,33.341953
2011-06-30 20:00:00,34.992893
2011-06-30 21:00:00,38.918056
2011-06-30 22:00:00,39.89602
2011-06-30 23:00:00,52.80443
2011-07-20 00:00:00,86.90166
2011-07-20 01:00:00,129.04715
2011-07-20 02:00:00,140.43796
2011-07-20 03:00:00,147.56726
2011-07-20 04:00:00,151.3937
2011-07-20 05:00:00,155.61624
2011-07-20 06:00:00,146.2073
2011-07-20 07:00:00,160.91956
2011-07-20 08:00:00,160.96399
2011-07-20 09:00:00,161.71759
2011-07-20 10:00:00,170.31921
2011-07-20 11:00:00,171.46625
2011-07-20 12:00:00,169.64937
2011-07-20 13:00:00,170.7891
2011-07-20 14:00:00,169.36015
2011-07-20 15:00:00,168.06433
2011-07-20 16:00:00,171.59958
2011-07-20 17:00:00,174.72296
2011-07-20 18:00:00,175.38353
2011-07-20 19:00:00,177.14441
2011-07-20 20:00:00,175.55437
2011-07-20 21:00:00,180.10031
2011-07-20 22:00:00,175.01573
2011-07-20 23:00:00,176.79721
2011-07-21 00:00:00,183.8348
2011-07-21 01:00:00,180.6023
2011-07-21 02:00:00,180.5607
2011-07-21 03:00:00,178.95924
2011-07-21 04:00:00,175.22253
2011-07-21 05:00:00,175.39485
2011-07-21 06:00:00,175.4801
2011-07-21 07:00:00,179.39288
2011-07-21 08:00:00,183.63303
2011-07-21 09:00:00,185.62317
2011-07-21 10:00:00,185.9737
2011-07-21 11:00:00,186.86407
2011-07-21 12:00:00,189.2684
2011-07-21 13:00:00,187.80795
2011-07-21 14:00:00,189.83713
2011-07-21 15:00:00,189.73871
2011-07-21 16:00:00,193.98962
2011-07-21 17:00:00,193.89703
2011-07-21 18:00:00,191.8761
2011-07-21 19:00:00,197.43762
2011-07-21 20:00:00,193.74677
2011-07-21 21:00:00,190.31738
2011-07-21 22:00:00,194.14325
2011-07-21 23:00:00,193.08029
2011-07-22 00:00:00,201.03735
2011-07-22 01:00:00,198.47844
2011-07-22 02:00:00,196.94714
2011-07-22 03:00:00,197.23859
2011-07-22 04:00:00,195.83595
2011-07-22 05:00:00,192.8543
2011-07-22 06:00:00,197.02972
2011-07-22 07:00:00,204.67896
2011-07-22 08:00:00,205.22403
2011-07-22 09:00:00,206.22559
2011-07-22 10:00:00,193.72858
2011-07-22 11:00:00,196.46623
2011-07-22 12:00:00,198.31024
2011-07-22 13:00:00,199.7908
2011-07-22 14:00:00,206.49763
2011-07-22 15:00:00,205.98482
2011-07-22 16:00:00,225.92459
2011-07-22 17:00:00,201.25107
2011-07-22 18:00:00,206.82645
2011-07-22 19:00:00,210.60487
2011-07-22 20:00:00,200.84279
2011-07-22 21:00:00,202.85933
2011-07-22 22:00:00,194.45372
2011-07-22 23:00:00,198.40506
2011-07-23 00:00:00,229.56825
2011-07-23 01:00:00,228.948
2011-07-23 02:00:00,230.31892
2011-07-23 03:00:00,225.61758
2011-07-23 04:00:00,226.0679
2011-07-23 05:00:00,227.81528
2011-07-23 06:00:00,229.53589
2011-07-23 07:00:00,229.15973
2011-07-23 08:00:00,231.44531
2011-07-23 09:00:00,232.22806
2011-07-23 10:00:00,235.23724
2011-07-23 11:00:00,237.33957
2011-07-23 12:00:00,238.29861
2011-07-23 13:00:00,238.57608
2011-07-23 14:00:00,237.44296
2011-07-23 15:00:00,239.22311
2011-07-23 16:00:00,238.0618
2011-07-23 17:00:00,238.08093
2011-07-23 18:00:00,238.64073
2011-07-23 19:00:00,230.49551
2011-07-23 20:00:00,231.63577
2011-07-23 21:00:00,231.65675
2011-07-23 22:00:00,229.79088
2011-07-23 23:00:00,228.68039
2011-07-24 00:00:00,229.12924
2011-07-24 01:00:00,227.639
2011-07-24 02:00:00,228.93399
2011-07-24 03:00:00,228.95148
2011-07-24 04:00:00,227.75053
2011-07-24 05:00:00,227.87814
2011-07-24 06:00:00,229.75906
2011-07-24 07:00:00,229.39119
2011-07-24 08:00:00,233.03789
2011-07-24 09:00:00,233.85469
2011-07-24 10:00:00,238.07803
2011-07-24 11:00:00,236.54123
2011-07-24 12:00:00,235.75648
2011-07-24 13:00:00,239.47025
2011-07-24 14:00:00,238.04556
2011-07-24 15:00:00,239.71526
2011-07-24 16:00:00,239.7182
2011-07-24 17:00:00,239.31265
2011-07-24 18:00:00,238.25769
2011-07-24 19:00:00,239.62874
2011-07-24 20:00:00,234.81256
2011-07-24 21:00:00,229.47397
2011-07-24 22:00:00,227.9481
2011-07-24 23:00:00,227.09088
2011-07-25 00:00:00,185.25021
2011-07-25 01:00:00,183.22122
2011-07-25 02:00:00,179.55676
2011-07-25 03:00:00,182.44331
2011-07-25 04:00:00,178.05222
2011-07-25 05:00:00,178.06265
2011-07-25 06:00:00,174.03717
2011-07-25 07:00:00,178.92181
2011-07-25 08:00:00,184.14822
2011-07-25 09:00:00,195.97029
2011-07-25 10:00:00,189.5878
2011-07-25 11:00:00,191.40079
2011-07-25 12:00:00,191.40863
2011-07-25 13:00:00,183.35852
2011-07-25 14:00:00,174.31311
2011-07-25 15:00:00,182.9689
2011-07-25 16:00:00,179.88695
2011-07-25 17:00:00,175.54314
2011-07-25 18:00:00,184.75331
2011-07-25 19:00:00,182.79736
2011-07-25 20:00:00,173.1649
2011-07-25 21:00:00,176.10739
2011-07-25 22:00:00,130.48187
2011-07-25 23:00:00,91.71618
2011-07-26 00:00:00,49.33326
2011-07-26 01:00:00,20.879986
2011-07-26 02:00:00,8.896199
2011-07-26 03:00:00,8.739596
2011-07-26 04:00:00,8.8993225
2011-07-26 05:00:00,7.9228554
2011-07-26 06:00:00,11.531828
2011-07-26 07:00:00,12.371172
2011-07-26 08:00:00,16.26769
2011-07-26 09:00:00,17.405613
2011-07-26 10:00:00,18.458782
2011-07-26 11:00:00,24.68641
2011-07-26 12:00:00,26.81203
2011-07-26 13:00:00,17.374695
2011-07-26 14:00:00,19.27288
2011-07-26 15:00:00,21.362345
2011-07-26 16:00:00,21.260931
2011-07-26 17:00:00,20.43565
2011-07-26 18:00:00,18.24472
2011-07-26 19:00:00,16.176193
2011-07-26 20:00:00,14.45567
2011-07-26 21:00:00,15.160305
2011-07-26 22:00:00,15.657682
2011-07-26 23:00:00,14.157721
2011-07-27 00:00:00,11.754768
2011-07-27 01:00:00,15.239817
2011-07-27 02:00:00,14.206266
2011-07-27 03:00:00,13.512533
2011-07-27 04:00:00,15.099176
2011-07-27 05:00:00,14.425131
2011-07-27 06:00:00,14.041055
2011-07-27 07:00:00,15.550579
2011-07-27 08:00:00,15.056343
2011-07-27 09:00:00,16.944313
2011-07-27 10:00:00,15.8425455
2011-07-27 11:00:00,19.025997
2011-07-27 12:00:00,16.347475
2011-07-27 13:00:00,15.385494
2011-07-27 14:00:00,18.097397
2011-07-27 15:00:00,21.37828
2011-07-27 16:00:00,22.872799
2011-07-27 17:00:00,21.400505
2011-07-27 18:00:00,23.06416
2011-07-27 19:00:00,21.295208
2011-07-27 20:00:00,15.873148
2011-07-27 21:00:00,15.801279
2011-07-27 22:00:00,14.088709
2011-07-27 23:00:00,13.825014
2011-07-28 00:00:00,14.041441
2011-07-28 01:00:00,13.379715
2011-07-28 02:00:00,13.202368
2011-07-28 03:00:00,12.034129
2011-07-28 04:00:00,11.829138
2011-07-28 05:00:00,10.348912
2011-07-28 06:00:00,8.002122
2011-07-28 07:00:00,9.308774
2011-07-28 08:00:00,11.935939
2011-07-28 09:00:00,13.283525
2011-07-28 10:00:00,14.201426
2011-07-28 11:00:00,12.866169
2011-07-28 12:00:00,16.828485
2011-07-28 13:00:00,17.577633
2011-07-28 14:00:00,13.757835
2011-07-28 15:00:00,11.474743
2011-07-28 16:00:00,16.30354
2011-07-28 17:00:00,15.711822
2011-07-28 18:00:00,12.276797
2011-07-28 19:00:00,16.05788
2011-07-28 20:00:00,14.649676
2011-07-28 21:00:00,14.31227
2011-07-28 22:00:00,13.817205
2011-07-28 23:00:00,13.013933
2011-07-29 00:00:00,11.332397
2011-07-29 01:00:00,11.362091
2011-07-29 02:00:00,11.982151
2011-07-29 03:00:00,11.98942
2011-07-29 04:00:00,12.276321
2011-07-29 05:00:00,13.065083
2011-07-29 06:00:00,14.4869175
2011-07-29 07:00:00,13.107513
2011-07-29 08:00:00,17.221594
2011-07-29 09:00:00,18.780437
2011-07-29 10:00:00,15.028828
2011-07-29 11:00:00,17.216095
2011-07-29 12:00:00,13.940453
2011-07-29 13:00:00,19.440485
2011-07-29 14:00:00,14.60865
2011-07-29 15:00:00,14.638153
2011-07-29 16:00:00,13.755035
2011-07-29 17:00:00,14.051476
2011-07-29 18:00:00,16.892784
2011-07-29 19:00:00,15.164497
2011-07-29 20:00:00,20.980282
2011-07-29 21:00:00,19.353333
2011-07-29 22:00:00,17.778545
2011-07-29 23:00:00,14.085949
2011-07-30 00:00:00,19.317902
2011-07-30 01:00:00,20.16705
2011-07-30 02:00:00,19.532673
2011-07-30 03:00:00,17.118418
2011-07-30 04:00:00,13.893922
2011-07-30 05:00:00,15.432678
2011-07-30 06:00:00,15.55177
2011-07-30 07:00:00,18.545181
2011-07-30 08:00:00,19.733162
2011-07-30 09:00:00,23.587204
2011-07-30 10:00:00,25.39978
2011-07-30 11:00:00,25.526602
2011-07-30 12:00:00,25.509335
2011-07-30 13:00:00,28.16939
2011-07-30 14:00:00,28.346994
2011-07-30 15:00:00,27.112091
2011-07-30 16:00:00,26.642315
2011-07-30 17:00:00,26.583061
2011-07-30 18:00:00,27.215073
2011-07-30 19:00:00,23.244127
2011-07-30 20:00:00,24.043404
2011-07-30 21:00:00,22.329456
2011-07-30 22:00:00,19.040539
2011-07-30 23:00:00,20.446632
2011-07-31 00:00:00,19.67426
2011-07-31 01:00:00,17.508533
2011-07-31 02:00:00,15.284813
2011-07-31 03:00:00,15.454909
2011-07-31 04:00:00,12.95293
2011-07-31 05:00:00,13.161077
2011-07-31 06:00:00,15.479435
2011-07-31 07:00:00,18.244396
2011-07-31 08:00:00,20.104324
2011-07-31 09:00:00,23.357962
2011-07-31 10:00:00,25.908466
2011-07-31 11:00:00,27.166279
2011-07-31 12:00:00,27.753304
2011-07-31 13:00:00,27.735302
2011-07-31 14:00:00,28.050957
2011-07-31 15:00:00,28.441689
2011-07-31 16:00:00,29.354794
2011-07-31 17:00:00,30.440899
2011-07-31 18:00:00,29.35952
2011-07-31 19:00:00,25.287666
2011-07-31 20:00:00,25.642223
2011-07-31 21:00:00,23.806683
2011-07-31 22:00:00,22.111969
2011-07-31 23:00:00,24.911957
2011-08-20 00:00:00,95.05525
2011-08-20 01:00:00,95.60686
2011-08-20 02:00:00,96.32724
2011-08-20 03:00:00,96.517494
2011-08-20 04:00:00,100.177475
2011-08-20 05:00:00,96.245544
2011-08-20 06:00:00,102.16942
2011-08-20 07:00:00,96.63814
2011-08-20 08:00:00,103.055664
2011-08-20 09:00:00,105.61545
2011-08-20 10:00:00,107.00461
2011-08-20 11:00:00,107.6615
2011-08-20 12:00:00,108.53882
2011-08-20 13:00:00,110.180374
2011-08-20 14:00:00,111.36994
2011-08-20 15:00:00,112.222946
2011-08-20 16:00:00,112.156876
2011-08-20 17:00:00,111.7364
2011-08-20 18:00:00,111.48308
2011-08-20 19:00:00,108.48133
2011-08-20 20:00:00,109.1999
2011-08-20 21:00:00,107.99336
2011-08-20 22:00:00,106.89279
2011-08-20 23:00:00,106.21242
2011-08-21 00:00:00,106.38661
2011-08-21 01:00:00,107.19743
2011-08-21 02:00:00,106.36363
2011-08-21 03:00:00,106.87787
2011-08-21 04:00:00,108.13898
2011-08-21 05:00:00,106.38694
2011-08-21 06:00:00,106.57071
2011-08-21 07:00:00,109.111725
2011-08-21 08:00:00,108.246574
2011-08-21 09:00:00,107.83065
2011-08-21 10:00:00,109.483376
2011-08-21 11:00:00,112.65662
2011-08-21 12:00:00,112.66376
2011-08-21 13:00:00,113.62514
2011-08-21 14:00:00,110.40825
2011-08-21 15:00:00,109.82497
2011-08-21 16:00:00,107.58331
2011-08-21 17:00:00,107.162186
2011-08-21 18:00:00,108.6295
2011-08-21 19:00:00,108.112686
2011-08-21 20:00:00,108.28751
2011-08-21 21:00:00,108.290344
2011-08-21 22:00:00,106.869675
2011-08-21 23:00:00,106.451614
2011-08-22 00:00:00,98.03848
2011-08-22 01:00:00,97.62074
2011-08-22 02:00:00,107.76228
2011-08-22 03:00:00,109.005615
2011-08-22 04:00:00,104.05856
2011-08-22 05:00:00,106.94914
2011-08-22 06:00:00,105.68875
2011-08-22 07:00:00,106.20119
2011-08-22 08:00:00,106.20484
2011-08-22 09:00:00,106.92986
2011-08-22 10:00:00,109.83185
2011-08-22 11:00:00,112.84236
2011-08-22 12:00:00,113.886536
2011-08-22 13:00:00,113.973236
2011-08-22 14:00:00,113.97263
2011-08-22 15:00:00,112.37259
2011-08-22 16:00:00,113.99999
2011-08-22 17:00:00,112.39003
2011-08-22 18:00:00,114.41574
2011-08-22 19:00:00,113.65447
2011-08-22 20:00:00,112.40985
2011-08-22 21:00:00,113.25781
2011-08-22 22:00:00,113.056595
2011-08-22 23:00:00,108.80838
2011-08-23 00:00:00,110.4891
2011-08-23 01:00:00,107.15542
2011-08-23 02:00:00,103.69821
2011-08-23 03:00:00,104.85724
2011-08-23 04:00:00,101.70978
2011-08-23 05:00:00,100.66972
2011-08-23 06:00:00,99.26623
2011-08-23 07:00:00,106.75864
2011-08-23 08:00:00,101.70646
2011-08-23 09:00:00,104.70586
2011-08-23 10:00:00,112.61969
2011-08-23 11:00:00,114.67776
2011-08-23 12:00:00,111.92042
2011-08-23 13:00:00,117.14133
2011-08-23 14:00:00,117.57557
2011-08-23 15:00:00,113.80363
2011-08-23 16:00:00,115.529686
2011-08-23 17:00:00,113.80778
2011-08-23 18:00:00,114.40331
2011-08-23 19:00:00,107.60552
2011-08-23 20:00:00,105.87204
2011-08-23 21:00:00,102.37941
2011-08-23 22:00:00,103.80505
2011-08-23 23:00:00,105.453835
2011-08-24 00:00:00,105.109886
2011-08-24 01:00:00,104.908066
2011-08-24 02:00:00,103.07048
2011-08-24 03:00:00,102.98313
2011-08-24 04:00:00,89.751
2011-08-24 05:00:00,89.75802
2011-08-24 06:00:00,88.51533
2011-08-24 07:00:00,101.972885
2011-08-24 08:00:00,100.04805
2011-08-24 09:00:00,102.70047
2011-08-24 10:00:00,107.04514
2011-08-24 11:00:00,109.22031
2011-08-24 12:00:00,110.06583
2011-08-24 13:00:00,111.33287
2011-08-24 14:00:00,111.333786
2011-08-24 15:00:00,112.675095
2011-08-24 16:00:00,111.169495
2011-08-24 17:00:00,111.111206
2011-08-24 18:00:00,109.58862
2011-08-24 19:00:00,109.58954
2011-08-24 20:00:00,107.650505
2011-08-24 21:00:00,108.734406
2011-08-24 22:00:00,109.16501
2011-08-24 23:00:00,106.03616
2011-08-25 00:00:00,101.8857
2011-08-25 01:00:00,110.04945
2011-08-25 02:00:00,110.035416
2011-08-25 03:00:00,102.642715
2011-08-25 04:00:00,107.479546
2011-08-25 05:00:00,107.14195
2011-08-25 06:00:00,103.10932
2011-08-25 07:00:00,106.81462
2011-08-25 08:00:00,104.537796
2011-08-25 09:00:00,106.93259
2011-08-25 10:00:00,109.44539
2011-08-25 11:00:00,103.032715
2011-08-25 12:00:00,103.03346
2011-08-25 13:00:00,99.31462
2011-08-25 14:00:00,104.01218
2011-08-25 15:00:00,104.27106
2011-08-25 16:00:00,99.44983
2011-08-25 17:00:00,99.450165
2011-08-25 18:00:00,103.805405
2011-08-25 19:00:00,107.46098
2011-08-25 20:00:00,107.25255
2011-08-25 21:00:00,101.03947
2011-08-25 22:00:00,66.30897
2011-08-25 23:00:00,60.113342
2011-08-26 00:00:00,54.822685
2011-08-26 01:00:00,31.076069
2011-08-26 02:00:00,16.798065
2011-08-26 03:00:00,15.844161
2011-08-26 04:00:00,15.269186
2011-08-26 05:00:00,17.66018
2011-08-26 06:00:00,15.270975
2011-08-26 07:00:00,16.305006
2011-08-26 08:00:00,18.912746
2011-08-26 09:00:00,19.318691
2011-08-26 10:00:00,20.22651
2011-08-26 11:00:00,23.741623
2011-08-26 12:00:00,23.7778
2011-08-26 13:00:00,24.175533
2011-08-26 14:00:00,25.083591
2011-08-26 15:00:00,25.9715
2011-08-26 16:00:00,26.299461
2011-08-26 17:00:00,22.045948
2011-08-26 18:00:00,21.839424
2011-08-26 19:00:00,18.45633
2011-08-26 20:00:00,18.634127
2011-08-26 21:00:00,18.64502
2011-08-26 22:00:00,18.460278
2011-08-26 23:00:00,18.78357
2011-08-27 00:00:00,21.586754
2011-08-27 01:00:00,22.159866
2011-08-27 02:00:00,22.165508
2011-08-27 03:00:00,23.397198
2011-08-27 04:00:00,23.389713
2011-08-27 05:00:00,24.056705
2011-08-27 06:00:00,24.058151
2011-08-27 07:00:00,24.544287
2011-08-27 08:00:00,23.462008
2011-08-27 09:00:00,24.675945
2011-08-27 10:00:00,25.282011
2011-08-27 11:00:00,23.10943
2011-08-27 12:00:00,24.689762
2011-08-27 13:00:00,23.719097
2011-08-27 14:00:00,24.55804
2011-08-27 15:00:00,24.559698
2011-08-27 16:00:00,24.294155
2011-08-27 17:00:00,24.965267
2011-08-28 07:00:00,21.193422
2011-08-28 08:00:00,21.795778
2011-08-28 09:00:00,19.891273
2011-08-28 10:00:00,26.53536
2011-08-28 11:00:00,26.690773
2011-08-28 12:00:00,34.974205
2011-08-28 13:00:00,35.349663
2011-08-28 14:00:00,35.420654
2011-08-28 15:00:00,35.975582
2011-08-28 16:00:00,36.901325
2011-08-28 17:00:00,37.144627
2011-08-28 18:00:00,36.9046
2011-08-28 19:00:00,35.436142
2011-08-28 20:00:00,34.763573
2011-08-28 21:00:00,22.978493
2011-08-28 22:00:00,18.850542
2011-08-28 23:00:00,15.7265
2011-08-29 00:00:00,17.613018
2011-08-29 01:00:00,21.355198
2011-08-29 02:00:00,20.803043
2011-08-29 03:00:00,21.36324
2011-08-29 04:00:00,19.174904
2011-08-29 05:00:00,17.568068
2011-08-29 06:00:00,17.528448
2011-08-29 07:00:00,20.940292
2011-08-29 08:00:00,21.828478
2011-08-29 09:00:00,23.45925
2011-08-29 10:00:00,24.603323
2011-08-29 11:00:00,24.469933
2011-08-29 12:00:00,23.216072
2011-08-29 13:00:00,27.15191
2011-08-29 14:00:00,27.184963
2011-08-29 15:00:00,26.526365
2011-08-29 16:00:00,25.872036
2011-08-29 17:00:00,25.944126
2011-08-29 18:00:00,25.208153
2011-08-29 19:00:00,25.21454
2011-08-29 20:00:00,23.599825
2011-08-29 21:00:00,23.625864
2011-08-29 22:00:00,22.79308
2011-08-29 23:00:00,22.03738
2011-08-30 00:00:00,17.578638
2011-08-30 01:00:00,19.470663
2011-08-30 02:00:00,16.5662
2011-08-30 03:00:00,16.475197
2011-08-30 04:00:00,15.638964
2011-08-30 05:00:00,15.598663
2011-08-30 06:00:00,16.613224
2011-08-30 07:00:00,19.747892
2011-08-30 08:00:00,22.200932
2011-08-30 09:00:00,23.215496
2011-08-30 10:00:00,27.673758
2011-08-30 11:00:00,28.919065
2011-08-30 12:00:00,26.95946
2011-08-30 13:00:00,28.814194
2011-08-30 14:00:00,28.461897
2011-08-30 15:00:00,27.849072
2011-08-30 16:00:00,28.317387
2011-08-30 17:00:00,27.991009
2011-08-30 18:00:00,24.800457
2011-08-30 19:00:00,23.601568
2011-08-30 20:00:00,23.71816
2011-08-30 21:00:00,21.648294
2011-08-30 22:00:00,22.379934
2011-08-30 23:00:00,22.405258
2011-08-31 00:00:00,21.683662
2011-08-31 01:00:00,21.771908
2011-08-31 02:00:00,16.973965
2011-08-31 03:00:00,16.78199
2011-08-31 04:00:00,17.186115
2011-08-31 05:00:00,16.375854
2011-08-31 06:00:00,16.505466
2011-08-31 07:00:00,17.549932
2011-08-31 08:00:00,20.35006
2011-08-31 09:00:00,21.508984
2011-08-31 10:00:00,26.51766
2011-08-31 11:00:00,27.330414
2011-08-31 12:00:00,27.310251
2011-08-31 13:00:00,29.721466
2011-08-31 14:00:00,29.509933
2011-08-31 15:00:00,29.58577
2011-08-31 16:00:00,27.653324
2011-08-31 17:00:00,27.484344
2011-08-31 18:00:00,28.646692
2011-08-31 19:00:00,28.234514
2011-08-31 20:00:00,27.06173
2011-08-31 21:00:00,27.022598
2011-08-31 22:00:00,27.034214
2011-08-31 23:00:00,34.077713
2011-09-20 00:00:00,65.170044
2011-09-20 01:00:00,98.51097
2011-09-20 02:00:00,108.15901
2011-09-20 03:00:00,121.22819
2011-09-20 04:00:00,121.53261
2011-09-20 05:00:00,119.88251
2011-09-20 06:00:00,121.93401
2011-09-20 07:00:00,125.259155
2011-09-20 08:00:00,105.94646
2011-09-20 09:00:00,107.752045
2011-09-20 10:00:00,119.9224
2011-09-20 11:00:00,120.81969
2011-09-20 12:00:00,116.34721
2011-09-20 13:00:00,117.51329
2011-09-20 14:00:00,134.69365
2011-09-20 15:00:00,158.08984
2011-09-20 16:00:00,154.4974
2011-09-20 17:00:00,157.42737
2011-09-20 18:00:00,159.2562
2011-09-20 19:00:00,138.02591
2011-09-20 20:00:00,125.39428
2011-09-20 21:00:00,126.05333
2011-09-20 22:00:00,126.56762
2011-09-20 23:00:00,126.93168
2011-09-21 00:00:00,131.038
2011-09-21 01:00:00,127.18212
2011-09-21 02:00:00,127.56824
2011-09-21 03:00:00,129.65039
2011-09-21 04:00:00,130.37927
2011-09-21 05:00:00,129.7816
2011-09-21 06:00:00,128.07625
2011-09-21 07:00:00,128.24908
2011-09-21 08:00:00,132.05432
2011-09-21 09:00:00,133.4328
2011-09-21 10:00:00,146.15118
2011-09-21 11:00:00,167.55972
2011-09-21 12:00:00,170.3927
2011-09-21 13:00:00,176.82724
2011-09-21 14:00:00,175.65018
2011-09-21 15:00:00,178.94104
2011-09-21 16:00:00,179.00603
2011-09-21 17:00:00,174.99728
2011-09-21 18:00:00,163.3524
2011-09-21 19:00:00,137.49226
2011-09-21 20:00:00,137.67683
2011-09-21 21:00:00,137.74411
2011-09-21 22:00:00,138.30243
2011-09-21 23:00:00,134.47363
2011-09-22 00:00:00,136.01727
2011-09-22 01:00:00,140.90118
2011-09-22 02:00:00,140.36917
2011-09-22 03:00:00,141.18707
2011-09-22 04:00:00,141.25073
2011-09-22 05:00:00,140.65567
2011-09-22 06:00:00,142.7822
2011-09-22 07:00:00,142.54755
2011-09-22 08:00:00,141.18878
2011-09-22 09:00:00,141.85529
2011-09-22 10:00:00,159.1882
2011-09-22 11:00:00,159.0977
2011-09-22 12:00:00,180.10184
2011-09-22 13:00:00,181.9659
2011-09-22 14:00:00,181.87411
2011-09-22 15:00:00,185.13437
2011-09-22 16:00:00,184.41354
2011-09-22 17:00:00,181.35681
2011-09-22 18:00:00,176.80638
2011-09-22 19:00:00,161.70325
2011-09-22 20:00:00,146.55937
2011-09-22 21:00:00,161.9205
2011-09-22 22:00:00,144.6719
2011-09-22 23:00:00,143.90189
2011-09-23 00:00:00,157.64915
2011-09-23 01:00:00,161.7351
2011-09-23 02:00:00,158.98795
2011-09-23 03:00:00,161.83197
2011-09-23 04:00:00,154.77872
2011-09-23 05:00:00,158.82584
2011-09-23 06:00:00,157.85242
2011-09-23 07:00:00,156.06175
2011-09-23 08:00:00,156.07626
2011-09-23 09:00:00,154.56976
2011-09-23 10:00:00,154.90973
2011-09-23 11:00:00,154.99097
2011-09-23 12:00:00,156.65854
2011-09-23 13:00:00,155.03015
2011-09-23 14:00:00,155.02347
2011-09-23 15:00:00,157.09116
2011-09-23 16:00:00,157.75977
2011-09-23 17:00:00,162.4278
2011-09-23 18:00:00,157.74716
2011-09-23 19:00:00,159.42639
2011-09-23 20:00:00,154.50018
2011-09-23 21:00:00,156.6429
2011-09-23 22:00:00,152.07767
2011-09-23 23:00:00,158.58061
2011-09-24 00:00:00,194.72919
2011-09-24 01:00:00,195.78323
2011-09-24 02:00:00,195.80507
2011-09-24 03:00:00,190.18814
2011-09-24 04:00:00,192.87459
2011-09-24 05:00:00,195.96768
2011-09-24 06:00:00,195.91806
2011-09-24 07:00:00,198.73071
2011-09-24 08:00:00,197.51758
2011-09-24 09:00:00,197.69098
2011-09-24 10:00:00,197.69525
2011-09-24 11:00:00,199.52158
2011-09-24 12:00:00,199.53778
2011-09-24 13:00:00,204.46133
2011-09-24 14:00:00,201.29309
2011-09-24 15:00:00,201.30722
2011-09-24 16:00:00,202.71469
2011-09-24 17:00:00,197.79466
2011-09-24 18:00:00,200.81607
2011-09-24 19:00:00,196.03308
2011-09-24 20:00:00,197.63281
2011-09-24 21:00:00,201.47849
2011-09-24 22:00:00,198.038
2011-09-24 23:00:00,197.85574
2011-09-25 00:00:00,201.55478
2011-09-25 01:00:00,199.2901
2011-09-25 02:00:00,200.55319
2011-09-25 03:00:00,200.57672
2011-09-25 04:00:00,197.71793
2011-09-25 05:00:00,199.26529
2011-09-25 06:00:00,199.25378
2011-09-25 07:00:00,199.89813
2011-09-25 08:00:00,201.044
2011-09-25 09:00:00,203.97801
2011-09-25 10:00:00,152.04935
2011-09-25 11:00:00,119.45519
2011-09-25 12:00:00,83.89751
2011-09-25 13:00:00,67.67726
2011-09-25 14:00:00,55.41886
2011-09-25 15:00:00,55.42241
2011-09-25 16:00:00,58.40645
2011-09-25 17:00:00,56.79421
2011-09-25 18:00:00,56.817677
2011-09-25 19:00:00,55.58792
2011-09-25 20:00:00,55.003456
2011-09-25 21:00:00,51.191185
2011-09-25 22:00:00,52.451042
2011-09-25 23:00:00,53.33745
2011-09-26 00:00:00,51.83953
2011-09-26 01:00:00,50.722015
2011-09-26 02:00:00,50.726852
2011-09-26 03:00:00,51.85886
2011-09-26 04:00:00,51.397835
2011-09-26 05:00:00,50.70958
2011-09-26 06:00:00,51.40058
2011-09-26 07:00:00,51.870773
2011-09-26 08:00:00,51.857765
2011-09-26 09:00:00,50.522182
2011-09-26 10:00:00,50.413773
2011-09-26 11:00:00,49.67627
2011-09-26 12:00:00,52.9251
2011-09-26 13:00:00,52.846695
2011-09-26 14:00:00,51.55998
2011-09-26 15:00:00,55.437366
2011-09-26 16:00:00,52.64081
2011-09-26 17:00:00,52.98353
2011-09-26 18:00:00,50.89719
2011-09-26 19:00:00,51.38527
2011-09-26 20:00:00,48.3947
2011-09-26 21:00:00,48.401062
2011-09-26 22:00:00,47.67873
2011-09-26 23:00:00,47.722466
2011-09-27 00:00:00,49.025795
2011-09-27 01:00:00,49.360497
2011-09-27 02:00:00,48.90554
2011-09-27 03:00:00,51.208168
2011-09-27 04:00:00,55.226074
2011-09-27 05:00:00,55.233887
2011-09-27 06:00:00,52.62375
2011-09-27 07:00:00,52.631554
2011-09-27 08:00:00,50.88978
2011-09-27 09:00:00,53.878624
2011-09-27 10:00:00,55.59954
2011-09-27 11:00:00,51.106926
2011-09-27 12:00:00,51.36261
2011-09-27 13:00:00,52.742085
2011-09-27 14:00:00,53.60714
2011-09-27 15:00:00,53.723907
2011-09-27 16:00:00,51.982967
2011-09-27 17:00:00,51.67801
2011-09-27 18:00:00,51.10266
2011-09-27 19:00:00,50.698906
2011-09-27 20:00:00,51.194878
2011-09-27 21:00:00,50.82717
2011-09-27 22:00:00,49.391033
2011-09-27 23:00:00,49.40276
2011-09-28 00:00:00,49.696888
2011-09-28 01:00:00,49.67818
2011-09-28 02:00:00,49.371964
2011-09-28 03:00:00,51.87741
2011-09-28 04:00:00,49.72157
2011-09-28 05:00:00,50.976986
2011-09-28 06:00:00,54.426384
2011-09-28 07:00:00,54.459023
2011-09-28 08:00:00,55.512337
2011-09-28 09:00:00,55.532772
2011-09-28 10:00:00,51.50643
2011-09-28 11:00:00,52.72763
2011-09-28 12:00:00,54.37507
2011-09-28 13:00:00,50.471954
2011-09-28 14:00:00,53.151222
2011-09-28 15:00:00,52.84622
2011-09-28 16:00:00,51.475395
2011-09-28 17:00:00,51.974213
2011-09-28 18:00:00,56.38154
2011-09-28 19:00:00,56.403465
2011-09-28 20:00:00,56.943535
2011-09-28 21:00:00,56.698902
2011-09-28 22:00:00,50.410515
2011-09-28 23:00:00,48.251358
2011-09-29 00:00:00,48.00161
2011-09-29 01:00:00,53.348923
2011-09-29 02:00:00,53.38917
2011-09-29 03:00:00,53.668606
2011-09-29 04:00:00,54.820152
2011-09-29 05:00:00,54.76179
2011-09-29 06:00:00,53.91669
2011-09-29 07:00:00,51.65113
2011-09-29 08:00:00,52.223137
2011-09-29 09:00:00,52.32667
2011-09-29 10:00:00,53.61241
2011-09-29 11:00:00,54.04986
2011-09-29 12:00:00,55.39777
2011-09-29 13:00:00,54.584846
2011-09-29 14:00:00,56.352787
2011-09-29 15:00:00,56.991596
2011-09-29 16:00:00,57.80537
2011-09-29 17:00:00,57.06158
2011-09-29 18:00:00,60.87211
2011-09-29 19:00:00,57.543015
2011-09-29 20:00:00,57.925465
2011-09-29 21:00:00,55.928833
2011-09-29 22:00:00,52.360497
2011-09-29 23:00:00,52.190773
2011-09-30 00:00:00,53.80205
2011-09-30 01:00:00,52.977142
2011-09-30 02:00:00,54.111427
2011-09-30 03:00:00,54.2279
2011-09-30 04:00:00,55.63424
2011-09-30 05:00:00,55.87543
2011-09-30 06:00:00,57.412045
2011-09-30 07:00:00,57.78485
2011-09-30 08:00:00,56.435505
2011-09-30 09:00:00,57.978687
2011-09-30 10:00:00,59.137257
2011-09-30 11:00:00,61.973473
2011-09-30 12:00:00,61.005108
2011-09-30 13:00:00,63.195282
2011-09-30 14:00:00,64.01542
2011-09-30 15:00:00,63.768272
2011-09-30 16:00:00,66.7144
2011-09-30 17:00:00,68.38688
2011-09-30 18:00:00,68.23198
2011-09-30 19:00:00,71.622574
2011-09-30 20:00:00,74.53468
2011-09-30 21:00:00,83.48556
2011-09-30 22:00:00,93.29419
2011-09-30 23:00:00,118.41192
2011-10-20 00:00:00,61.54267
2011-10-20 01:00:00,84.45412
2011-10-20 02:00:00,89.71792
2011-10-20 03:00:00,94.2843
2011-10-20 04:00:00,96.294815
2011-10-20 05:00:00,98.90573
2011-10-20 06:00:00,99.00322
2011-10-20 07:00:00,100.945564
2011-10-20 08:00:00,110.67433
2011-10-20 09:00:00,112.60838
2011-10-20 10:00:00,112.910034
2011-10-20 11:00:00,116.41716
2011-10-20 12:00:00,118.103004
2011-10-20 13:00:00,117.555756
2011-10-20 14:00:00,120.11722
2011-10-20 15:00:00,118.556854
2011-10-20 16:00:00,119.07918
2011-10-20 17:00:00,119.717514
2011-10-20 18:00:00,118.88099
2011-10-20 19:00:00,118.088585
2011-10-20 20:00:00,120.12173
2011-10-20 21:00:00,116.0923
2011-10-20 22:00:00,116.61376
2011-10-20 23:00:00,116.62236
2011-10-21 00:00:00,111.84842
2011-10-21 01:00:00,111.16529
2011-10-21 02:00:00,102.93266
2011-10-21 03:00:00,102.08404
2011-10-21 04:00:00,102.47587
2011-10-21 05:00:00,100.16464
2011-10-21 06:00:00,102.61871
2011-10-21 07:00:00,102.653076
2011-10-21 08:00:00,108.550064
2011-10-21 09:00:00,120.86308
2011-10-21 10:00:00,118.26277
2011-10-21 11:00:00,122.665955
2011-10-21 12:00:00,121.84669
2011-10-21 13:00:00,118.66478
2011-10-21 14:00:00,123.23009
2011-10-21 15:00:00,122.29977
2011-10-21 16:00:00,122.85342
2011-10-21 17:00:00,122.13066
2011-10-21 18:00:00,120.11821
2011-10-21 19:00:00,123.79163
2011-10-21 20:00:00,120.69027
2011-10-21 21:00:00,116.117386
2011-10-21 22:00:00,116.58273
2011-10-21 23:00:00,112.61141
2011-10-22 00:00:00,113.74303
2011-10-22 01:00:00,113.84573
2011-10-22 02:00:00,115.32489
2011-10-22 03:00:00,114.26958
2011-10-22 04:00:00,112.55446
2011-10-22 05:00:00,111.857346
2011-10-22 06:00:00,113.275505
2011-10-22 07:00:00,112.74327
2011-10-22 08:00:00,110.62163
2011-10-22 09:00:00,113.473145
2011-10-22 10:00:00,120.67601
2011-10-22 11:00:00,120.69293
2011-10-22 12:00:00,121.94423
2011-10-22 13:00:00,123.43529
2011-10-22 14:00:00,122.23187
2011-10-22 15:00:00,123.0231
2011-10-22 16:00:00,122.44743
2011-10-22 17:00:00,121.66876
2011-10-22 18:00:00,120.4743
2011-10-22 19:00:00,112.92419
2011-10-22 20:00:00,111.92407
2011-10-22 21:00:00,113.34269
2011-10-22 22:00:00,113.35591
2011-10-22 23:00:00,112.53708
2011-10-23 00:00:00,112.44469
2011-10-23 01:00:00,112.45709
2011-10-23 02:00:00,113.606895
2011-10-23 03:00:00,111.63631
2011-10-23 04:00:00,111.64768
2011-10-23 05:00:00,111.619606
2011-10-23 06:00:00,113.107895
2011-10-23 07:00:00,113.52919
2011-10-23 08:00:00,114.49457
2011-10-23 09:00:00,113.83362
2011-10-23 10:00:00,113.20935
2011-10-23 11:00:00,114.90634
2011-10-23 12:00:00,122.486565
2011-10-23 13:00:00,122.182846
2011-10-23 14:00:00,121.90392
2011-10-23 15:00:00,122.49297
2011-10-23 16:00:00,122.21396
2011-10-23 17:00:00,124.98573
2011-10-23 18:00:00,124.88744
2011-10-23 19:00:00,114.26483
2011-10-23 20:00:00,113.80791
2011-10-23 21:00:00,113.81518
2011-10-23 22:00:00,113.97844
2011-10-23 23:00:00,112.36701
2011-10-24 00:00:00,107.2087
2011-10-24 01:00:00,104.01482
2011-10-24 02:00:00,106.70132
2011-10-24 03:00:00,104.13399
2011-10-24 04:00:00,103.25983
2011-10-24 05:00:00,102.46537
2011-10-24 06:00:00,106.73475
2011-10-24 07:00:00,101.37321
2011-10-24 08:00:00,113.21873
2011-10-24 09:00:00,113.98216
2011-10-24 10:00:00,117.40353
2011-10-24 11:00:00,124.774414
2011-10-24 12:00:00,128.09485
2011-10-24 13:00:00,128.23045
2011-10-24 14:00:00,128.20299
2011-10-24 15:00:00,126.64897
2011-10-24 16:00:00,123.53909
2011-10-24 17:00:00,123.61658
2011-10-24 18:00:00,128.47818
2011-10-24 19:00:00,112.88627
2011-10-24 20:00:00,111.33156
2011-10-24 21:00:00,106.30139
2011-10-24 22:00:00,110.89935
2011-10-24 23:00:00,113.43197
2011-10-25 00:00:00,110.95537
2011-10-25 01:00:00,110.96036
2011-10-25 02:00:00,107.577255
2011-10-25 03:00:00,103.49167
2011-10-25 04:00:00,106.237274
2011-10-25 05:00:00,106.24264
2011-10-25 06:00:00,104.525894
2011-10-25 07:00:00,104.61382
2011-10-25 08:00:00,114.06051
2011-10-25 09:00:00,123.412125
2011-10-25 10:00:00,125.33311
2011-10-25 11:00:00,122.16883
2011-10-25 12:00:00,127.97357
2011-10-25 13:00:00,129.22383
2011-10-25 14:00:00,127.636536
2011-10-25 15:00:00,132.5278
2011-10-25 16:00:00,130.94006
2011-10-25 17:00:00,132.53645
2011-10-25 18:00:00,132.0312
2011-10-25 19:00:00,114.824615
2011-10-25 20:00:00,121.96878
2011-10-25 21:00:00,113.56768
2011-10-25 22:00:00,75.717636
2011-10-25 23:00:00,50.066475
2011-10-26 00:00:00,36.3321
2011-10-26 01:00:00,18.034641
2011-10-26 02:00:00,11.234337
2011-10-26 03:00:00,11.2757
2011-10-26 04:00:00,9.435635
2011-10-26 05:00:00,9.619434
2011-10-26 06:00:00,9.619891
2011-10-26 07:00:00,10.0426445
2011-10-26 08:00:00,11.943334
2011-10-26 09:00:00,12.75962
2011-10-26 10:00:00,12.777178
2011-10-26 11:00:00,13.288126
2011-10-26 12:00:00,15.592649
2011-10-26 13:00:00,15.278615
2011-10-26 14:00:00,11.473946
2011-10-26 15:00:00,11.474409
2011-10-26 16:00:00,11.9183235
2011-10-26 17:00:00,12.872258
2011-10-26 18:00:00,9.948771
2011-10-26 19:00:00,9.434832
2011-10-26 20:00:00,8.958744
2011-10-26 21:00:00,11.477355
2011-10-26 22:00:00,9.572326
2011-10-26 23:00:00,9.572809
2011-10-27 00:00:00,4.6595407
2011-10-27 01:00:00,4.6596785
2011-10-27 02:00:00,8.664232
2011-10-27 03:00:00,8.664644
2011-10-27 04:00:00,9.262159
2011-10-27 05:00:00,10.884817
2011-10-27 06:00:00,10.2399435
2011-10-27 07:00:00,9.283512
2011-10-27 08:00:00,10.282284
2011-10-27 09:00:00,10.596062
2011-10-27 10:00:00,10.7168255
2011-10-27 11:00:00,11.265714
2011-10-27 12:00:00,11.265685
2011-10-27 13:00:00,9.150177
2011-10-27 14:00:00,9.297079
2011-10-27 15:00:00,11.3118725
2011-10-27 16:00:00,10.666912
2011-10-27 17:00:00,12.9973135
2011-10-27 18:00:00,12.582853
2011-10-27 19:00:00,13.8373785
2011-10-27 20:00:00,12.413207
2011-10-27 21:00:00,13.491404
2011-10-27 22:00:00,10.771437
2011-10-27 23:00:00,10.863066
2011-10-28 00:00:00,8.100637
2011-10-28 01:00:00,8.05774
2011-10-28 02:00:00,8.298487
2011-10-28 03:00:00,7.394762
2011-10-28 04:00:00,8.513153
2011-10-28 05:00:00,10.530267
2011-10-28 06:00:00,7.986718
2011-10-28 07:00:00,7.9875627
2011-10-28 08:00:00,9.314215
2011-10-28 09:00:00,10.035214
2011-10-28 10:00:00,10.628757
2011-10-28 11:00:00,11.566864
2011-10-28 12:00:00,15.166655
2011-10-28 13:00:00,14.143697
2011-10-28 14:00:00,12.681656
2011-10-28 15:00:00,13.1689415
2011-10-28 16:00:00,12.588521
2011-10-28 17:00:00,11.771598
2011-10-28 18:00:00,11.791361
2011-10-28 19:00:00,11.774199
2011-10-28 20:00:00,10.557701
2011-10-28 21:00:00,8.876134
2011-10-28 22:00:00,9.036067
2011-10-28 23:00:00,8.999561
2011-10-29 00:00:00,9.131962
2011-10-29 01:00:00,9.038376
2011-10-29 02:00:00,9.039643
2011-10-29 03:00:00,11.05995
2011-10-29 04:00:00,11.061338
2011-10-29 05:00:00,8.548725
2011-10-29 06:00:00,8.990491
2011-10-29 07:00:00,8.991903
2011-10-29 08:00:00,9.518309
2011-10-29 09:00:00,9.519827
2011-10-29 10:00:00,8.297004
2011-10-29 11:00:00,9.083714
2011-10-29 12:00:00,9.362035
2011-10-29 13:00:00,9.529443
2011-10-29 14:00:00,9.360384
2011-10-29 15:00:00,7.4297934
2011-10-29 16:00:00,7.9199085
2011-10-29 17:00:00,7.9218225
2011-10-29 18:00:00,7.9238043
2011-10-29 19:00:00,6.6416464
2011-10-29 20:00:00,6.6485825
2011-10-29 21:00:00,6.650526
2011-10-29 22:00:00,5.6434374
2011-10-29 23:00:00,5.592744
2011-10-30 00:00:00,5.316216
2011-10-30 01:00:00,5.491967
2011-10-30 02:00:00,5.660409
2011-10-30 03:00:00,5.9563074
2011-10-30 04:00:00,6.575771
2011-10-30 05:00:00,5.8681617
2011-10-30 06:00:00,5.58998
2011-10-30 07:00:00,5.666374
2011-10-30 08:00:00,5.8357763
2011-10-30 09:00:00,8.032612
2011-10-30 10:00:00,10.987036
2011-10-30 11:00:00,12.48497
2011-10-30 12:00:00,13.225959
2011-10-30 13:00:00,16.837933
2011-10-30 14:00:00,18.860743
2011-10-30 15:00:00,18.536753
2011-10-30 16:00:00,18.849077
2011-10-30 17:00:00,16.93556
2011-10-30 18:00:00,14.588557
2011-10-30 19:00:00,20.362755
2011-10-30 20:00:00,12.015431
2011-10-30 21:00:00,8.274473
2011-10-30 22:00:00,6.610677
2011-10-30 23:00:00,6.24105
2011-10-31 00:00:00,6.7119455
2011-10-31 01:00:00,6.6598034
2011-10-31 02:00:00,7.27005
2011-10-31 03:00:00,7.256585
2011-10-31 04:00:00,7.291171
2011-10-31 05:00:00,6.90291
2011-10-31 06:00:00,7.3152304
2011-10-31 07:00:00,7.3367233
2011-10-31 08:00:00,9.563385
2011-10-31 09:00:00,11.086969
2011-10-31 10:00:00,14.339183
2011-10-31 11:00:00,13.748831
2011-10-31 12:00:00,15.260827
2011-10-31 13:00:00,16.238186
2011-10-31 14:00:00,14.974881
2011-10-31 15:00:00,13.550198
2011-10-31 16:00:00,14.012604
2011-10-31 17:00:00,15.390544
2011-10-31 18:00:00,12.134066
2011-10-31 19:00:00,12.376395
2011-10-31 20:00:00,12.769829
2011-10-31 21:00:00,13.148979
2011-10-31 22:00:00,13.8941
2011-10-31 23:00:00,16.948315
2011-11-20 00:00:00,93.754745
2011-11-20 01:00:00,103.27258
2011-11-20 02:00:00,107.58475
2011-11-20 03:00:00,110.03345
2011-11-20 04:00:00,112.617805
2011-11-20 05:00:00,114.268234
2011-11-20 06:00:00,114.98177
2011-11-20 07:00:00,116.537056
2011-11-20 08:00:00,118.19459
2011-11-20 09:00:00,116.89562
2011-11-20 10:00:00,119.43976
2011-11-20 11:00:00,124.821045
2011-11-20 12:00:00,123.0854
2011-11-20 13:00:00,120.66364
2011-11-20 14:00:00,122.97226
2011-11-20 15:00:00,124.21534
2011-11-20 16:00:00,125.33035
2011-11-20 17:00:00,122.96367
2011-11-20 18:00:00,123.15053
2011-11-20 19:00:00,126.06011
2011-11-20 20:00:00,126.27634
2011-11-20 21:00:00,121.21562
2011-11-20 22:00:00,119.66072
2011-11-20 23:00:00,119.730545
2011-11-21 00:00:00,103.77211
2011-11-21 01:00:00,97.51724
2011-11-21 02:00:00,94.96626
2011-11-21 03:00:00,96.92059
2011-11-21 04:00:00,97.08232
2011-11-21 05:00:00,101.7699
2011-11-21 06:00:00,102.83385
2011-11-21 07:00:00,102.29775
2011-11-21 08:00:00,104.85007
2011-11-21 09:00:00,103.346344
2011-11-21 10:00:00,119.326385
2011-11-21 11:00:00,121.496414
2011-11-21 12:00:00,121.35508
2011-11-21 13:00:00,121.38216
2011-11-21 14:00:00,117.25044
2011-11-21 15:00:00,98.93437
2011-11-21 16:00:00,99.01726
2011-11-21 17:00:00,102.90669
2011-11-21 18:00:00,103.17474
2011-11-21 19:00:00,100.752625
2011-11-21 20:00:00,103.5065
2011-11-21 21:00:00,104.28482
2011-11-21 22:00:00,104.81708
2011-11-21 23:00:00,104.37433
2011-11-22 00:00:00,103.132965
2011-11-22 01:00:00,103.74388
2011-11-22 02:00:00,101.43145
2011-11-22 03:00:00,101.501785
2011-11-22 04:00:00,103.9821
2011-11-22 05:00:00,103.932175
2011-11-22 06:00:00,102.57268
2011-11-22 07:00:00,102.729965
2011-11-22 08:00:00,102.7491
2011-11-22 09:00:00,107.798515
2011-11-22 10:00:00,107.84769
2011-11-22 11:00:00,104.13309
2011-11-22 12:00:00,104.40897
2011-11-22 13:00:00,102.14813
2011-11-22 14:00:00,102.21715
2011-11-22 15:00:00,102.64724
2011-11-22 16:00:00,102.67743
2011-11-22 17:00:00,98.57196
2011-11-22 18:00:00,102.07765
2011-11-22 19:00:00,99.343346
2011-11-22 20:00:00,101.32948
2011-11-22 21:00:00,101.11066
2011-11-22 22:00:00,106.246056
2011-11-22 23:00:00,105.20585
2011-11-23 00:00:00,103.274124
2011-11-23 01:00:00,104.27099
2011-11-23 02:00:00,106.838104
2011-11-23 03:00:00,106.84894
2011-11-23 04:00:00,113.99536
2011-11-23 05:00:00,98.40368
2011-11-23 06:00:00,96.01482
2011-11-23 07:00:00,95.98296
2011-11-23 08:00:00,102.5887
2011-11-23 09:00:00,106.340744
2011-11-23 10:00:00,106.351074
2011-11-23 11:00:00,124.316986
2011-11-23 12:00:00,122.242256
2011-11-23 13:00:00,124.358116
2011-11-23 14:00:00,122.1534
2011-11-23 15:00:00,125.09628
2011-11-23 16:00:00,118.887085
2011-11-23 17:00:00,112.89213
2011-11-23 18:00:00,121.35645
2011-11-23 19:00:00,118.65549
2011-11-23 20:00:00,114.037186
2011-11-23 21:00:00,117.35132
2011-11-23 22:00:00,114.060295
2011-11-23 23:00:00,112.974014
2011-11-24 00:00:00,120.35348
2011-11-24 01:00:00,131.49341
2011-11-24 02:00:00,120.74873
2011-11-24 03:00:00,113.16996
2011-11-24 04:00:00,116.26715
2011-11-24 05:00:00,116.462006
2011-11-24 06:00:00,116.27846
2011-11-24 07:00:00,108.739365
2011-11-24 08:00:00,115.00783
2011-11-24 09:00:00,115.115074
2011-11-24 10:00:00,119.82292
2011-11-24 11:00:00,132.30008
2011-11-24 12:00:00,128.35548
2011-11-24 13:00:00,128.37854
2011-11-24 14:00:00,130.46585
2011-11-24 15:00:00,129.36887
2011-11-24 16:00:00,130.05556
2011-11-24 17:00:00,127.75169
2011-11-24 18:00:00,127.20326
2011-11-24 19:00:00,125.12804
2011-11-24 20:00:00,117.053825
2011-11-24 21:00:00,118.48906
2011-11-24 22:00:00,118.49334
2011-11-24 23:00:00,116.17533
2011-11-25 00:00:00,105.96416
2011-11-25 01:00:00,104.5327
2011-11-25 02:00:00,103.923935
2011-11-25 03:00:00,102.41438
2011-11-25 04:00:00,106.03177
2011-11-25 05:00:00,103.507355
2011-11-25 06:00:00,103.88446
2011-11-25 07:00:00,105.74696
2011-11-25 08:00:00,103.877975
2011-11-25 09:00:00,104.800735
2011-11-25 10:00:00,84.54474
2011-11-25 11:00:00,58.859955
2011-11-25 12:00:00,45.263626
2011-11-25 13:00:00,25.770294
2011-11-25 14:00:00,17.383167
2011-11-25 15:00:00,17.661545
2011-11-25 16:00:00,18.340279
2011-11-25 17:00:00,18.242613
2011-11-25 18:00:00,15.056208
2011-11-25 19:00:00,9.69778
2011-11-25 20:00:00,12.619479
2011-11-25 21:00:00,7.24483
2011-11-25 22:00:00,7.889858
2011-11-25 23:00:00,7.30238
2011-11-26 00:00:00,10.123419
2011-11-26 01:00:00,9.361416
2011-11-26 02:00:00,9.465794
2011-11-26 03:00:00,8.100904
2011-11-26 04:00:00,8.1015215
2011-11-26 05:00:00,9.854078
2011-11-26 06:00:00,9.885534
2011-11-26 07:00:00,7.911369
2011-11-26 08:00:00,9.367279
2011-11-26 09:00:00,9.808878
2011-11-26 10:00:00,9.311363
2011-11-26 11:00:00,14.08633
2011-11-26 12:00:00,15.21043
2011-11-26 13:00:00,19.858948
2011-11-26 14:00:00,17.35947
2011-11-26 15:00:00,17.635284
2011-11-26 16:00:00,17.340515
2011-11-26 17:00:00,17.341433
2011-11-26 18:00:00,14.6814375
2011-11-26 19:00:00,13.315317
2011-11-26 20:00:00,13.894314
2011-11-26 21:00:00,10.837704
2011-11-26 22:00:00,10.931246
2011-11-26 23:00:00,9.337385
2011-11-27 00:00:00,8.728821
2011-11-27 01:00:00,8.729633
2011-11-27 02:00:00,8.2262125
2011-11-27 03:00:00,7.1926756
2011-11-27 04:00:00,7.7945805
2011-11-27 05:00:00,7.8834476
2011-11-27 06:00:00,9.721201
2011-11-27 07:00:00,9.147415
2011-11-27 08:00:00,10.971367
2011-11-27 09:00:00,13.654053
2011-11-27 10:00:00,13.655117
2011-11-27 11:00:00,13.911255
2011-11-27 12:00:00,18.878666
2011-11-27 13:00:00,17.079962
2011-11-27 14:00:00,19.291279
2011-11-27 15:00:00,19.702885
2011-11-27 16:00:00,20.035326
2011-11-27 17:00:00,18.706581
2011-11-27 18:00:00,15.751769
2011-11-27 19:00:00,14.2830105
2011-11-27 20:00:00,15.734558
2011-11-27 21:00:00,13.981074
2011-11-27 22:00:00,14.104105
2011-11-27 23:00:00,14.105642
2011-11-28 00:00:00,10.065001
2011-11-28 01:00:00,10.404175
2011-11-28 03:00:00,9.341626
2011-11-28 04:00:00,11.027017
2011-11-28 05:00:00,8.232992
2011-11-28 06:00:00,10.667137
2011-11-28 07:00:00,8.8139
2011-11-28 08:00:00,11.524033
2011-11-28 09:00:00,12.0755005
2011-11-28 10:00:00,13.266777
2011-11-28 11:00:00,14.658146
2011-11-28 12:00:00,16.270351
2011-11-28 13:00:00,16.230328
2011-11-28 14:00:00,18.5458
2011-11-28 15:00:00,15.227337
2011-11-28 16:00:00,14.744529
2011-11-28 17:00:00,15.605664
2011-11-28 18:00:00,14.257884
2011-11-28 19:00:00,12.112665
2011-11-28 20:00:00,13.821827
2011-11-28 21:00:00,13.896494
2011-11-28 22:00:00,13.826624
2011-11-28 23:00:00,14.000803
2011-11-29 00:00:00,12.403639
2011-11-29 01:00:00,13.100472
2011-11-29 02:00:00,11.351532
2011-11-29 03:00:00,11.355339
2011-11-29 04:00:00,12.053724
2011-11-29 05:00:00,9.556082
2011-11-29 06:00:00,11.547144
2011-11-29 07:00:00,11.874634
2011-11-29 08:00:00,11.54959
2011-11-29 09:00:00,13.358546
2011-11-29 10:00:00,13.363983
2011-11-29 11:00:00,13.142851
2011-11-29 12:00:00,14.573513
2011-11-29 13:00:00,13.122632
2011-11-29 14:00:00,13.078129
2011-11-29 15:00:00,13.170444
2011-11-29 16:00:00,13.429207
2011-11-29 17:00:00,12.441441
2011-11-29 18:00:00,12.93581
2011-11-29 19:00:00,12.426489
2011-11-29 20:00:00,12.108269
2011-11-29 21:00:00,12.120882
2011-11-29 22:00:00,9.841349
2011-11-29 23:00:00,9.170092
2011-11-30 00:00:00,11.958062
2011-11-30 01:00:00,10.094603
2011-11-30 02:00:00,10.564558
2011-11-30 03:00:00,10.584141
2011-11-30 04:00:00,8.605472
2011-11-30 05:00:00,8.147541
2011-11-30 06:00:00,7.852498
2011-11-30 07:00:00,8.391499
2011-11-30 08:00:00,8.301092
2011-11-30 09:00:00,9.003817
2011-11-30 10:00:00,10.590118
2011-11-30 11:00:00,13.314625
2011-11-30 12:00:00,13.892473
2011-11-30 13:00:00,15.415473
2011-11-30 14:00:00,15.505533
2011-11-30 15:00:00,13.349638
2011-11-30 16:00:00,13.522046
2011-11-30 17:00:00,14.936577
2011-11-30 18:00:00,13.159664
2011-11-30 19:00:00,14.445169
2011-11-30 20:00:00,14.691324
2011-11-30 21:00:00,13.917118
2011-11-30 22:00:00,14.2988205
2011-11-30 23:00:00,16.597649
2011-12-20 00:00:00,58.385136
2011-12-20 01:00:00,89.42721
2011-12-20 02:00:00,100.02788
2011-12-20 03:00:00,108.77977
2011-12-20 04:00:00,115.447464
2011-12-20 05:00:00,118.24173
2011-12-20 06:00:00,122.40877
2011-12-20 07:00:00,125.46048
2011-12-20 08:00:00,129.75015
2011-12-20 09:00:00,122.91246
2011-12-20 10:00:00,132.39992
2011-12-20 11:00:00,132.1358
2011-12-20 12:00:00,132.61884
2011-12-20 13:00:00,133.38031
2011-12-20 14:00:00,136.90694
2011-12-20 15:00:00,135.39265
2011-12-20 16:00:00,139.23969
2011-12-20 17:00:00,131.43517
2011-12-20 18:00:00,126.05243
2011-12-20 19:00:00,129.08405
2011-12-20 20:00:00,127.88727
2011-12-20 21:00:00,128.10324
2011-12-20 22:00:00,131.20459
2011-12-20 23:00:00,138.50414
2011-12-21 00:00:00,123.78378
2011-12-21 01:00:00,131.91023
2011-12-21 02:00:00,120.653824
2011-12-21 03:00:00,120.86591
2011-12-21 04:00:00,121.038086
2011-12-21 05:00:00,119.155754
2011-12-21 06:00:00,120.04956
2011-12-21 07:00:00,121.043
2011-12-21 08:00:00,110.67622
2011-12-21 09:00:00,115.71904
2011-12-21 10:00:00,126.51018
2011-12-21 11:00:00,126.55019
2011-12-21 12:00:00,111.01233
2011-12-21 13:00:00,102.77571
2011-12-21 14:00:00,122.20923
2011-12-21 15:00:00,126.72331
2011-12-21 16:00:00,102.26431
2011-12-21 17:00:00,102.342445
2011-12-21 18:00:00,104.192566
2011-12-21 19:00:00,104.201096
2011-12-21 20:00:00,106.57864
2011-12-21 21:00:00,122.10746
2011-12-21 22:00:00,120.89151
2011-12-21 23:00:00,118.8981
2011-12-22 00:00:00,128.41139
2011-12-22 01:00:00,101.08159
2011-12-22 02:00:00,114.947266
2011-12-22 03:00:00,127.408295
2011-12-22 04:00:00,113.86542
2011-12-22 05:00:00,114.03163
2011-12-22 06:00:00,121.25021
2011-12-22 07:00:00,112.48789
2011-12-22 08:00:00,125.71928
2011-12-22 09:00:00,125.32621
2011-12-22 10:00:00,118.64316
2011-12-22 11:00:00,122.63868
2011-12-22 12:00:00,139.22705
2011-12-22 13:00:00,135.7534
2011-12-22 14:00:00,135.88297
2011-12-22 15:00:00,138.61293
2011-12-22 16:00:00,136.01608
2011-12-22 17:00:00,134.66302
2011-12-22 18:00:00,140.72162
2011-12-22 19:00:00,136.5204
2011-12-22 20:00:00,120.96721
2011-12-22 21:00:00,121.0636
2011-12-22 22:00:00,110.731674
2011-12-22 23:00:00,126.49229
2011-12-23 00:00:00,116.34157
2011-12-23 01:00:00,116.42947
2011-12-23 02:00:00,109.10304
2011-12-23 03:00:00,109.168396
2011-12-23 04:00:00,106.98592
2011-12-23 05:00:00,107.898285
2011-12-23 06:00:00,116.129456
2011-12-23 07:00:00,114.42343
2011-12-23 08:00:00,117.36252
2011-12-23 09:00:00,129.68558
2011-12-23 10:00:00,132.80823
2011-12-23 11:00:00,137.67352
2011-12-23 12:00:00,138.99185
2011-12-23 13:00:00,142.14871
2011-12-23 14:00:00,138.3311
2011-12-23 15:00:00,135.499
2011-12-23 16:00:00,138.88559
2011-12-23 17:00:00,135.04411
2011-12-23 18:00:00,138.40417
2011-12-23 19:00:00,135.64723
2011-12-23 20:00:00,133.3297
2011-12-23 21:00:00,134.08282
2011-12-23 22:00:00,134.18716
2011-12-23 23:00:00,130.7872
2011-12-24 00:00:00,140.83943
2011-12-24 01:00:00,136.08353
2011-12-24 02:00:00,140.10197
2011-12-24 03:00:00,138.26901
2011-12-24 04:00:00,141.62091
2011-12-24 05:00:00,141.63292
2011-12-24 06:00:00,141.92712
2011-12-24 07:00:00,136.77815
2011-12-24 08:00:00,136.2673
2011-12-24 09:00:00,142.14542
2011-12-24 10:00:00,144.9391
2011-12-24 11:00:00,143.50458
2011-12-24 12:00:00,144.8416
2011-12-24 13:00:00,143.98318
2011-12-24 14:00:00,143.99191
2011-12-24 15:00:00,143.68408
2011-12-24 16:00:00,143.14435
2011-12-24 17:00:00,139.83638
2011-12-24 18:00:00,142.93845
2011-12-24 19:00:00,137.68373
2011-12-24 20:00:00,136.09369
2011-12-24 21:00:00,136.4992
2011-12-24 22:00:00,133.6516
2011-12-24 23:00:00,134.98222
2011-12-25 00:00:00,137.38841
2011-12-25 01:00:00,136.5624
2011-12-25 02:00:00,135.03311
2011-12-25 03:00:00,133.27254
2011-12-25 05:00:00,136.61264
2011-12-25 06:00:00,136.6193
2011-12-25 07:00:00,135.49591
2011-12-25 08:00:00,137.31416
2011-12-25 09:00:00,135.66626
2011-12-25 10:00:00,136.69853
2011-12-25 11:00:00,136.79877
2011-12-25 12:00:00,136.67897
2011-12-25 13:00:00,137.95903
2011-12-25 14:00:00,140.13773
2011-12-25 15:00:00,138.69394
2011-12-25 16:00:00,139.52988
2011-12-25 17:00:00,136.99234
2011-12-25 18:00:00,137.71764
2011-12-25 19:00:00,138.9661
2011-12-25 20:00:00,140.06781
2011-12-25 21:00:00,138.04094
2011-12-25 22:00:00,98.79567
2011-12-25 23:00:00,79.86586
2011-12-26 00:00:00,68.76575
2011-12-26 01:00:00,62.46637
2011-12-26 02:00:00,49.5506
2011-12-26 04:00:00,49.518166
2011-12-26 05:00:00,51.135582
2011-12-26 06:00:00,50.364685
2011-12-26 07:00:00,49.777927
2011-12-26 08:00:00,47.846626
2011-12-26 09:00:00,49.513298
2011-12-26 10:00:00,51.15512
2011-12-26 11:00:00,51.657307
2011-12-26 12:00:00,51.632637
2011-12-26 13:00:00,50.353508
2011-12-26 14:00:00,50.568718
2011-12-26 15:00:00,50.595467
2011-12-26 16:00:00,50.063515
2011-12-26 17:00:00,49.571167
2011-12-26 18:00:00,45.79399
2011-12-26 19:00:00,48.736748
2011-12-26 20:00:00,50.26516
2011-12-26 21:00:00,39.384907
2011-12-26 22:00:00,39.39048
2011-12-26 23:00:00,44.864277
2011-12-27 00:00:00,44.822273
2011-12-27 01:00:00,44.649406
2011-12-27 02:00:00,44.650772
2011-12-27 03:00:00,48.679115
2011-12-27 04:00:00,47.763657
2011-12-27 05:00:00,47.66664
2011-12-27 06:00:00,49.005905
2011-12-27 07:00:00,47.874535
2011-12-27 08:00:00,49.047207
2011-12-27 09:00:00,52.25063
2011-12-27 10:00:00,48.645973
2011-12-27 11:00:00,52.254852
2011-12-27 12:00:00,49.670208
2011-12-27 13:00:00,50.57532
2011-12-27 14:00:00,52.04522
2011-12-27 15:00:00,52.04763
2011-12-27 16:00:00,51.902187
2011-12-27 17:00:00,51.15236
2011-12-27 18:00:00,44.562687
2011-12-27 19:00:00,44.26012
2011-12-27 20:00:00,43.162647
2011-12-27 21:00:00,45.611443
2011-12-27 22:00:00,45.61361
2011-12-27 23:00:00,42.630127
2011-12-28 00:00:00,43.825264
2011-12-28 01:00:00,45.061386
2011-12-28 02:00:00,45.832497
2011-12-28 03:00:00,45.85643
2011-12-28 05:00:00,46.945374
2011-12-28 06:00:00,46.39901
2011-12-28 07:00:00,46.37749
2011-12-28 08:00:00,46.918404
2011-12-28 09:00:00,46.750023
2011-12-28 10:00:00,46.57676
2011-12-28 11:00:00,48.98549
2011-12-28 12:00:00,49.626526
2011-12-28 13:00:00,51.744957
2011-12-28 14:00:00,50.7146
2011-12-28 15:00:00,51.64528
2011-12-28 16:00:00,52.015457
2011-12-28 17:00:00,50.472923
2011-12-28 18:00:00,50.89849
2011-12-28 19:00:00,48.791245
2011-12-28 20:00:00,48.872807
2011-12-28 21:00:00,47.50659
2011-12-28 22:00:00,47.992424
2011-12-28 23:00:00,46.65845
2011-12-29 00:00:00,46.638897
2011-12-29 01:00:00,44.31671
2011-12-29 02:00:00,45.77381
2011-12-29 03:00:00,42.49176
2011-12-29 04:00:00,43.517044
2011-12-29 05:00:00,44.68092
2011-12-29 06:00:00,45.568665
2011-12-29 07:00:00,43.131493
2011-12-29 08:00:00,47.443638
2011-12-29 09:00:00,46.585205
2011-12-29 10:00:00,46.64821
2011-12-29 11:00:00,47.46617
2011-12-29 12:00:00,47.193024
2011-12-29 13:00:00,48.843643
2011-12-29 14:00:00,48.414665
2011-12-29 15:00:00,49.44297
2011-12-29 16:00:00,46.94305
2011-12-29 17:00:00,46.681107
2011-12-29 18:00:00,46.99417
2011-12-29 19:00:00,47.331413
2011-12-29 20:00:00,45.370716
2011-12-29 21:00:00,48.843998
2011-12-29 22:00:00,45.72456
2011-12-29 23:00:00,47.057076
2011-12-30 00:00:00,43.55564
2011-12-30 01:00:00,44.724953
2011-12-30 02:00:00,42.61882
2011-12-30 03:00:00,42.653473
2011-12-30 04:00:00,42.61933
2011-12-30 05:00:00,41.880524
2011-12-30 06:00:00,42.650192
2011-12-30 07:00:00,41.151833
2011-12-30 08:00:00,44.573055
2011-12-30 09:00:00,43.415665
2011-12-30 10:00:00,45.66165
2011-12-30 11:00:00,45.939953
2011-12-30 12:00:00,46.76494
2011-12-30 13:00:00,47.654785
2011-12-30 14:00:00,48.90854
2011-12-30 15:00:00,49.119026
2011-12-30 16:00:00,47.24717
2011-12-30 17:00:00,45.73938
2011-12-30 18:00:00,44.493866
2011-12-30 19:00:00,51.155807
2011-12-30 20:00:00,46.740204
2011-12-30 21:00:00,46.784325
2011-12-30 22:00:00,47.797073
2011-12-30 23:00:00,46.545013
2011-12-31 00:00:00,51.78881
2011-12-31 01:00:00,51.999992
2011-12-31 02:00:00,52.025505
2011-12-31 03:00:00,52.07554
2011-12-31 04:00:00,49.0906
2011-12-31 05:00:00,50.007416
2011-12-31 06:00:00,49.963707
2011-12-31 07:00:00,50.911575
2011-12-31 08:00:00,47.704422
2011-12-31 09:00:00,49.408318
2011-12-31 10:00:00,49.113113
2011-12-31 11:00:00,50.237617
2011-12-31 12:00:00,56.156937
2011-12-31 13:00:00,53.42471
2011-12-31 14:00:00,51.590286
2011-12-31 15:00:00,53.772293
2011-12-31 16:00:00,53.568405
2011-12-31 17:00:00,52.470116
2011-12-31 18:00:00,52.92511
2011-12-31 19:00:00,53.348663
2011-12-31 20:00:00,53.81343
2011-12-31 21:00:00,54.720657
2011-12-31 22:00:00,55.338688
2011-12-31 23:00:00,54.009983
2012-01-20 00:00:00,50.928295
2012-01-20 01:00:00,79.90556
2012-01-20 02:00:00,89.519165
2012-01-20 03:00:00,91.426476
2012-01-20 04:00:00,93.11103
2012-01-20 05:00:00,96.34882
2012-01-20 06:00:00,101.290504
2012-01-20 07:00:00,100.27219
2012-01-20 08:00:00,102.25808
2012-01-20 09:00:00,110.61657
2012-01-20 10:00:00,111.39788
2012-01-20 11:00:00,115.0717
2012-01-20 12:00:00,115.04942
2012-01-20 13:00:00,120.200516
2012-01-20 14:00:00,114.889496
2012-01-20 15:00:00,117.294815
2012-01-20 16:00:00,116.04817
2012-01-20 17:00:00,121.17078
2012-01-20 18:00:00,118.157776
2012-01-20 19:00:00,118.35595
2012-01-20 20:00:00,119.12363
2012-01-20 21:00:00,118.32878
2012-01-20 22:00:00,117.5369
2012-01-20 23:00:00,113.74121
2012-01-21 00:00:00,123.58264
2012-01-21 01:00:00,124.17461
2012-01-21 02:00:00,122.545135
2012-01-21 03:00:00,121.169525
2012-01-21 04:00:00,122.66127
2012-01-21 05:00:00,123.352135
2012-01-21 06:00:00,121.190544
2012-01-21 07:00:00,121.45308
2012-01-21 08:00:00,119.94341
2012-01-21 09:00:00,120.266815
2012-01-21 10:00:00,121.613625
2012-01-21 11:00:00,126.07095
2012-01-21 12:00:00,125.98917
2012-01-21 13:00:00,126.60858
2012-01-21 14:00:00,127.56687
2012-01-21 15:00:00,127.719765
2012-01-21 16:00:00,124.355865
2012-01-21 17:00:00,124.73839
2012-01-21 18:00:00,124.10533
2012-01-21 19:00:00,126.87305
2012-01-21 20:00:00,126.54158
2012-01-21 21:00:00,121.605965
2012-01-21 22:00:00,124.375656
2012-01-21 23:00:00,129.00668
2012-01-22 00:00:00,122.79677
2012-01-22 01:00:00,123.223785
2012-01-22 02:00:00,124.41693
2012-01-22 03:00:00,124.20477
2012-01-22 04:00:00,125.86352
2012-01-22 05:00:00,126.8865
2012-01-22 06:00:00,128.68576
2012-01-22 07:00:00,128.71756
2012-01-22 08:00:00,128.75453
2012-01-22 09:00:00,128.79422
2012-01-22 10:00:00,125.15437
2012-01-22 11:00:00,127.13292
2012-01-22 12:00:00,130.24945
2012-01-22 13:00:00,129.44756
2012-01-22 14:00:00,130.42188
2012-01-22 15:00:00,130.62672
2012-01-22 16:00:00,130.62833
2012-01-22 17:00:00,128.61328
2012-01-22 18:00:00,126.4501
2012-01-22 19:00:00,126.47737
2012-01-22 20:00:00,126.961914
2012-01-22 21:00:00,126.62471
2012-01-22 22:00:00,123.3339
2012-01-22 23:00:00,122.89186
2012-01-23 00:00:00,110.114746
2012-01-23 01:00:00,111.9851
2012-01-23 02:00:00,112.04372
2012-01-23 03:00:00,110.19838
2012-01-23 04:00:00,113.041245
2012-01-23 05:00:00,112.17622
2012-01-23 06:00:00,112.32694
2012-01-23 07:00:00,114.55121
2012-01-23 08:00:00,114.994385
2012-01-23 09:00:00,111.06427
2012-01-23 10:00:00,111.70195
2012-01-23 11:00:00,111.00437
2012-01-23 12:00:00,110.25293
2012-01-23 13:00:00,110.75374
2012-01-23 14:00:00,106.4104
2012-01-23 15:00:00,108.76082
2012-01-23 16:00:00,105.44744
2012-01-23 17:00:00,109.00841
2012-01-23 18:00:00,106.24425
2012-01-23 19:00:00,107.52012
2012-01-23 20:00:00,113.6021
2012-01-23 21:00:00,112.737175
2012-01-23 22:00:00,112.74941
2012-01-23 23:00:00,105.916
2012-01-24 00:00:00,118.67305
2012-01-24 01:00:00,105.89494
2012-01-24 02:00:00,107.66957
2012-01-24 03:00:00,109.529205
2012-01-24 04:00:00,122.37031
2012-01-24 05:00:00,122.38319
2012-01-24 06:00:00,106.56984
2012-01-24 07:00:00,109.37621
2012-01-24 08:00:00,109.40639
2012-01-24 09:00:00,116.86831
2012-01-24 10:00:00,105.570206
2012-01-24 11:00:00,108.64816
2012-01-24 12:00:00,107.5983
2012-01-24 13:00:00,107.608
2012-01-24 14:00:00,110.4908
2012-01-24 15:00:00,121.396515
2012-01-24 16:00:00,117.11807
2012-01-24 17:00:00,116.76176
2012-01-24 18:00:00,119.58007
2012-01-24 19:00:00,127.035736
2012-01-24 20:00:00,108.6275
2012-01-24 21:00:00,110.39073
2012-01-24 22:00:00,106.857
2012-01-24 23:00:00,109.10856
2012-01-25 00:00:00,110.00983
2012-01-25 01:00:00,113.923706
2012-01-25 02:00:00,108.27513
2012-01-25 03:00:00,111.71255
2012-01-25 04:00:00,109.43398
2012-01-25 05:00:00,109.44119
2012-01-25 06:00:00,110.23721
2012-01-25 07:00:00,109.33583
2012-01-25 08:00:00,113.18053
2012-01-25 09:00:00,113.18741
2012-01-25 10:00:00,111.35607
2012-01-25 11:00:00,124.05938
2012-01-25 12:00:00,124.42291
2012-01-25 13:00:00,127.46272
2012-01-25 14:00:00,124.061134
2012-01-25 15:00:00,128.48505
2012-01-25 16:00:00,125.04647
2012-01-25 17:00:00,123.4557
2012-01-25 18:00:00,113.18192
2012-01-25 19:00:00,122.751564
2012-01-25 20:00:00,120.38689
2012-01-25 21:00:00,107.12787
2012-01-25 22:00:00,80.365486
2012-01-25 23:00:00,51.512817
2012-01-26 00:00:00,31.110584
2012-01-26 01:00:00,14.35738
2012-01-26 02:00:00,9.582115
2012-01-26 03:00:00,9.253105
2012-01-26 04:00:00,6.3241625
2012-01-26 05:00:00,10.153225
2012-01-26 06:00:00,8.731752
2012-01-26 07:00:00,9.192251
2012-01-26 08:00:00,9.192936
2012-01-26 09:00:00,9.313778
2012-01-26 10:00:00,9.001346
2012-01-26 11:00:00,9.186424
2012-01-26 12:00:00,8.164126
2012-01-26 13:00:00,8.806795
2012-01-26 14:00:00,9.945522
2012-01-26 15:00:00,9.706207
2012-01-26 16:00:00,9.587725
2012-01-26 17:00:00,8.66214
2012-01-26 18:00:00,8.662783
2012-01-26 19:00:00,9.792116
2012-01-26 20:00:00,8.431125
2012-01-26 21:00:00,9.793558
2012-01-26 22:00:00,7.0828156
2012-01-26 23:00:00,9.062572
2012-01-27 00:00:00,9.226442
2012-01-27 01:00:00,9.269516
2012-01-27 02:00:00,4.4098363
2012-01-27 03:00:00,6.115152
2012-01-27 04:00:00,6.2295775
2012-01-27 05:00:00,5.0282006
2012-01-27 06:00:00,5.4522686
2012-01-27 07:00:00,6.016455
2012-01-27 08:00:00,7.1827087
2012-01-27 09:00:00,7.1837025
2012-01-27 10:00:00,6.1952815
2012-01-27 11:00:00,6.79731
2012-01-27 12:00:00,8.317598
2012-01-27 13:00:00,7.11796
2012-01-27 14:00:00,6.841521
2012-01-27 15:00:00,6.7947874
2012-01-27 16:00:00,7.1568623
2012-01-27 17:00:00,7.565659
2012-01-27 18:00:00,7.97017
2012-01-27 19:00:00,9.023003
2012-01-27 20:00:00,7.488508
2012-01-27 21:00:00,8.721803
2012-01-27 22:00:00,9.573662
2012-01-27 23:00:00,10.061912
2012-01-28 00:00:00,11.0389805
2012-01-28 01:00:00,9.877568
2012-01-28 02:00:00,8.685362
2012-01-28 03:00:00,9.333818
2012-01-28 04:00:00,9.11767
2012-01-28 05:00:00,6.584917
2012-01-28 06:00:00,7.183195
2012-01-28 07:00:00,6.286927
2012-01-28 08:00:00,6.3583384
2012-01-28 09:00:00,5.8818865
2012-01-28 10:00:00,8.015566
2012-01-28 11:00:00,9.98287
2012-01-28 12:00:00,10.324561
2012-01-28 13:00:00,9.563375
2012-01-28 14:00:00,10.071238
2012-01-28 15:00:00,8.873871
2012-01-28 16:00:00,11.688578
2012-01-28 17:00:00,11.433148
2012-01-28 18:00:00,11.884407
2012-01-28 19:00:00,12.357189
2012-01-28 20:00:00,12.973315
2012-01-28 21:00:00,14.65728
2012-01-28 22:00:00,14.340528
2012-01-28 23:00:00,14.558017
2012-01-29 00:00:00,12.622701
2012-01-29 01:00:00,13.760783
2012-01-29 02:00:00,14.22687
2012-01-29 03:00:00,13.766876
2012-01-29 04:00:00,12.425655
2012-01-29 05:00:00,8.522152
2012-01-29 06:00:00,9.918384
2012-01-29 07:00:00,10.764663
2012-01-29 08:00:00,9.468763
2012-01-29 09:00:00,8.75473
2012-01-29 10:00:00,11.454731
2012-01-29 11:00:00,13.268909
2012-01-29 12:00:00,12.392633
2012-01-29 13:00:00,12.395901
2012-01-29 14:00:00,13.058405
2012-01-29 15:00:00,13.519596
2012-01-29 16:00:00,13.870134
2012-01-29 17:00:00,13.873642
2012-01-29 18:00:00,14.021927
2012-01-29 19:00:00,13.384752
2012-01-29 20:00:00,12.362051
2012-01-29 21:00:00,13.61167
2012-01-29 22:00:00,13.468306
2012-01-29 23:00:00,13.894526
2012-01-30 00:00:00,14.773976
2012-01-30 01:00:00,8.9611225
2012-01-30 02:00:00,10.716843
2012-01-30 03:00:00,9.875278
2012-01-30 04:00:00,9.53737
2012-01-30 05:00:00,9.547655
2012-01-30 06:00:00,11.256023
2012-01-30 07:00:00,11.593149
2012-01-30 08:00:00,10.233736
2012-01-30 09:00:00,10.239887
2012-01-30 10:00:00,11.644043
2012-01-30 11:00:00,10.070329
2012-01-30 12:00:00,12.579887
2012-01-30 13:00:00,13.356255
2012-01-30 14:00:00,12.473246
2012-01-30 15:00:00,12.692401
2012-01-30 16:00:00,11.476332
2012-01-30 17:00:00,11.37634
2012-01-30 18:00:00,11.506104
2012-01-30 19:00:00,10.392542
2012-01-30 20:00:00,12.40093
2012-01-30 21:00:00,11.577492
2012-01-30 22:00:00,10.403321
2012-01-30 23:00:00,9.057514
2012-01-31 00:00:00,10.253687
2012-01-31 01:00:00,12.74225
2012-01-31 02:00:00,13.247806
2012-01-31 03:00:00,12.171577
2012-01-31 04:00:00,9.926978
2012-01-31 05:00:00,9.953204
2012-01-31 06:00:00,9.211348
2012-01-31 07:00:00,9.146477
2012-01-31 08:00:00,8.821457
2012-01-31 09:00:00,9.257782
2012-01-31 10:00:00,12.422649
2012-01-31 11:00:00,10.713064
2012-01-31 12:00:00,12.076752
2012-01-31 13:00:00,10.075949
2012-01-31 14:00:00,9.428806
2012-01-31 15:00:00,11.079753
2012-01-31 16:00:00,11.213861
2012-01-31 17:00:00,10.931396
2012-01-31 18:00:00,11.631208
2012-01-31 19:00:00,10.717465
2012-01-31 20:00:00,12.046234
2012-01-31 21:00:00,12.750128
2012-01-31 22:00:00,15.792518
2012-01-31 23:00:00,19.85194
2012-02-20 00:00:00,34.13729
2012-02-20 01:00:00,40.540543
2012-02-20 02:00:00,45.361595
2012-02-20 03:00:00,50.774017
2012-02-20 05:00:00,54.420853
2012-02-20 06:00:00,54.95195
2012-02-20 07:00:00,56.203728
2012-02-20 08:00:00,54.86277
2012-02-20 09:00:00,55.51893
2012-02-20 10:00:00,58.08548
2012-02-20 11:00:00,55.72506
2012-02-20 12:00:00,55.284508
2012-02-20 13:00:00,56.871254
2012-02-20 14:00:00,56.160164
2012-02-20 15:00:00,56.307384
2012-02-20 16:00:00,53.59208
2012-02-20 17:00:00,56.152695
2012-02-20 18:00:00,57.090927
2012-02-20 19:00:00,57.13453
2012-02-20 20:00:00,56.424194
2012-02-20 21:00:00,56.00844
2012-02-20 22:00:00,55.374924
2012-02-20 23:00:00,53.983887
2012-02-21 00:00:00,49.606445
2012-02-21 01:00:00,52.72438
2012-02-21 02:00:00,51.377274
2012-02-21 04:00:00,53.138783
2012-02-21 05:00:00,50.8403
2012-02-21 06:00:00,49.59027
2012-02-21 07:00:00,53.360497
2012-02-21 08:00:00,50.237976
2012-02-21 09:00:00,49.585285
2012-02-21 10:00:00,53.946198
2012-02-21 11:00:00,59.852894
2012-02-21 12:00:00,56.496155
2012-02-21 13:00:00,55.52674
2012-02-21 14:00:00,55.956993
2012-02-21 15:00:00,55.631466
2012-02-21 16:00:00,56.593285
2012-02-21 17:00:00,57.403343
2012-02-21 18:00:00,57.469963
2012-02-21 19:00:00,56.28719
2012-02-21 20:00:00,54.819336
2012-02-21 21:00:00,53.969765
2012-02-21 22:00:00,57.571392
2012-02-21 23:00:00,55.528496
2012-02-22 00:00:00,55.15866
2012-02-22 01:00:00,54.955986
2012-02-22 02:00:00,55.492485
2012-02-22 03:00:00,55.60431
2012-02-22 04:00:00,54.773563
2012-02-22 05:00:00,54.344177
2012-02-22 06:00:00,51.789032
2012-02-22 07:00:00,53.828987
2012-02-22 08:00:00,53.419617
2012-02-22 09:00:00,54.890923
2012-02-22 10:00:00,55.08779
2012-02-22 11:00:00,54.71173
2012-02-22 12:00:00,55.882957
2012-02-22 13:00:00,55.727936
2012-02-22 14:00:00,56.212486
2012-02-22 15:00:00,56.264023
2012-02-22 16:00:00,57.341446
2012-02-22 17:00:00,58.191986
2012-02-22 18:00:00,61.266922
2012-02-22 19:00:00,61.35042
2012-02-22 20:00:00,60.630135
2012-02-22 21:00:00,60.903793
2012-02-22 22:00:00,61.101166
2012-02-22 23:00:00,61.765076
2012-02-23 00:00:00,60.954704
2012-02-23 01:00:00,60.921722
2012-02-23 02:00:00,60.093426
2012-02-23 03:00:00,63.700417
2012-02-23 04:00:00,54.367744
2012-02-23 05:00:00,54.37537
2012-02-23 06:00:00,53.13137
2012-02-23 07:00:00,53.107414
2012-02-23 08:00:00,52.27143
2012-02-23 09:00:00,52.42468
2012-02-23 10:00:00,55.6967
2012-02-23 11:00:00,55.52957
2012-02-23 12:00:00,56.751133
2012-02-23 13:00:00,58.066254
2012-02-23 14:00:00,56.59182
2012-02-23 15:00:00,58.912407
2012-02-23 16:00:00,58.961494
2012-02-23 17:00:00,58.88593
2012-02-23 18:00:00,58.877083
2012-02-23 19:00:00,57.753456
2012-02-23 20:00:00,57.81526
2012-02-23 21:00:00,57.249084
2012-02-23 22:00:00,56.55046
2012-02-23 23:00:00,54.738976
2012-02-24 00:00:00,58.56902
2012-02-24 01:00:00,56.279007
2012-02-24 02:00:00,58.32776
2012-02-24 03:00:00,52.204227
2012-02-24 04:00:00,53.691624
2012-02-24 05:00:00,58.546993
2012-02-24 06:00:00,59.286064
2012-02-24 07:00:00,57.748993
2012-02-24 08:00:00,59.091118
2012-02-24 09:00:00,57.380943
2012-02-24 10:00:00,57.64383
2012-02-24 11:00:00,57.83529
2012-02-24 12:00:00,58.055603
2012-02-24 13:00:00,58.31132
2012-02-24 14:00:00,59.008327
2012-02-24 15:00:00,58.075485
2012-02-24 16:00:00,58.080063
2012-02-24 17:00:00,58.29058
2012-02-24 18:00:00,57.491425
2012-02-24 19:00:00,57.35585
2012-02-24 20:00:00,57.471455
2012-02-24 21:00:00,59.14836
2012-02-24 22:00:00,45.87755
2012-02-24 23:00:00,24.254864
2012-02-25 00:00:00,21.11777
2012-02-25 01:00:00,14.328513
2012-02-25 02:00:00,11.382252
2012-02-25 03:00:00,9.661705
2012-02-25 04:00:00,8.812794
2012-02-25 05:00:00,9.00762
2012-02-25 06:00:00,9.008147
2012-02-25 07:00:00,8.275835
2012-02-25 08:00:00,7.885382
2012-02-25 09:00:00,6.8577185
2012-02-25 10:00:00,7.562043
2012-02-25 11:00:00,9.427672
2012-02-25 12:00:00,13.292044
2012-02-25 13:00:00,11.86018
2012-02-25 14:00:00,11.821282
2012-02-25 15:00:00,11.412338
2012-02-25 16:00:00,12.503801
2012-02-25 17:00:00,10.258005
2012-02-25 18:00:00,11.1933565
2012-02-25 19:00:00,9.650637
2012-02-25 20:00:00,10.259749
2012-02-25 21:00:00,8.686412
2012-02-25 22:00:00,8.007128
2012-02-25 23:00:00,7.010092
2012-02-26 00:00:00,7.224253
2012-02-26 01:00:00,7.7438903
2012-02-26 02:00:00,7.744033
2012-02-26 03:00:00,6.725086
2012-02-26 04:00:00,6.7258053
2012-02-26 05:00:00,6.705653
2012-02-26 06:00:00,7.442001
2012-02-26 07:00:00,5.729615
2012-02-26 08:00:00,6.9285574
2012-02-26 09:00:00,6.74743
2012-02-26 10:00:00,6.4017143
2012-02-26 11:00:00,7.5035343
2012-02-26 12:00:00,6.4159327
2012-02-26 13:00:00,7.616648
2012-02-26 14:00:00,8.998001
2012-02-26 15:00:00,8.640833
2012-02-26 16:00:00,9.963141
2012-02-26 17:00:00,9.054729
2012-02-26 18:00:00,9.337843
2012-02-26 19:00:00,8.379513
2012-02-26 20:00:00,7.3383265
2012-02-26 21:00:00,7.2074547
2012-02-26 22:00:00,7.1346326
2012-02-26 23:00:00,7.1060395
2012-02-27 00:00:00,7.329282
2012-02-27 01:00:00,6.7715096
2012-02-27 02:00:00,6.733758
2012-02-27 03:00:00,6.002211
2012-02-27 04:00:00,5.2885437
2012-02-27 05:00:00,5.289282
2012-02-27 06:00:00,6.4051485
2012-02-27 07:00:00,7.334018
2012-02-27 08:00:00,4.6872945
2012-02-27 09:00:00,6.6678843
2012-02-27 10:00:00,9.359411
2012-02-27 11:00:00,7.872151
2012-02-27 12:00:00,7.5863476
2012-02-27 13:00:00,6.9750586
2012-02-27 14:00:00,7.3798847
2012-02-27 15:00:00,8.981622
2012-02-27 16:00:00,8.523121
2012-02-27 17:00:00,8.593018
2012-02-27 18:00:00,7.8715153
2012-02-27 19:00:00,8.465786
2012-02-27 20:00:00,8.013031
2012-02-27 21:00:00,7.385523
2012-02-27 22:00:00,8.619535
2012-02-27 23:00:00,8.221636
2012-02-28 00:00:00,7.85075
2012-02-28 01:00:00,4.7269177
2012-02-28 02:00:00,7.048511
2012-02-28 03:00:00,6.8103037
2012-02-28 04:00:00,7.341902
2012-02-28 05:00:00,7.3440576
2012-02-28 06:00:00,7.982518
2012-02-28 07:00:00,7.5670295
2012-02-28 08:00:00,6.888382
2012-02-28 09:00:00,7.673707
2012-02-28 10:00:00,8.296001
2012-02-28 11:00:00,7.570153
2012-02-28 12:00:00,8.474632
2012-02-28 13:00:00,8.168223
2012-02-28 14:00:00,8.805868
2012-02-28 15:00:00,9.845238
2012-02-28 16:00:00,9.349972
2012-02-28 17:00:00,9.849329
2012-02-28 18:00:00,8.786731
2012-02-28 19:00:00,9.220628
2012-02-28 20:00:00,7.9170666
2012-02-28 21:00:00,8.557096
2012-02-28 22:00:00,8.565494
2012-02-28 23:00:00,6.872896
2012-02-29 00:00:00,7.175024
2012-02-29 01:00:00,7.5701976
2012-02-29 02:00:00,7.913177
2012-02-29 03:00:00,5.7673063
2012-02-29 05:00:00,6.948348
2012-02-29 06:00:00,8.354082
2012-02-29 07:00:00,8.173213
2012-02-29 08:00:00,8.864536
2012-02-29 09:00:00,8.833149
2012-02-29 10:00:00,8.949055
2012-02-29 11:00:00,7.4826136
2012-02-29 12:00:00,6.079933
2012-02-29 13:00:00,6.6076374
2012-02-29 14:00:00,6.9406633
2012-02-29 15:00:00,9.058132
2012-02-29 16:00:00,9.556962
2012-02-29 17:00:00,9.661412
2012-02-29 18:00:00,7.450445
2012-02-29 19:00:00,10.1581545
2012-02-29 20:00:00,10.442034
2012-02-29 21:00:00,10.73193
2012-02-29 22:00:00,8.368988
2012-02-29 23:00:00,9.017674
2012-03-20 00:00:00,52.091835
2012-03-20 01:00:00,89.68308
2012-03-20 02:00:00,130.05959
2012-03-20 03:00:00,151.56775
2012-03-20 04:00:00,157.13622
2012-03-20 05:00:00,144.42584
2012-03-20 06:00:00,147.47467
2012-03-20 07:00:00,139.3664
2012-03-20 08:00:00,176.96603
2012-03-20 09:00:00,178.2527
2012-03-20 10:00:00,172.60118
2012-03-20 11:00:00,184.94406
2012-03-20 12:00:00,194.81888
2012-03-20 13:00:00,190.77368
2012-03-20 14:00:00,203.44063
2012-03-20 15:00:00,212.93262
2012-03-20 16:00:00,222.40576
2012-03-20 17:00:00,211.80624
2012-03-20 18:00:00,216.47794
2012-03-20 19:00:00,205.83525
2012-03-20 20:00:00,210.09793
2012-03-20 21:00:00,201.25279
2012-03-20 22:00:00,197.30515
2012-03-20 23:00:00,193.3667
2012-03-21 00:00:00,202.75009
2012-03-21 01:00:00,191.9542
2012-03-21 02:00:00,195.69122
2012-03-21 03:00:00,202.51994
2012-03-21 04:00:00,200.27118
2012-03-21 05:00:00,200.84758
2012-03-21 06:00:00,188.26846
2012-03-21 07:00:00,170.97025
2012-03-21 08:00:00,174.66284
2012-03-21 09:00:00,204.63513
2012-03-21 10:00:00,207.29782
2012-03-21 11:00:00,207.48071
2012-03-21 12:00:00,216.47882
2012-03-21 13:00:00,210.90582
2012-03-21 14:00:00,214.69736
2012-03-21 15:00:00,214.82387
2012-03-21 16:00:00,215.99152
2012-03-21 17:00:00,226.20999
2012-03-21 18:00:00,226.51367
2012-03-21 19:00:00,235.13742
2012-03-21 20:00:00,195.65762
2012-03-21 21:00:00,200.15521
2012-03-21 22:00:00,199.00955
2012-03-21 23:00:00,209.26001
2012-03-22 00:00:00,206.35513
2012-03-22 01:00:00,206.42645
2012-03-22 02:00:00,206.5895
2012-03-22 03:00:00,206.871
2012-03-22 04:00:00,201.30243
2012-03-22 05:00:00,201.97467
2012-03-22 06:00:00,201.99872
2012-03-22 07:00:00,201.92938
2012-03-22 08:00:00,203.40436
2012-03-22 09:00:00,204.20522
2012-03-22 10:00:00,205.15596
2012-03-22 11:00:00,199.46643
2012-03-22 12:00:00,218.43744
2012-03-22 13:00:00,209.20538
2012-03-22 14:00:00,234.06924
2012-03-22 15:00:00,245.83054
2012-03-22 16:00:00,251.11797
2012-03-22 17:00:00,255.49345
2012-03-22 18:00:00,255.67574
2012-03-22 19:00:00,254.43997
2012-03-22 20:00:00,238.4347
2012-03-22 21:00:00,205.83754
2012-03-22 22:00:00,199.64746
2012-03-22 23:00:00,203.52663
2012-03-23 00:00:00,222.29942
2012-03-23 01:00:00,231.08386
2012-03-23 02:00:00,215.79846
2012-03-23 03:00:00,220.62518
2012-03-23 04:00:00,214.21893
2012-03-23 05:00:00,206.63538
2012-03-23 06:00:00,221.2409
2012-03-23 07:00:00,211.40424
2012-03-23 08:00:00,211.0004
2012-03-23 09:00:00,218.16774
2012-03-23 10:00:00,223.73145
2012-03-23 11:00:00,241.9577
2012-03-23 12:00:00,252.14514
2012-03-23 13:00:00,263.65582
2012-03-23 14:00:00,271.1437
2012-03-23 15:00:00,270.34033
2012-03-23 16:00:00,269.36792
2012-03-23 17:00:00,269.33295
2012-03-23 18:00:00,268.67596
2012-03-23 19:00:00,268.6701
2012-03-23 20:00:00,270.07385
2012-03-23 21:00:00,264.51605
2012-03-23 22:00:00,256.4748
2012-03-23 23:00:00,246.12769
2012-03-24 00:00:00,259.56937
2012-03-24 01:00:00,252.54576
2012-03-24 02:00:00,256.46637
2012-03-24 03:00:00,256.51056
2012-03-24 04:00:00,263.20532
2012-03-24 05:00:00,257.67227
2012-03-24 06:00:00,257.87366
2012-03-24 07:00:00,260.95877
2012-03-24 08:00:00,260.55826
2012-03-24 09:00:00,255.28204
2012-03-24 10:00:00,260.73062
2012-03-24 11:00:00,260.62726
2012-03-24 12:00:00,250.96523
2012-03-24 13:00:00,250.43782
2012-03-24 14:00:00,258.68338
2012-03-24 15:00:00,254.33133
2012-03-24 16:00:00,251.8729
2012-03-24 17:00:00,258.1053
2012-03-24 18:00:00,253.4942
2012-03-24 19:00:00,253.25923
2012-03-24 20:00:00,256.88263
2012-03-24 21:00:00,256.90704
2012-03-24 22:00:00,260.06104
2012-03-24 23:00:00,267.47778
2012-03-25 00:00:00,271.66663
2012-03-25 01:00:00,266.05304
2012-03-25 02:00:00,259.87744
2012-03-25 03:00:00,257.48108
2012-03-25 04:00:00,267.49338
2012-03-25 05:00:00,265.83182
2012-03-25 06:00:00,265.87552
2012-03-25 07:00:00,264.2464
2012-03-25 08:00:00,264.1366
2012-03-25 09:00:00,258.33267
2012-03-25 10:00:00,272.4011
2012-03-25 11:00:00,258.22473
2012-03-25 12:00:00,263.3191
2012-03-25 13:00:00,271.6757
2012-03-25 14:00:00,267.9076
2012-03-25 15:00:00,265.97174
2012-03-25 16:00:00,259.69675
2012-03-25 17:00:00,255.02039
2012-03-25 18:00:00,255.8212
2012-03-25 19:00:00,265.3213
2012-03-25 20:00:00,257.33975
2012-03-25 21:00:00,251.08694
2012-03-25 22:00:00,163.01912
2012-03-25 23:00:00,102.08504
2012-03-26 00:00:00,67.64732
2012-03-26 01:00:00,42.373238
2012-03-26 02:00:00,39.59915
2012-03-26 03:00:00,39.412487
2012-03-26 04:00:00,40.103027
2012-03-26 05:00:00,41.76538
2012-03-26 06:00:00,40.627518
2012-03-26 07:00:00,40.854187
2012-03-26 08:00:00,40.97966
2012-03-26 09:00:00,44.6882
2012-03-26 10:00:00,44.95925
2012-03-26 11:00:00,45.907257
2012-03-26 12:00:00,45.271736
2012-03-26 13:00:00,44.76705
2012-03-26 14:00:00,45.46116
2012-03-26 15:00:00,46.74021
2012-03-26 16:00:00,47.682022
2012-03-26 17:00:00,46.388523
2012-03-26 18:00:00,47.16445
2012-03-26 19:00:00,46.500813
2012-03-26 20:00:00,47.147423
2012-03-26 21:00:00,47.493896
2012-03-26 22:00:00,48.8227
2012-03-26 23:00:00,49.96924
2012-03-27 00:00:00,51.924362
2012-03-27 01:00:00,51.0669
2012-03-27 02:00:00,49.332703
2012-03-27 03:00:00,50.191708
2012-03-27 04:00:00,49.92369
2012-03-27 05:00:00,46.12555
2012-03-27 06:00:00,46.861816
2012-03-27 07:00:00,46.864223
2012-03-27 08:00:00,47.87953
2012-03-27 09:00:00,46.633705
2012-03-27 10:00:00,46.387493
2012-03-27 11:00:00,49.15113
2012-03-27 12:00:00,49.154423
2012-03-27 13:00:00,46.595604
2012-03-27 14:00:00,48.233177
2012-03-27 15:00:00,46.022186
2012-03-27 16:00:00,46.024555
2012-03-27 17:00:00,48.968536
2012-03-27 18:00:00,50.091934
2012-03-27 19:00:00,48.87233
2012-03-27 20:00:00,50.097733
2012-03-27 21:00:00,46.348392
2012-03-27 22:00:00,47.42312
2012-03-27 23:00:00,46.805813
2012-03-28 00:00:00,46.98333
2012-03-28 01:00:00,46.372078
2012-03-28 02:00:00,47.978382
2012-03-28 03:00:00,47.289238
2012-03-28 04:00:00,47.11042
2012-03-28 05:00:00,47.103676
2012-03-28 06:00:00,46.683647
2012-03-28 07:00:00,46.57264
2012-03-28 08:00:00,45.275246
2012-03-28 09:00:00,46.167053
2012-03-28 10:00:00,45.860474
2012-03-28 11:00:00,44.770103
2012-03-28 12:00:00,44.644413
2012-03-28 13:00:00,40.400154
2012-03-28 14:00:00,42.81629
2012-03-28 15:00:00,42.76761
2012-03-28 16:00:00,50.84884
2012-03-28 17:00:00,43.130184
2012-03-28 18:00:00,43.135265
2012-03-28 19:00:00,44.332092
2012-03-28 20:00:00,42.899
2012-03-28 21:00:00,42.252327
2012-03-28 22:00:00,42.3054
2012-03-28 23:00:00,41.249863
2012-03-29 00:00:00,41.49018
2012-03-29 01:00:00,42.954002
2012-03-29 02:00:00,44.455463
2012-03-29 03:00:00,47.431755
2012-03-29 04:00:00,45.65805
2012-03-29 05:00:00,44.040344
2012-03-29 06:00:00,44.733795
2012-03-29 07:00:00,45.032257
2012-03-29 08:00:00,44.773697
2012-03-29 09:00:00,44.49224
2012-03-29 10:00:00,44.953743
2012-03-29 11:00:00,44.617683
2012-03-29 12:00:00,44.088604
2012-03-29 13:00:00,44.78003
2012-03-29 14:00:00,44.74625
2012-03-29 15:00:00,44.775322
2012-03-29 16:00:00,45.307335
2012-03-29 17:00:00,45.456833
2012-03-29 18:00:00,46.02573
2012-03-29 19:00:00,45.046623
2012-03-29 20:00:00,45.9599
2012-03-29 21:00:00,45.810036
2012-03-29 22:00:00,46.69325
2012-03-29 23:00:00,46.099174
2012-03-30 00:00:00,47.879993
2012-03-30 01:00:00,46.942112
2012-03-30 02:00:00,47.849125
2012-03-30 03:00:00,50.4926
2012-03-30 04:00:00,50.823517
2012-03-30 05:00:00,51.77136
2012-03-30 06:00:00,53.652397
2012-03-30 07:00:00,52.389652
2012-03-30 08:00:00,51.17614
2012-03-30 09:00:00,54.490967
2012-03-30 10:00:00,57.478928
2012-03-30 11:00:00,51.808258
2012-03-30 12:00:00,49.968018
2012-03-30 13:00:00,51.87075
2012-03-30 14:00:00,50.059193
2012-03-30 15:00:00,49.861153
2012-03-30 16:00:00,49.6159
2012-03-30 17:00:00,46.701855
2012-03-30 18:00:00,48.455383
2012-03-30 19:00:00,46.1841
2012-03-30 20:00:00,47.045265
2012-03-30 21:00:00,46.22715
2012-03-30 22:00:00,49.454674
2012-03-30 23:00:00,47.524605
2012-03-31 00:00:00,50.682133
2012-03-31 01:00:00,51.11992
2012-03-31 02:00:00,50.79972
2012-03-31 03:00:00,51.47203
2012-03-31 04:00:00,49.06302
2012-03-31 05:00:00,50.963097
2012-03-31 06:00:00,52.3209
2012-03-31 07:00:00,52.378803
2012-03-31 08:00:00,52.308277
2012-03-31 09:00:00,51.57721
2012-03-31 10:00:00,53.517525
2012-03-31 11:00:00,53.651733
2012-03-31 12:00:00,52.791046
2012-03-31 13:00:00,55.928665
2012-03-31 14:00:00,52.095737
2012-03-31 15:00:00,54.269287
2012-03-31 16:00:00,52.68202
2012-03-31 17:00:00,51.91499
2012-03-31 18:00:00,51.207397
2012-03-31 19:00:00,52.824165
2012-03-31 20:00:00,54.19885
2012-03-31 21:00:00,55.202705
2012-03-31 22:00:00,58.991375
2012-03-31 23:00:00,62.990993
2012-04-20 00:00:00,138.60265
2012-04-20 01:00:00,174.63138
2012-04-20 02:00:00,182.03296
2012-04-20 03:00:00,194.59738
2012-04-20 04:00:00,194.04643
2012-04-20 05:00:00,198.71399
2012-04-20 06:00:00,206.40366
2012-04-20 07:00:00,205.42168
2012-04-20 08:00:00,209.82213
2012-04-20 09:00:00,216.13939
2012-04-20 10:00:00,214.01299
2012-04-20 11:00:00,224.14359
2012-04-20 12:00:00,246.73003
2012-04-20 13:00:00,291.30362
2012-04-20 14:00:00,294.10635
2012-04-20 15:00:00,287.07697
2012-04-20 16:00:00,299.47186
2012-04-20 17:00:00,291.04077
2012-04-20 18:00:00,272.42328
2012-04-20 19:00:00,273.12372
2012-04-20 20:00:00,258.35345
2012-04-20 21:00:00,248.71591
2012-04-20 22:00:00,242.72812
2012-04-20 23:00:00,243.491
2012-04-21 00:00:00,309.44122
2012-04-21 01:00:00,311.3579
2012-04-21 02:00:00,309.7406
2012-04-21 03:00:00,313.5895
2012-04-21 04:00:00,312.0656
2012-04-21 05:00:00,313.15625
2012-04-21 06:00:00,316.52612
2012-04-21 07:00:00,313.49686
2012-04-21 08:00:00,314.2134
2012-04-21 09:00:00,315.09662
2012-04-21 10:00:00,321.90002
2012-04-21 11:00:00,325.56088
2012-04-21 12:00:00,326.03607
2012-04-21 13:00:00,324.81738
2012-04-21 14:00:00,322.93713
2012-04-21 15:00:00,326.3393
2012-04-21 16:00:00,323.1684
2012-04-21 17:00:00,321.6188
2012-04-21 18:00:00,327.74533
2012-04-21 19:00:00,315.92438
2012-04-21 20:00:00,312.83344
2012-04-21 21:00:00,311.28064
2012-04-21 22:00:00,317.46033
2012-04-21 23:00:00,317.91498
2012-04-22 00:00:00,322.65424
2012-04-22 01:00:00,319.10153
2012-04-22 02:00:00,327.48425
2012-04-22 03:00:00,321.48856
2012-04-22 04:00:00,319.9
2012-04-22 05:00:00,320.36578
2012-04-22 06:00:00,322.97342
2012-04-22 07:00:00,315.72174
2012-04-22 08:00:00,317.74738
2012-04-22 09:00:00,317.8219
2012-04-22 10:00:00,314.1547
2012-04-22 11:00:00,313.97037
2012-04-22 12:00:00,313.1663
2012-04-22 13:00:00,314.37405
2012-04-22 14:00:00,313.31317
2012-04-22 15:00:00,313.18872
2012-04-22 16:00:00,313.70578
2012-04-22 17:00:00,314.08755
2012-04-22 18:00:00,314.1514
2012-04-22 19:00:00,313.81006
2012-04-22 20:00:00,312.7818
2012-04-22 21:00:00,313.7395
2012-04-22 22:00:00,314.81647
2012-04-22 23:00:00,315.7321
2012-04-23 00:00:00,236.59554
2012-04-23 01:00:00,235.36499
2012-04-23 02:00:00,238.3313
2012-04-23 03:00:00,238.83646
2012-04-23 04:00:00,235.94084
2012-04-23 05:00:00,235.99402
2012-04-23 06:00:00,240.78297
2012-04-23 07:00:00,237.09863
2012-04-23 08:00:00,241.0975
2012-04-23 09:00:00,241.57538
2012-04-23 10:00:00,242.58868
2012-04-23 11:00:00,243.05392
2012-04-23 12:00:00,239.63437
2012-04-23 13:00:00,244.15881
2012-04-23 14:00:00,247.6654
2012-04-23 15:00:00,247.7928
2012-04-23 16:00:00,236.39417
2012-04-23 17:00:00,236.93431
2012-04-23 18:00:00,237.075
2012-04-23 19:00:00,242.15596
2012-04-23 20:00:00,242.72487
2012-04-23 21:00:00,242.62123
2012-04-23 22:00:00,245.81085
2012-04-23 23:00:00,246.09586
2012-04-24 00:00:00,245.75952
2012-04-24 01:00:00,245.38058
2012-04-24 02:00:00,245.89659
2012-04-24 03:00:00,247.21706
2012-04-24 04:00:00,248.00223
2012-04-24 05:00:00,248.03305
2012-04-24 06:00:00,249.0758
2012-04-24 07:00:00,249.77176
2012-04-24 08:00:00,254.60672
2012-04-24 09:00:00,259.2282
2012-04-24 10:00:00,259.77182
2012-04-24 11:00:00,262.48883
2012-04-24 12:00:00,263.82562
2012-04-24 13:00:00,264.6952
2012-04-24 14:00:00,277.34766
2012-04-24 15:00:00,274.88272
2012-04-24 16:00:00,271.135
2012-04-24 17:00:00,281.81802
2012-04-24 18:00:00,275.85443
2012-04-24 19:00:00,270.90927
2012-04-24 20:00:00,264.92712
2012-04-24 21:00:00,265.84402
2012-04-24 22:00:00,264.1401
2012-04-24 23:00:00,264.34857
2012-04-25 00:00:00,268.4879
2012-04-25 01:00:00,265.85577
2012-04-25 02:00:00,259.33737
2012-04-25 03:00:00,250.91684
2012-04-25 04:00:00,250.59128
2012-04-25 05:00:00,254.03293
2012-04-25 06:00:00,254.0459
2012-04-25 07:00:00,255.60892
2012-04-25 08:00:00,251.51743
2012-04-25 09:00:00,261.96283
2012-04-25 10:00:00,209.17108
2012-04-25 11:00:00,143.55762
2012-04-25 12:00:00,79.69403
2012-04-25 13:00:00,35.611603
2012-04-25 14:00:00,17.496693
2012-04-25 15:00:00,20.093075
2012-04-25 16:00:00,18.746431
2012-04-25 17:00:00,19.277182
2012-04-25 18:00:00,19.206177
2012-04-25 19:00:00,18.048285
2012-04-25 20:00:00,17.33252
2012-04-25 21:00:00,11.4419
2012-04-25 22:00:00,10.700545
2012-04-25 23:00:00,12.627025
2012-04-26 00:00:00,11.216598
2012-04-26 01:00:00,12.945265
2012-04-26 02:00:00,12.296377
2012-04-26 03:00:00,12.837268
2012-04-26 04:00:00,12.25705
2012-04-26 05:00:00,13.060057
2012-04-26 06:00:00,11.328836
2012-04-26 07:00:00,13.179645
2012-04-26 08:00:00,12.693987
2012-04-26 09:00:00,11.331303
2012-04-26 10:00:00,11.42152
2012-04-26 11:00:00,11.607004
2012-04-26 12:00:00,11.250028
2012-04-26 13:00:00,8.893807
2012-04-26 14:00:00,13.154194
2012-04-26 15:00:00,11.650459
2012-04-26 16:00:00,12.182274
2012-04-26 17:00:00,12.389154
2012-04-26 18:00:00,13.306053
2012-04-26 19:00:00,12.971279
2012-04-26 20:00:00,12.456839
2012-04-26 21:00:00,11.147436
2012-04-26 22:00:00,11.536628
2012-04-26 23:00:00,11.123497
2012-04-27 00:00:00,12.905018
2012-04-27 01:00:00,11.666221
2012-04-27 02:00:00,10.749159
2012-04-27 03:00:00,11.212114
2012-04-27 04:00:00,13.000149
2012-04-27 05:00:00,13.30201
2012-04-27 06:00:00,13.597122
2012-04-27 07:00:00,11.295097
2012-04-27 08:00:00,11.392761
2012-04-27 09:00:00,11.730692
2012-04-27 10:00:00,14.774806
2012-04-27 11:00:00,14.714098
2012-04-27 12:00:00,13.641883
2012-04-27 13:00:00,13.412874
2012-04-27 14:00:00,13.161385
2012-04-27 15:00:00,13.292824
2012-04-27 16:00:00,15.563322
2012-04-27 17:00:00,17.088972
2012-04-27 18:00:00,16.22352
2012-04-27 19:00:00,14.480601
2012-04-27 20:00:00,13.121982
2012-04-27 21:00:00,13.095125
2012-04-27 22:00:00,14.127481
2012-04-27 23:00:00,13.282338
2012-04-28 00:00:00,16.573837
2012-04-28 01:00:00,14.25399
2012-04-28 02:00:00,15.971202
2012-04-28 03:00:00,15.004446
2012-04-28 04:00:00,14.548299
2012-04-28 05:00:00,16.95154
2012-04-28 06:00:00,14.597906
2012-04-28 07:00:00,14.534906
2012-04-28 08:00:00,17.600391
2012-04-28 09:00:00,14.588644
2012-04-28 10:00:00,15.421831
2012-04-28 11:00:00,15.064547
2012-04-28 12:00:00,13.848661
2012-04-28 13:00:00,15.030811
2012-04-28 14:00:00,18.079573
2012-04-28 15:00:00,17.139088
2012-04-28 16:00:00,17.482216
2012-04-28 17:00:00,16.504667
2012-04-28 18:00:00,11.426424
2012-04-28 19:00:00,11.116116
2012-04-28 20:00:00,12.22858
2012-04-28 21:00:00,10.650143
2012-04-28 22:00:00,13.841116
2012-04-28 23:00:00,14.3514185
2012-04-29 00:00:00,12.135969
2012-04-29 01:00:00,13.486135
2012-04-29 02:00:00,13.125129
2012-04-29 03:00:00,12.202681
2012-04-29 04:00:00,12.541819
2012-04-29 05:00:00,8.293288
2012-04-29 06:00:00,10.277508
2012-04-29 07:00:00,13.273549
2012-04-29 08:00:00,13.042367
2012-04-29 09:00:00,12.903398
2012-04-29 10:00:00,12.212819
2012-04-29 11:00:00,12.732301
2012-04-29 12:00:00,17.05851
2012-04-29 13:00:00,18.077015
2012-04-29 14:00:00,20.34771
2012-04-29 15:00:00,21.14932
2012-04-29 16:00:00,20.193296
2012-04-29 17:00:00,19.010939
2012-04-29 18:00:00,19.527336
2012-04-29 19:00:00,20.774641
2012-04-29 20:00:00,20.690191
2012-04-29 21:00:00,17.142353
2012-04-29 22:00:00,18.03558
2012-04-29 23:00:00,12.555747
2012-04-30 00:00:00,12.117241
2012-04-30 01:00:00,13.424707
2012-04-30 02:00:00,13.725601
2012-04-30 03:00:00,13.438747
2012-04-30 04:00:00,8.136187
2012-04-30 05:00:00,8.137284
2012-04-30 06:00:00,12.441118
2012-04-30 07:00:00,12.570726
2012-04-30 08:00:00,15.804572
2012-04-30 09:00:00,16.56911
2012-04-30 10:00:00,15.461384
2012-04-30 11:00:00,16.45594
2012-04-30 12:00:00,16.250671
2012-04-30 13:00:00,14.490765
2012-04-30 14:00:00,16.874853
2012-04-30 15:00:00,16.683529
2012-04-30 16:00:00,14.076107
2012-04-30 17:00:00,14.525301
2012-04-30 18:00:00,16.827606
2012-04-30 19:00:00,16.612417
2012-04-30 20:00:00,18.425976
2012-04-30 21:00:00,19.283556
2012-04-30 22:00:00,22.27245
2012-04-30 23:00:00,28.452908
2012-05-20 00:00:00,253.26619
2012-05-20 01:00:00,276.7179
2012-05-20 02:00:00,288.9281
2012-05-20 03:00:00,293.40335
2012-05-20 04:00:00,286.1163
2012-05-20 05:00:00,289.49628
2012-05-20 06:00:00,293.98706
2012-05-20 07:00:00,296.45456
2012-05-20 08:00:00,313.17776
2012-05-20 09:00:00,312.8941
2012-05-20 10:00:00,313.36038
2012-05-20 11:00:00,312.18457
2012-05-20 12:00:00,313.76685
2012-05-20 13:00:00,315.7005
2012-05-20 14:00:00,316.22028
2012-05-20 15:00:00,313.18225
2012-05-20 16:00:00,317.5108
2012-05-20 17:00:00,318.74423
2012-05-20 18:00:00,315.94934
2012-05-20 19:00:00,323.90997
2012-05-20 20:00:00,324.14243
2012-05-20 21:00:00,316.07947
2012-05-20 22:00:00,307.39478
2012-05-20 23:00:00,306.99664
2012-05-21 00:00:00,205.36118
2012-05-21 01:00:00,204.36722
2012-05-21 02:00:00,199.50046
2012-05-21 03:00:00,214.83774
2012-05-21 04:00:00,202.94003
2012-05-21 05:00:00,203.12595
2012-05-21 06:00:00,203.27567
2012-05-21 07:00:00,203.53006
2012-05-21 08:00:00,204.05196
2012-05-21 09:00:00,202.81854
2012-05-21 10:00:00,208.53662
2012-05-21 11:00:00,225.34732
2012-05-21 12:00:00,221.62701
2012-05-21 13:00:00,208.24207
2012-05-21 14:00:00,206.20146
2012-05-21 15:00:00,237.73816
2012-05-21 16:00:00,234.04251
2012-05-21 17:00:00,243.05508
2012-05-21 18:00:00,242.81264
2012-05-21 19:00:00,250.88177
2012-05-21 20:00:00,247.32048
2012-05-21 21:00:00,245.11859
2012-05-21 22:00:00,230.43704
2012-05-21 23:00:00,234.88416
2012-05-22 00:00:00,225.53737
2012-05-22 01:00:00,216.51923
2012-05-22 02:00:00,221.40097
2012-05-22 03:00:00,221.42712
2012-05-22 04:00:00,209.59662
2012-05-22 05:00:00,196.76324
2012-05-22 06:00:00,198.38019
2012-05-22 07:00:00,198.406
2012-05-22 08:00:00,209.63031
2012-05-22 09:00:00,228.09912
2012-05-22 10:00:00,221.15805
2012-05-22 11:00:00,223.07767
2012-05-22 12:00:00,220.39267
2012-05-22 13:00:00,246.27545
2012-05-22 14:00:00,245.8897
2012-05-22 15:00:00,272.22565
2012-05-22 16:00:00,268.22336
2012-05-22 17:00:00,279.83652
2012-05-22 18:00:00,268.96826
2012-05-22 19:00:00,250.03615
2012-05-22 20:00:00,243.69302
2012-05-22 21:00:00,224.2297
2012-05-22 22:00:00,240.74698
2012-05-22 23:00:00,236.1427
2012-05-23 00:00:00,227.93199
2012-05-23 01:00:00,225.58105
2012-05-23 02:00:00,230.98499
2012-05-23 03:00:00,222.13211
2012-05-23 04:00:00,201.89383
2012-05-23 05:00:00,200.99728
2012-05-23 06:00:00,220.71371
2012-05-23 07:00:00,239.74916
2012-05-23 08:00:00,239.75981
2012-05-23 09:00:00,231.9613
2012-05-23 10:00:00,229.30783
2012-05-23 11:00:00,254.35715
2012-05-23 12:00:00,260.22644
2012-05-23 13:00:00,253.85396
2012-05-23 14:00:00,270.63742
2012-05-23 15:00:00,257.11438
2012-05-23 16:00:00,259.70105
2012-05-23 17:00:00,244.3919
2012-05-23 18:00:00,244.40317
2012-05-23 19:00:00,229.8693
2012-05-23 20:00:00,236.59235
2012-05-23 21:00:00,239.65881
2012-05-23 22:00:00,229.90335
2012-05-23 23:00:00,230.5548
2012-05-24 00:00:00,231.16711
2012-05-24 01:00:00,230.15814
2012-05-24 02:00:00,242.20934
2012-05-24 03:00:00,225.28333
2012-05-24 04:00:00,218.69296
2012-05-24 05:00:00,218.70004
2012-05-24 06:00:00,218.70699
2012-05-24 07:00:00,228.01077
2012-05-24 08:00:00,238.5671
2012-05-24 09:00:00,231.59012
2012-05-24 10:00:00,265.89618
2012-05-24 11:00:00,273.08197
2012-05-24 12:00:00,288.09732
2012-05-24 13:00:00,296.74542
2012-05-24 14:00:00,298.50143
2012-05-24 15:00:00,298.48956
2012-05-24 16:00:00,296.4757
2012-05-24 17:00:00,299.24664
2012-05-24 18:00:00,294.7349
2012-05-24 19:00:00,284.94763
2012-05-24 20:00:00,255.13321
2012-05-24 21:00:00,215.09753
2012-05-24 22:00:00,232.06107
2012-05-24 23:00:00,231.4812
2012-05-25 00:00:00,244.85156
2012-05-25 01:00:00,248.45119
2012-05-25 02:00:00,249.09749
2012-05-25 03:00:00,247.46494
2012-05-25 04:00:00,247.11476
2012-05-25 05:00:00,248.36932
2012-05-25 06:00:00,247.4532
2012-05-25 07:00:00,242.35434
2012-05-25 08:00:00,252.50977
2012-05-25 09:00:00,250.34094
2012-05-25 10:00:00,264.29138
2012-05-25 11:00:00,265.45026
2012-05-25 12:00:00,288.86716
2012-05-25 13:00:00,297.286
2012-05-25 14:00:00,302.06122
2012-05-25 15:00:00,298.8589
2012-05-25 16:00:00,312.31195
2012-05-25 17:00:00,301.7503
2012-05-25 18:00:00,298.8783
2012-05-25 19:00:00,300.07568
2012-05-25 20:00:00,284.7504
2012-05-25 21:00:00,288.44788
2012-05-25 22:00:00,248.82048
2012-05-25 23:00:00,193.81577
2012-05-26 00:00:00,133.44553
2012-05-26 01:00:00,67.99707
2012-05-26 02:00:00,22.1063
2012-05-26 03:00:00,21.868744
2012-05-26 04:00:00,21.273806
2012-05-26 05:00:00,20.65546
2012-05-26 06:00:00,19.231716
2012-05-26 07:00:00,21.976818
2012-05-26 08:00:00,22.855444
2012-05-26 09:00:00,21.338436
2012-05-26 10:00:00,27.954575
2012-05-26 11:00:00,30.201784
2012-05-26 12:00:00,27.244797
2012-05-26 13:00:00,28.746313
2012-05-26 14:00:00,28.364872
2012-05-26 15:00:00,29.848713
2012-05-26 16:00:00,27.379866
2012-05-26 17:00:00,28.08567
2012-05-26 18:00:00,29.044727
2012-05-26 19:00:00,26.565796
2012-05-26 20:00:00,26.422024
2012-05-26 21:00:00,27.087511
2012-05-26 22:00:00,29.476665
2012-05-26 23:00:00,29.479424
2012-05-27 00:00:00,25.79552
2012-05-27 01:00:00,27.968817
2012-05-27 02:00:00,26.856413
2012-05-27 03:00:00,26.111063
2012-05-27 04:00:00,20.660038
2012-05-27 05:00:00,20.662708
2012-05-27 06:00:00,21.0966
2012-05-27 07:00:00,19.63412
2012-05-27 08:00:00,21.300941
2012-05-27 09:00:00,24.522217
2012-05-27 10:00:00,28.315247
2012-05-27 11:00:00,27.503923
2012-05-27 12:00:00,27.38137
2012-05-27 13:00:00,27.706955
2012-05-27 14:00:00,26.437595
2012-05-27 15:00:00,26.920967
2012-05-27 16:00:00,26.938095
2012-05-27 17:00:00,28.110998
2012-05-27 18:00:00,26.142082
2012-05-27 19:00:00,27.767302
2012-05-27 20:00:00,27.448502
2012-05-27 21:00:00,23.896069
2012-05-27 22:00:00,24.112345
2012-05-27 23:00:00,22.74438
2012-05-28 00:00:00,21.36076
2012-05-28 01:00:00,20.899294
2012-05-28 02:00:00,21.460052
2012-05-28 03:00:00,18.847923
2012-05-28 04:00:00,19.679039
2012-05-28 05:00:00,19.705502
2012-05-28 06:00:00,18.904436
2012-05-28 07:00:00,20.175983
2012-05-28 08:00:00,16.719023
2012-05-28 09:00:00,16.222717
2012-05-28 10:00:00,16.233734
2012-05-28 11:00:00,21.119366
2012-05-28 12:00:00,21.911888
2012-05-28 13:00:00,25.33739
2012-05-28 14:00:00,25.342794
2012-05-28 15:00:00,25.046705
2012-05-28 16:00:00,25.268162
2012-05-28 17:00:00,24.759987
2012-05-28 18:00:00,24.575043
2012-05-28 19:00:00,25.574781
2012-05-28 20:00:00,24.226112
2012-05-28 21:00:00,24.16933
2012-05-28 22:00:00,22.477432
2012-05-28 23:00:00,22.65803
2012-05-29 00:00:00,26.510796
2012-05-29 01:00:00,26.50631
2012-05-29 02:00:00,20.950558
2012-05-29 03:00:00,22.554413
2012-05-29 04:00:00,22.110573
2012-05-29 05:00:00,22.080946
2012-05-29 06:00:00,22.069817
2012-05-29 07:00:00,22.07172
2012-05-29 08:00:00,26.693233
2012-05-29 09:00:00,25.551178
2012-05-29 10:00:00,23.349989
2012-05-29 11:00:00,24.253979
2012-05-29 12:00:00,24.434704
2012-05-29 13:00:00,23.335814
2012-05-29 14:00:00,23.668812
2012-05-29 15:00:00,25.707077
2012-05-29 16:00:00,25.699429
2012-05-29 17:00:00,26.197674
2012-05-29 18:00:00,24.742779
2012-05-29 19:00:00,23.160515
2012-05-29 20:00:00,24.13981
2012-05-29 21:00:00,24.421383
2012-05-29 22:00:00,19.574532
2012-05-29 23:00:00,24.79836
2012-05-30 00:00:00,23.317234
2012-05-30 01:00:00,22.855873
2012-05-30 02:00:00,25.240902
2012-05-30 03:00:00,23.407337
2012-05-30 04:00:00,19.586517
2012-05-30 05:00:00,20.85908
2012-05-30 06:00:00,21.423111
2012-05-30 07:00:00,21.68496
2012-05-30 08:00:00,19.82341
2012-05-30 09:00:00,20.522495
2012-05-30 10:00:00,20.500385
2012-05-30 11:00:00,20.974335
2012-05-30 12:00:00,24.080956
2012-05-30 13:00:00,23.409718
2012-05-30 14:00:00,26.853638
2012-05-30 15:00:00,21.7673
2012-05-30 16:00:00,20.772947
2012-05-30 17:00:00,25.126713
2012-05-30 18:00:00,24.947042
2012-05-30 19:00:00,22.659882
2012-05-30 20:00:00,24.481075
2012-05-30 21:00:00,23.558025
2012-05-30 22:00:00,22.765045
2012-05-30 23:00:00,22.819094
2012-05-31 00:00:00,22.565311
2012-05-31 01:00:00,22.899727
2012-05-31 02:00:00,22.295876
2012-05-31 03:00:00,22.825056
2012-05-31 04:00:00,23.456722
2012-05-31 05:00:00,22.315882
2012-05-31 06:00:00,21.324871
2012-05-31 07:00:00,23.036346
2012-05-31 08:00:00,22.711535
2012-05-31 09:00:00,24.799677
2012-05-31 10:00:00,27.841204
2012-05-31 11:00:00,28.93684
2012-05-31 12:00:00,31.940512
2012-05-31 13:00:00,32.14028
2012-05-31 14:00:00,38.43248
2012-05-31 15:00:00,36.78499
2012-05-31 16:00:00,37.21769
2012-05-31 17:00:00,40.57763
2012-05-31 18:00:00,36.963577
2012-05-31 19:00:00,36.830864
2012-05-31 20:00:00,35.80552
2012-05-31 21:00:00,39.044853
2012-05-31 22:00:00,51.410866
2012-05-31 23:00:00,66.273476
2012-06-20 00:00:00,173.66145
2012-06-20 01:00:00,195.00278
2012-06-20 02:00:00,200.07712
2012-06-20 03:00:00,203.02495
2012-06-20 04:00:00,207.1
2012-06-20 05:00:00,208.80948
2012-06-20 06:00:00,208.09296
2012-06-20 07:00:00,212.62543
2012-06-20 08:00:00,217.94785
2012-06-20 09:00:00,229.87704
2012-06-20 10:00:00,281.2482
2012-06-20 11:00:00,286.47522
2012-06-20 12:00:00,287.9524
2012-06-20 13:00:00,278.73083
2012-06-20 14:00:00,295.34775
2012-06-20 15:00:00,290.4072
2012-06-20 16:00:00,290.05927
2012-06-20 17:00:00,290.08505
2012-06-20 18:00:00,291.67972
2012-06-20 19:00:00,298.21405
2012-06-20 20:00:00,302.0504
2012-06-20 21:00:00,290.92474
2012-06-20 22:00:00,293.30005
2012-06-20 23:00:00,269.57227
2012-06-21 00:00:00,244.6687
2012-06-21 01:00:00,244.7209
2012-06-21 02:00:00,245.53098
2012-06-21 03:00:00,250.79707
2012-06-21 04:00:00,247.93115
2012-06-21 05:00:00,247.42865
2012-06-21 06:00:00,237.65546
2012-06-21 07:00:00,238.07806
2012-06-21 08:00:00,251.22267
2012-06-21 09:00:00,281.66223
2012-06-21 10:00:00,268.1209
2012-06-21 11:00:00,295.04062
2012-06-21 12:00:00,293.17453
2012-06-21 13:00:00,293.26965
2012-06-21 14:00:00,296.50122
2012-06-21 15:00:00,290.37564
2012-06-21 16:00:00,295.09924
2012-06-21 17:00:00,296.3583
2012-06-21 18:00:00,298.6845
2012-06-21 19:00:00,299.1485
2012-06-21 20:00:00,291.57904
2012-06-21 21:00:00,284.69128
2012-06-21 22:00:00,267.06262
2012-06-21 23:00:00,262.1924
2012-06-22 00:00:00,257.1369
2012-06-22 01:00:00,260.172
2012-06-22 02:00:00,260.7694
2012-06-22 03:00:00,260.89093
2012-06-22 04:00:00,265.91296
2012-06-22 05:00:00,252.68323
2012-06-22 06:00:00,259.98077
2012-06-22 07:00:00,270.55173
2012-06-22 08:00:00,288.17737
2012-06-22 09:00:00,282.9171
2012-06-22 10:00:00,308.62457
2012-06-22 11:00:00,308.34088
2012-06-22 12:00:00,297.22296
2012-06-22 13:00:00,315.4958
2012-06-22 14:00:00,315.5775
2012-06-22 15:00:00,321.40305
2012-06-22 16:00:00,320.97125
2012-06-22 17:00:00,318.07745
2012-06-22 18:00:00,295.20062
2012-06-22 19:00:00,301.81165
2012-06-22 20:00:00,301.94
2012-06-22 21:00:00,253.52798
2012-06-22 22:00:00,263.26428
2012-06-22 23:00:00,258.5912
2012-06-23 00:00:00,329.69745
2012-06-23 01:00:00,322.81537
2012-06-23 02:00:00,320.4568
2012-06-23 03:00:00,323.87415
2012-06-23 04:00:00,320.5155
2012-06-23 05:00:00,320.63925
2012-06-23 06:00:00,326.9944
2012-06-23 07:00:00,324.96448
2012-06-23 08:00:00,323.117
2012-06-23 09:00:00,323.6031
2012-06-23 10:00:00,325.75458
2012-06-23 11:00:00,331.5938
2012-06-23 12:00:00,335.29602
2012-06-23 13:00:00,337.11023
2012-06-23 14:00:00,337.61438
2012-06-23 15:00:00,335.7973
2012-06-23 16:00:00,337.93594
2012-06-23 17:00:00,338.4593
2012-06-23 18:00:00,337.74152
2012-06-23 19:00:00,338.89874
2012-06-23 20:00:00,338.3297
2012-06-23 21:00:00,335.8766
2012-06-23 22:00:00,332.97995
2012-06-23 23:00:00,337.3697
2012-06-24 00:00:00,334.27405
2012-06-24 01:00:00,324.6278
2012-06-24 02:00:00,332.1513
2012-06-24 03:00:00,327.19672
2012-06-24 04:00:00,331.2401
2012-06-24 05:00:00,325.39423
2012-06-24 06:00:00,329.02386
2012-06-24 07:00:00,328.23074
2012-06-24 08:00:00,334.27185
2012-06-24 09:00:00,334.44122
2012-06-24 10:00:00,342.40228
2012-06-24 11:00:00,338.28873
2012-06-24 12:00:00,337.83942
2012-06-24 13:00:00,338.4191
2012-06-24 14:00:00,338.70963
2012-06-24 15:00:00,340.70807
2012-06-24 16:00:00,339.268
2012-06-24 17:00:00,338.9968
2012-06-24 18:00:00,338.23682
2012-06-24 19:00:00,336.32507
2012-06-24 20:00:00,336.25134
2012-06-24 21:00:00,334.376
2012-06-24 22:00:00,332.2854
2012-06-24 23:00:00,334.16754
2012-06-25 00:00:00,259.3612
2012-06-25 01:00:00,262.86063
2012-06-25 02:00:00,261.66003
2012-06-25 03:00:00,264.09277
2012-06-25 04:00:00,262.02664
2012-06-25 05:00:00,260.8884
2012-06-25 06:00:00,260.81335
2012-06-25 07:00:00,263.06464
2012-06-25 08:00:00,263.25696
2012-06-25 09:00:00,261.34506
2012-06-25 10:00:00,246.08653
2012-06-25 11:00:00,193.97974
2012-06-25 12:00:00,151.02881
2012-06-25 13:00:00,83.74985
2012-06-25 14:00:00,62.6031
2012-06-25 15:00:00,63.46589
2012-06-25 16:00:00,64.766685
2012-06-25 17:00:00,65.65225
2012-06-25 18:00:00,63.26037
2012-06-25 19:00:00,62.22213
2012-06-25 20:00:00,62.917038
2012-06-25 21:00:00,66.5278
2012-06-25 22:00:00,65.924416
2012-06-25 23:00:00,66.490715
2012-06-26 00:00:00,61.21267
2012-06-26 01:00:00,59.692757
2012-06-26 02:00:00,57.197258
2012-06-26 03:00:00,56.742443
2012-06-26 04:00:00,55.702282
2012-06-26 05:00:00,56.0965
2012-06-26 06:00:00,53.668324
2012-06-26 07:00:00,54.454155
2012-06-26 08:00:00,57.286972
2012-06-26 09:00:00,56.591286
2012-06-26 10:00:00,58.65707
2012-06-26 11:00:00,61.16241
2012-06-26 12:00:00,63.179436
2012-06-26 13:00:00,62.44712
2012-06-26 14:00:00,62.455017
2012-06-26 15:00:00,61.845192
2012-06-26 16:00:00,63.688717
2012-06-26 17:00:00,61.645554
2012-06-26 18:00:00,62.027855
2012-06-26 19:00:00,65.80745
2012-06-26 20:00:00,64.24038
2012-06-26 21:00:00,66.071686
2012-06-26 22:00:00,63.575863
2012-06-26 23:00:00,63.46041
2012-06-27 00:00:00,63.505825
2012-06-27 01:00:00,61.846306
2012-06-27 02:00:00,58.72116
2012-06-27 03:00:00,61.906322
2012-06-27 04:00:00,60.25788
2012-06-27 05:00:00,57.241592
2012-06-27 06:00:00,57.984955
2012-06-27 07:00:00,58.118378
2012-06-27 08:00:00,58.463444
2012-06-27 09:00:00,60.659573
2012-06-27 10:00:00,60.60894
2012-06-27 11:00:00,60.704323
2012-06-27 12:00:00,62.621956
2012-06-27 13:00:00,66.70581
2012-06-27 14:00:00,66.92485
2012-06-27 15:00:00,66.088234
2012-06-27 16:00:00,68.55862
2012-06-27 17:00:00,68.6975
2012-06-27 18:00:00,66.92588
2012-06-27 19:00:00,64.93654
2012-06-27 20:00:00,66.279
2012-06-27 21:00:00,67.330154
2012-06-27 22:00:00,66.6048
2012-06-27 23:00:00,61.582375
2012-06-28 00:00:00,58.852783
2012-06-28 01:00:00,59.50711
2012-06-28 02:00:00,59.480118
2012-06-28 03:00:00,59.494194
2012-06-28 04:00:00,58.97139
2012-06-28 05:00:00,58.9247
2012-06-28 06:00:00,58.939957
2012-06-28 07:00:00,59.06307
2012-06-28 08:00:00,60.80462
2012-06-28 09:00:00,59.069817
2012-06-28 10:00:00,56.359116
2012-06-28 11:00:00,67.24895
2012-06-28 12:00:00,68.70346
2012-06-28 13:00:00,72.15857
2012-06-28 14:00:00,68.95769
2012-06-28 15:00:00,68.98628
2012-06-28 16:00:00,70.970924
2012-06-28 17:00:00,72.24073
2012-06-28 18:00:00,71.77528
2012-06-28 19:00:00,67.006775
2012-06-28 20:00:00,66.97923
2012-06-28 21:00:00,57.82538
2012-06-28 22:00:00,59.72918
2012-06-28 23:00:00,60.379234
2012-06-29 00:00:00,60.45241
2012-06-29 01:00:00,58.870228
2012-06-29 02:00:00,56.162678
2012-06-29 03:00:00,56.240257
2012-06-29 04:00:00,56.658623
2012-06-29 05:00:00,57.270504
2012-06-29 06:00:00,59.597256
2012-06-29 07:00:00,57.32939
2012-06-29 08:00:00,61.771328
2012-06-29 09:00:00,61.23238
2012-06-29 10:00:00,66.78023
2012-06-29 11:00:00,62.328243
2012-06-29 12:00:00,66.39531
2012-06-29 13:00:00,66.10301
2012-06-29 14:00:00,66.28883
2012-06-29 15:00:00,70.90531
2012-06-29 16:00:00,71.12727
2012-06-29 17:00:00,68.3967
2012-06-29 18:00:00,72.76959
2012-06-29 19:00:00,62.546448
2012-06-29 20:00:00,65.74265
2012-06-29 21:00:00,62.72445
2012-06-29 22:00:00,66.81612
2012-06-29 23:00:00,66.9803
2012-06-30 00:00:00,73.94656
2012-06-30 01:00:00,74.16728
2012-06-30 02:00:00,70.721634
2012-06-30 03:00:00,71.20639
2012-06-30 04:00:00,68.449394
2012-06-30 05:00:00,68.20395
2012-06-30 06:00:00,68.39199
2012-06-30 07:00:00,68.51057
2012-06-30 08:00:00,68.785545
2012-06-30 09:00:00,69.026535
2012-06-30 10:00:00,80.62174
2012-06-30 11:00:00,80.89569
2012-06-30 12:00:00,81.23552
2012-06-30 13:00:00,81.73723
2012-06-30 14:00:00,82.69649
2012-06-30 15:00:00,83.979996
2012-06-30 16:00:00,86.03583
2012-06-30 17:00:00,86.522675
2012-06-30 18:00:00,92.31471
2012-06-30 19:00:00,90.409805
2012-06-30 20:00:00,93.04618
2012-06-30 21:00:00,95.67937
2012-06-30 22:00:00,112.81299
2012-06-30 23:00:00,140.17796
2012-07-20 00:00:00,50.44102
2012-07-20 01:00:00,104.70027
2012-07-20 02:00:00,163.73047
2012-07-20 03:00:00,173.7266
2012-07-20 04:00:00,177.93256
2012-07-20 05:00:00,185.98648
2012-07-20 06:00:00,186.92642
2012-07-20 07:00:00,186.7774
2012-07-20 08:00:00,184.5096
2012-07-20 09:00:00,193.58786
2012-07-20 10:00:00,197.74487
2012-07-20 11:00:00,193.48886
2012-07-20 12:00:00,175.21318
2012-07-20 13:00:00,175.90369
2012-07-20 14:00:00,176.83502
2012-07-20 15:00:00,193.68166
2012-07-20 16:00:00,194.01326
2012-07-20 17:00:00,198.52008
2012-07-20 18:00:00,204.89621
2012-07-20 19:00:00,197.1575
2012-07-20 20:00:00,173.13164
2012-07-20 21:00:00,171.38803
2012-07-20 22:00:00,199.9245
2012-07-20 23:00:00,197.2917
2012-07-21 00:00:00,253.3729
2012-07-21 01:00:00,265.32056
2012-07-21 02:00:00,260.1388
2012-07-21 03:00:00,260.97174
2012-07-21 04:00:00,264.594
2012-07-21 05:00:00,267.50427
2012-07-21 06:00:00,268.3375
2012-07-21 07:00:00,277.12747
2012-07-21 08:00:00,277.8333
2012-07-21 09:00:00,278.11523
2012-07-21 10:00:00,271.15427
2012-07-21 11:00:00,276.8015
2012-07-21 12:00:00,267.69733
2012-07-21 13:00:00,267.52325
2012-07-21 14:00:00,278.8656
2012-07-21 15:00:00,271.19916
2012-07-21 16:00:00,269.11578
2012-07-21 17:00:00,268.9489
2012-07-21 18:00:00,278.89435
2012-07-21 19:00:00,279.85556
2012-07-21 20:00:00,269.54285
2012-07-21 21:00:00,280.2229
2012-07-21 22:00:00,282.1128
2012-07-21 23:00:00,282.79312
2012-07-22 00:00:00,283.87256
2012-07-22 01:00:00,282.19522
2012-07-22 02:00:00,284.63385
2012-07-22 03:00:00,284.83777
2012-07-22 04:00:00,281.78787
2012-07-22 05:00:00,281.96445
2012-07-22 06:00:00,286.78986
2012-07-22 07:00:00,285.9452
2012-07-22 08:00:00,290.30646
2012-07-22 09:00:00,290.66498
2012-07-22 10:00:00,289.04053
2012-07-22 11:00:00,289.48956
2012-07-22 12:00:00,283.23083
2012-07-22 13:00:00,288.77396
2012-07-22 14:00:00,282.26865
2012-07-22 15:00:00,282.6728
2012-07-22 16:00:00,288.89374
2012-07-22 17:00:00,289.16058
2012-07-22 18:00:00,290.30975
2012-07-22 19:00:00,278.45654
2012-07-22 20:00:00,278.1742
2012-07-22 21:00:00,276.94647
2012-07-22 22:00:00,277.72076
2012-07-22 23:00:00,281.35425
2012-07-23 00:00:00,208.22072
2012-07-23 01:00:00,201.91959
2012-07-23 02:00:00,217.0275
2012-07-23 03:00:00,217.10426
2012-07-23 04:00:00,211.26207
2012-07-23 05:00:00,211.336
2012-07-23 06:00:00,193.85971
2012-07-23 07:00:00,190.16003
2012-07-23 08:00:00,194.108
2012-07-23 09:00:00,235.27318
2012-07-23 10:00:00,260.07874
2012-07-23 11:00:00,263.33075
2012-07-23 12:00:00,263.41022
2012-07-23 13:00:00,258.0481
2012-07-23 14:00:00,261.80798
2012-07-23 15:00:00,262.9456
2012-07-23 16:00:00,262.668
2012-07-23 17:00:00,262.73035
2012-07-23 18:00:00,263.33902
2012-07-23 19:00:00,265.8484
2012-07-23 20:00:00,259.04465
2012-07-23 21:00:00,258.6404
2012-07-23 22:00:00,250.7703
2012-07-23 23:00:00,228.13947
2012-07-24 00:00:00,193.80573
2012-07-24 01:00:00,195.85144
2012-07-24 02:00:00,200.58652
2012-07-24 03:00:00,200.61385
2012-07-24 04:00:00,195.25388
2012-07-24 05:00:00,194.91728
2012-07-24 06:00:00,194.74281
2012-07-24 07:00:00,196.06076
2012-07-24 08:00:00,234.76865
2012-07-24 09:00:00,264.12695
2012-07-24 10:00:00,264.38495
2012-07-24 11:00:00,276.53766
2012-07-24 12:00:00,264.0136
2012-07-24 13:00:00,277.09265
2012-07-24 14:00:00,273.6677
2012-07-24 15:00:00,270.9355
2012-07-24 16:00:00,268.35123
2012-07-24 17:00:00,269.42163
2012-07-24 18:00:00,264.54297
2012-07-24 19:00:00,265.73965
2012-07-24 20:00:00,243.8707
2012-07-24 21:00:00,248.35278
2012-07-24 22:00:00,251.87125
2012-07-24 23:00:00,264.45618
2012-07-25 00:00:00,261.99323
2012-07-25 01:00:00,249.54321
2012-07-25 02:00:00,250.77629
2012-07-25 03:00:00,237.9732
2012-07-25 04:00:00,235.09656
2012-07-25 05:00:00,228.91748
2012-07-25 06:00:00,230.38762
2012-07-25 07:00:00,269.86877
2012-07-25 08:00:00,278.44302
2012-07-25 09:00:00,280.88574
2012-07-25 10:00:00,282.50226
2012-07-25 11:00:00,285.69543
2012-07-25 12:00:00,285.71198
2012-07-25 13:00:00,282.883
2012-07-25 14:00:00,283.87024
2012-07-25 15:00:00,282.28445
2012-07-25 16:00:00,284.38303
2012-07-25 17:00:00,285.09058
2012-07-25 18:00:00,284.4754
2012-07-25 19:00:00,286.24277
2012-07-25 20:00:00,283.17905
2012-07-25 21:00:00,276.4272
2012-07-25 22:00:00,195.2243
2012-07-25 23:00:00,87.50523
2012-07-26 00:00:00,25.85154
2012-07-26 01:00:00,18.159168
2012-07-26 02:00:00,9.218164
2012-07-26 03:00:00,8.815637
2012-07-26 04:00:00,10.168617
2012-07-26 05:00:00,10.235066
2012-07-26 06:00:00,12.368025
2012-07-26 07:00:00,10.306
2012-07-26 08:00:00,10.796344
2012-07-26 09:00:00,10.829302
2012-07-26 10:00:00,12.10269
2012-07-26 11:00:00,24.041868
2012-07-26 12:00:00,23.008135
2012-07-26 13:00:00,22.718262
2012-07-26 14:00:00,21.489498
2012-07-26 15:00:00,23.142778
2012-07-26 16:00:00,24.970478
2012-07-26 17:00:00,21.379887
2012-07-26 18:00:00,25.011393
2012-07-26 19:00:00,22.675125
2012-07-26 20:00:00,21.232841
2012-07-26 21:00:00,23.03122
2012-07-26 22:00:00,23.032475
2012-07-26 23:00:00,8.255359
2012-07-27 00:00:00,9.198656
2012-07-27 01:00:00,8.652248
2012-07-27 02:00:00,8.863298
2012-07-27 03:00:00,9.657185
2012-07-27 04:00:00,10.240984
2012-07-27 05:00:00,11.162453
2012-07-27 06:00:00,10.24381
2012-07-27 07:00:00,8.3756895
2012-07-27 08:00:00,14.034519
2012-07-27 09:00:00,22.878883
2012-07-27 10:00:00,27.332277
2012-07-27 11:00:00,23.708166
2012-07-27 12:00:00,23.029861
2012-07-27 13:00:00,23.350037
2012-07-27 14:00:00,25.893772
2012-07-27 15:00:00,27.39671
2012-07-27 16:00:00,24.44211
2012-07-27 17:00:00,26.42158
2012-07-27 18:00:00,25.115923
2012-07-27 19:00:00,23.457424
2012-07-27 20:00:00,19.061945
2012-07-27 21:00:00,19.064013
2012-07-27 22:00:00,21.960625
2012-07-27 23:00:00,15.990816
2012-07-28 00:00:00,26.14285
2012-07-28 01:00:00,17.293558
2012-07-28 02:00:00,18.040758
2012-07-28 03:00:00,18.04296
2012-07-28 04:00:00,15.464209
2012-07-28 05:00:00,15.150318
2012-07-28 06:00:00,14.821705
2012-07-28 07:00:00,15.80938
2012-07-28 08:00:00,21.833393
2012-07-28 09:00:00,26.80633
2012-07-28 10:00:00,26.08658
2012-07-28 11:00:00,27.50288
2012-07-28 12:00:00,28.573936
2012-07-28 13:00:00,29.146412
2012-07-28 14:00:00,29.20445
2012-07-28 15:00:00,31.313454
2012-07-28 16:00:00,29.772686
2012-07-28 17:00:00,28.1943
2012-07-28 18:00:00,27.317926
2012-07-28 19:00:00,15.675173
2012-07-28 20:00:00,15.061546
2012-07-28 21:00:00,15.631861
2012-07-28 22:00:00,15.68556
2012-07-28 23:00:00,15.880228
2012-07-29 00:00:00,16.051926
2012-07-29 01:00:00,15.309879
2012-07-29 02:00:00,15.457726
2012-07-29 03:00:00,15.342249
2012-07-29 04:00:00,13.533871
2012-07-29 05:00:00,11.291142
2012-07-29 06:00:00,13.697657
2012-07-29 07:00:00,15.885651
2012-07-29 08:00:00,19.058247
2012-07-29 09:00:00,26.756327
2012-07-29 10:00:00,26.532032
2012-07-29 11:00:00,27.36729
2012-07-29 12:00:00,27.376032
2012-07-29 13:00:00,26.779053
2012-07-29 14:00:00,26.376389
2012-07-29 15:00:00,26.569641
2012-07-29 16:00:00,26.574732
2012-07-29 17:00:00,28.462004
2012-07-29 18:00:00,27.69138
2012-07-29 19:00:00,28.627945
2012-07-29 20:00:00,22.564499
2012-07-29 21:00:00,16.923172
2012-07-29 22:00:00,15.634788
2012-07-29 23:00:00,18.498604
2012-07-30 00:00:00,12.487846
2012-07-30 01:00:00,13.897657
2012-07-30 02:00:00,13.960197
2012-07-30 03:00:00,15.045643
2012-07-30 04:00:00,15.028928
2012-07-30 05:00:00,13.480681
2012-07-30 06:00:00,13.624231
2012-07-30 07:00:00,11.193125
2012-07-30 08:00:00,15.326149
2012-07-30 09:00:00,18.683851
2012-07-30 10:00:00,14.648739
2012-07-30 11:00:00,20.015938
2012-07-30 12:00:00,20.43785
2012-07-30 13:00:00,25.205425
2012-07-30 14:00:00,24.321577
2012-07-30 15:00:00,23.706842
2012-07-30 16:00:00,22.65238
2012-07-30 17:00:00,20.823872
2012-07-30 18:00:00,20.297209
2012-07-30 19:00:00,23.990107
2012-07-30 20:00:00,12.504261
2012-07-30 21:00:00,12.086591
2012-07-30 22:00:00,15.082474
2012-07-30 23:00:00,13.35847
2012-07-31 00:00:00,11.91739
2012-07-31 01:00:00,14.672049
2012-07-31 02:00:00,14.7098465
2012-07-31 03:00:00,15.2194195
2012-07-31 04:00:00,15.288396
2012-07-31 05:00:00,14.615646
2012-07-31 06:00:00,14.726557
2012-07-31 07:00:00,13.844729
2012-07-31 08:00:00,11.478414
2012-07-31 09:00:00,13.008458
2012-07-31 10:00:00,14.972826
2012-07-31 11:00:00,24.176405
2012-07-31 12:00:00,26.065613
2012-07-31 13:00:00,25.61999
2012-07-31 14:00:00,25.902485
2012-07-31 15:00:00,28.286177
2012-07-31 16:00:00,29.043953
2012-07-31 17:00:00,27.253609
2012-07-31 18:00:00,28.142134
2012-07-31 19:00:00,28.075369
2012-07-31 20:00:00,23.183044
2012-07-31 21:00:00,19.496168
2012-07-31 22:00:00,22.959183
2012-07-31 23:00:00,27.385921
2012-08-20 00:00:00,45.306015
2012-08-20 01:00:00,62.59093
2012-08-20 02:00:00,77.97711
2012-08-20 03:00:00,95.02849
2012-08-20 04:00:00,123.16918
2012-08-20 05:00:00,126.00313
2012-08-20 06:00:00,133.80452
2012-08-20 07:00:00,139.32239
2012-08-20 08:00:00,144.77936
2012-08-20 09:00:00,156.39793
2012-08-20 10:00:00,159.7475
2012-08-20 11:00:00,153.42123
2012-08-20 12:00:00,166.32489
2012-08-20 13:00:00,165.34734
2012-08-20 14:00:00,168.9598
2012-08-20 15:00:00,166.83896
2012-08-20 16:00:00,167.67123
2012-08-20 17:00:00,167.92729
2012-08-20 18:00:00,150.48175
2012-08-20 19:00:00,151.54529
2012-08-20 20:00:00,149.15112
2012-08-20 21:00:00,135.97414
2012-08-20 22:00:00,156.34326
2012-08-20 23:00:00,156.96127
2012-08-21 00:00:00,164.82077
2012-08-21 01:00:00,162.70111
2012-08-21 02:00:00,150.75366
2012-08-21 03:00:00,133.66914
2012-08-21 04:00:00,133.95673
2012-08-21 05:00:00,142.48499
2012-08-21 06:00:00,141.47733
2012-08-21 07:00:00,148.36546
2012-08-21 08:00:00,148.64297
2012-08-21 09:00:00,152.98618
2012-08-21 10:00:00,174.85706
2012-08-21 11:00:00,181.43916
2012-08-21 12:00:00,183.2651
2012-08-21 13:00:00,184.10059
2012-08-21 14:00:00,187.61931
2012-08-21 15:00:00,185.45703
2012-08-21 16:00:00,185.72491
2012-08-21 17:00:00,176.48456
2012-08-21 18:00:00,183.07465
2012-08-21 19:00:00,168.08316
2012-08-21 20:00:00,157.99423
2012-08-21 21:00:00,158.06995
2012-08-21 22:00:00,155.71423
2012-08-21 23:00:00,147.25656
2012-08-22 00:00:00,143.35236
2012-08-22 01:00:00,147.88673
2012-08-22 02:00:00,148.30984
2012-08-22 03:00:00,149.59496
2012-08-22 04:00:00,149.1928
2012-08-22 05:00:00,151.97006
2012-08-22 06:00:00,159.10263
2012-08-22 07:00:00,149.73752
2012-08-22 08:00:00,165.26003
2012-08-22 09:00:00,169.18716
2012-08-22 10:00:00,181.75232
2012-08-22 11:00:00,184.21768
2012-08-22 12:00:00,191.82358
2012-08-22 13:00:00,192.8115
2012-08-22 14:00:00,195.20218
2012-08-22 15:00:00,193.79434
2012-08-22 16:00:00,189.72789
2012-08-22 17:00:00,189.83783
2012-08-22 18:00:00,185.14691
2012-08-22 19:00:00,181.21149
2012-08-22 20:00:00,172.90231
2012-08-22 21:00:00,165.03384
2012-08-22 22:00:00,165.16751
2012-08-22 23:00:00,154.49292
2012-08-23 00:00:00,161.1742
2012-08-23 01:00:00,150.56795
2012-08-23 02:00:00,150.61435
2012-08-23 03:00:00,142.11188
2012-08-23 04:00:00,150.7186
2012-08-23 05:00:00,150.75635
2012-08-23 06:00:00,177.0448
2012-08-23 07:00:00,174.76605
2012-08-23 08:00:00,181.21902
2012-08-23 09:00:00,185.77197
2012-08-23 10:00:00,188.9904
2012-08-23 11:00:00,194.46317
2012-08-23 12:00:00,191.65442
2012-08-23 13:00:00,190.41222
2012-08-23 14:00:00,194.89734
2012-08-23 15:00:00,195.6723
2012-08-23 16:00:00,197.02068
2012-08-23 17:00:00,194.54236
2012-08-23 18:00:00,192.56131
2012-08-23 19:00:00,192.33261
2012-08-23 20:00:00,185.04959
2012-08-23 21:00:00,185.20755
2012-08-23 22:00:00,190.16112
2012-08-23 23:00:00,181.6732
2012-08-24 00:00:00,182.75217
2012-08-24 01:00:00,182.24236
2012-08-24 02:00:00,167.41501
2012-08-24 03:00:00,170.07352
2012-08-24 04:00:00,182.48157
2012-08-24 05:00:00,164.54839
2012-08-24 06:00:00,171.86166
2012-08-24 07:00:00,179.17175
2012-08-24 08:00:00,182.63968
2012-08-24 09:00:00,192.77817
2012-08-24 10:00:00,200.14758
2012-08-24 11:00:00,198.47815
2012-08-24 12:00:00,200.45113
2012-08-24 13:00:00,197.42862
2012-08-24 14:00:00,196.15509
2012-08-24 15:00:00,199.87354
2012-08-24 16:00:00,199.94614
2012-08-24 17:00:00,195.25781
2012-08-24 18:00:00,192.36945
2012-08-24 19:00:00,195.19894
2012-08-24 20:00:00,187.6287
2012-08-24 21:00:00,190.58269
2012-08-24 22:00:00,191.94878
2012-08-24 23:00:00,184.68484
2012-08-25 00:00:00,188.78258
2012-08-25 01:00:00,183.55678
2012-08-25 02:00:00,186.44798
2012-08-25 03:00:00,179.2746
2012-08-25 04:00:00,185.62244
2012-08-25 05:00:00,187.78763
2012-08-25 06:00:00,187.30138
2012-08-25 07:00:00,186.99576
2012-08-25 08:00:00,184.87222
2012-08-25 09:00:00,181.12234
2012-08-25 10:00:00,182.96886
2012-08-25 11:00:00,186.57886
2012-08-25 12:00:00,183.86465
2012-08-25 13:00:00,187.66846
2012-08-25 14:00:00,184.67914
2012-08-25 15:00:00,185.25635
2012-08-25 16:00:00,184.06284
2012-08-25 17:00:00,183.31705
2012-08-25 18:00:00,182.79681
2012-08-25 19:00:00,182.97769
2012-08-25 20:00:00,176.07172
2012-08-25 21:00:00,165.9815
2012-08-25 22:00:00,127.14003
2012-08-25 23:00:00,95.92154
2012-08-26 00:00:00,69.701035
2012-08-26 01:00:00,65.76764
2012-08-26 02:00:00,65.73718
2012-08-26 03:00:00,65.72317
2012-08-26 04:00:00,66.60467
2012-08-26 05:00:00,60.028366
2012-08-26 06:00:00,58.575096
2012-08-26 07:00:00,60.035244
2012-08-26 08:00:00,67.097244
2012-08-26 09:00:00,67.12414
2012-08-26 10:00:00,66.680954
2012-08-26 11:00:00,67.02899
2012-08-26 12:00:00,65.714096
2012-08-26 13:00:00,66.81677
2012-08-26 14:00:00,65.26918
2012-08-26 15:00:00,66.38923
2012-08-26 16:00:00,66.395065
2012-08-26 17:00:00,59.617825
2012-08-26 18:00:00,68.967606
2012-08-26 19:00:00,67.5431
2012-08-26 20:00:00,62.123253
2012-08-26 21:00:00,64.44656
2012-08-26 22:00:00,59.982323
2012-08-26 23:00:00,60.583187
2012-08-27 00:00:00,54.665306
2012-08-27 01:00:00,55.432663
2012-08-27 02:00:00,55.362045
2012-08-27 03:00:00,55.451813
2012-08-27 04:00:00,54.632683
2012-08-27 05:00:00,54.342327
2012-08-27 06:00:00,54.347694
2012-08-27 07:00:00,58.43192
2012-08-27 08:00:00,58.530544
2012-08-27 09:00:00,58.066788
2012-08-27 10:00:00,55.9839
2012-08-27 11:00:00,57.076145
2012-08-27 12:00:00,64.24954
2012-08-27 13:00:00,62.8123
2012-08-27 14:00:00,65.39315
2012-08-27 15:00:00,61.990208
2012-08-27 16:00:00,63.14458
2012-08-27 17:00:00,66.11278
2012-08-27 18:00:00,62.429916
2012-08-27 19:00:00,57.682995
2012-08-27 20:00:00,57.45749
2012-08-27 21:00:00,55.40017
2012-08-27 22:00:00,50.53079
2012-08-27 23:00:00,52.583588
2012-08-28 00:00:00,50.96044
2012-08-28 01:00:00,50.88807
2012-08-28 02:00:00,54.040154
2012-08-28 03:00:00,56.833065
2012-08-28 04:00:00,56.61655
2012-08-28 05:00:00,59.936142
2012-08-28 06:00:00,55.57901
2012-08-28 07:00:00,58.86497
2012-08-28 08:00:00,57.351906
2012-08-28 09:00:00,59.200977
2012-08-28 10:00:00,58.113045
2012-08-28 11:00:00,61.364876
2012-08-28 12:00:00,64.12216
2012-08-28 13:00:00,65.71769
2012-08-28 14:00:00,69.01076
2012-08-28 15:00:00,68.278656
2012-08-28 16:00:00,65.44565
2012-08-28 17:00:00,65.92435
2012-08-28 18:00:00,67.239105
2012-08-28 19:00:00,64.934654
2012-08-28 20:00:00,60.385612
2012-08-28 21:00:00,60.698856
2012-08-28 22:00:00,60.757954
2012-08-28 23:00:00,59.07425
2012-08-29 00:00:00,54.604378
2012-08-29 01:00:00,56.837677
2012-08-29 02:00:00,56.32823
2012-08-29 03:00:00,56.403004
2012-08-29 04:00:00,55.093185
2012-08-29 05:00:00,54.128365
2012-08-29 06:00:00,54.148796
2012-08-29 07:00:00,57.525036
2012-08-29 08:00:00,58.01775
2012-08-29 09:00:00,62.078266
2012-08-29 10:00:00,64.426216
2012-08-29 11:00:00,62.371872
2012-08-29 12:00:00,68.19446
2012-08-29 13:00:00,67.379105
2012-08-29 14:00:00,68.24052
2012-08-29 15:00:00,68.835556
2012-08-29 16:00:00,70.56685
2012-08-29 17:00:00,70.16513
2012-08-29 18:00:00,68.20957
2012-08-29 19:00:00,62.441452
2012-08-29 20:00:00,59.609055
2012-08-29 21:00:00,60.837063
2012-08-29 22:00:00,62.067173
2012-08-29 23:00:00,60.048927
2012-08-30 00:00:00,54.472305
2012-08-30 01:00:00,57.358444
2012-08-30 02:00:00,52.533516
2012-08-30 03:00:00,52.55477
2012-08-30 04:00:00,52.701363
2012-08-30 05:00:00,53.086678
2012-08-30 06:00:00,55.57151
2012-08-30 07:00:00,58.29308
2012-08-30 08:00:00,58.92097
2012-08-30 09:00:00,61.455513
2012-08-30 10:00:00,63.618027
2012-08-30 11:00:00,68.91315
2012-08-30 12:00:00,67.53916
2012-08-30 13:00:00,65.790184
2012-08-30 14:00:00,67.18786
2012-08-30 15:00:00,70.076904
2012-08-30 16:00:00,70.58475
2012-08-30 17:00:00,70.92716
2012-08-30 18:00:00,71.34803
2012-08-30 19:00:00,68.16987
2012-08-30 20:00:00,66.56978
2012-08-30 21:00:00,59.291092
2012-08-30 22:00:00,59.326668
2012-08-30 23:00:00,59.669807
2012-08-31 00:00:00,61.72311
2012-08-31 01:00:00,61.798634
2012-08-31 02:00:00,63.315216
2012-08-31 03:00:00,63.038803
2012-08-31 04:00:00,64.11278
2012-08-31 05:00:00,63.85752
2012-08-31 06:00:00,64.80727
2012-08-31 07:00:00,65.186195
2012-08-31 08:00:00,70.27255
2012-08-31 09:00:00,68.89132
2012-08-31 10:00:00,72.86606
2012-08-31 11:00:00,82.33748
2012-08-31 12:00:00,84.03729
2012-08-31 13:00:00,85.25584
2012-08-31 14:00:00,86.67134
2012-08-31 15:00:00,87.71402
2012-08-31 16:00:00,89.232025
2012-08-31 17:00:00,91.104996
2012-08-31 18:00:00,91.9451
2012-08-31 19:00:00,99.08728
2012-08-31 20:00:00,106.35101
2012-08-31 21:00:00,110.08856
2012-08-31 22:00:00,129.94513
2012-08-31 23:00:00,160.44919
2012-09-20 00:00:00,164.33284
2012-09-20 01:00:00,164.01907
2012-09-20 02:00:00,172.0545
2012-09-20 03:00:00,180.95398
2012-09-20 04:00:00,189.11215
2012-09-20 05:00:00,194.51736
2012-09-20 06:00:00,199.99377
2012-09-20 07:00:00,205.80574
2012-09-20 08:00:00,211.36188
2012-09-20 09:00:00,250.08504
2012-09-20 10:00:00,265.16626
2012-09-20 11:00:00,266.05902
2012-09-20 12:00:00,297.5692
2012-09-20 13:00:00,299.6413
2012-09-20 14:00:00,304.20398
2012-09-20 15:00:00,305.86844
2012-09-20 16:00:00,303.43927
2012-09-20 17:00:00,306.3697
2012-09-20 18:00:00,284.47876
2012-09-20 19:00:00,283.5708
2012-09-20 20:00:00,270.1074
2012-09-20 21:00:00,265.70203
2012-09-20 22:00:00,241.84143
2012-09-20 23:00:00,246.65157
2012-09-21 00:00:00,251.73389
2012-09-21 01:00:00,249.20184
2012-09-21 02:00:00,251.17462
2012-09-21 03:00:00,242.44363
2012-09-21 04:00:00,249.47438
2012-09-21 05:00:00,252.28491
2012-09-21 06:00:00,244.61542
2012-09-21 07:00:00,254.31903
2012-09-21 08:00:00,249.95615
2012-09-21 09:00:00,263.5068
2012-09-21 10:00:00,308.90768
2012-09-21 11:00:00,320.84833
2012-09-21 12:00:00,318.62964
2012-09-21 13:00:00,324.46002
2012-09-21 14:00:00,325.19458
2012-09-21 15:00:00,327.34216
2012-09-21 16:00:00,325.48224
2012-09-21 17:00:00,323.3642
2012-09-21 18:00:00,314.44284
2012-09-21 19:00:00,300.6283
2012-09-21 20:00:00,279.14395
2012-09-21 21:00:00,262.56415
2012-09-21 22:00:00,270.01318
2012-09-21 23:00:00,263.62064
2012-09-22 00:00:00,327.3957
2012-09-22 01:00:00,331.20923
2012-09-22 02:00:00,338.331
2012-09-22 03:00:00,336.13965
2012-09-22 04:00:00,336.22076
2012-09-22 05:00:00,335.43088
2012-09-22 06:00:00,338.28857
2012-09-22 07:00:00,330.65085
2012-09-22 08:00:00,329.89252
2012-09-22 09:00:00,345.02463
2012-09-22 10:00:00,345.67395
2012-09-22 11:00:00,347.53473
2012-09-22 12:00:00,344.27893
2012-09-22 13:00:00,345.51724
2012-09-22 14:00:00,349.77484
2012-09-22 15:00:00,347.59576
2012-09-22 16:00:00,346.64807
2012-09-22 17:00:00,346.8877
2012-09-22 18:00:00,344.4516
2012-09-22 19:00:00,348.94147
2012-09-22 20:00:00,344.46942
2012-09-22 21:00:00,344.18832
2012-09-22 22:00:00,349.73627
2012-09-22 23:00:00,346.6693
2012-09-23 00:00:00,348.71268
2012-09-23 01:00:00,337.48065
2012-09-23 02:00:00,338.22723
2012-09-23 03:00:00,344.55603
2012-09-23 04:00:00,343.34692
2012-09-23 05:00:00,342.46857
2012-09-23 06:00:00,343.68726
2012-09-23 07:00:00,341.31656
2012-09-23 08:00:00,342.42334
2012-09-23 09:00:00,346.08502
2012-09-23 10:00:00,337.82343
2012-09-23 11:00:00,342.70312
2012-09-23 12:00:00,344.33936
2012-09-23 13:00:00,349.76355
2012-09-23 14:00:00,349.56528
2012-09-23 15:00:00,351.19086
2012-09-23 16:00:00,350.8795
2012-09-23 17:00:00,345.80383
2012-09-23 18:00:00,345.10867
2012-09-23 19:00:00,342.9444
2012-09-23 20:00:00,342.97876
2012-09-23 21:00:00,341.5488
2012-09-23 22:00:00,345.39307
2012-09-23 23:00:00,341.4281
2012-09-24 00:00:00,262.7834
2012-09-24 01:00:00,258.6443
2012-09-24 02:00:00,260.61603
2012-09-24 03:00:00,264.7845
2012-09-24 04:00:00,258.17783
2012-09-24 05:00:00,269.33612
2012-09-24 06:00:00,274.65082
2012-09-24 07:00:00,258.876
2012-09-24 08:00:00,272.6119
2012-09-24 09:00:00,277.64764
2012-09-24 10:00:00,290.65973
2012-09-24 11:00:00,305.3515
2012-09-24 12:00:00,302.35165
2012-09-24 13:00:00,308.25696
2012-09-24 14:00:00,307.83447
2012-09-24 15:00:00,303.6362
2012-09-24 16:00:00,309.71503
2012-09-24 17:00:00,305.84198
2012-09-24 18:00:00,302.2025
2012-09-24 19:00:00,296.94598
2012-09-24 20:00:00,278.82147
2012-09-24 21:00:00,275.7922
2012-09-24 22:00:00,279.2929
2012-09-24 23:00:00,265.4715
2012-09-25 00:00:00,258.64148
2012-09-25 01:00:00,257.57672
2012-09-25 02:00:00,258.76352
2012-09-25 03:00:00,259.60156
2012-09-25 04:00:00,257.8029
2012-09-25 05:00:00,258.43213
2012-09-25 06:00:00,255.8662
2012-09-25 07:00:00,257.8236
2012-09-25 08:00:00,260.93
2012-09-25 09:00:00,275.68063
2012-09-25 10:00:00,246.50291
2012-09-25 11:00:00,161.84845
2012-09-25 12:00:00,74.323746
2012-09-25 13:00:00,28.863415
2012-09-25 14:00:00,19.620117
2012-09-25 15:00:00,21.117527
2012-09-25 16:00:00,19.755104
2012-09-25 17:00:00,19.697012
2012-09-25 18:00:00,22.347553
2012-09-25 19:00:00,12.689985
2012-09-25 20:00:00,15.652803
2012-09-25 21:00:00,15.653883
2012-09-25 22:00:00,14.127236
2012-09-25 23:00:00,14.748432
2012-09-26 00:00:00,13.585891
2012-09-26 01:00:00,13.218887
2012-09-26 02:00:00,12.215116
2012-09-26 03:00:00,12.216223
2012-09-26 04:00:00,9.281836
2012-09-26 05:00:00,9.960293
2012-09-26 06:00:00,9.436764
2012-09-26 07:00:00,10.256525
2012-09-26 08:00:00,9.474914
2012-09-26 09:00:00,15.626767
2012-09-26 10:00:00,10.456488
2012-09-26 11:00:00,16.330221
2012-09-26 12:00:00,19.086668
2012-09-26 13:00:00,21.88945
2012-09-26 14:00:00,19.642626
2012-09-26 15:00:00,19.9765
2012-09-26 16:00:00,18.771194
2012-09-26 17:00:00,19.97931
2012-09-26 18:00:00,21.765734
2012-09-26 19:00:00,18.995075
2012-09-26 20:00:00,13.438596
2012-09-26 21:00:00,15.869347
2012-09-26 22:00:00,11.2057
2012-09-26 23:00:00,9.1142235
2012-09-27 00:00:00,13.044773
2012-09-27 01:00:00,13.045625
2012-09-27 02:00:00,13.047614
2012-09-27 03:00:00,12.04166
2012-09-27 04:00:00,11.226258
2012-09-27 05:00:00,13.650195
2012-09-27 06:00:00,11.515139
2012-09-27 07:00:00,12.042624
2012-09-27 08:00:00,14.659267
2012-09-27 09:00:00,14.8309765
2012-09-27 10:00:00,17.276241
2012-09-27 11:00:00,18.658077
2012-09-27 12:00:00,14.727864
2012-09-27 13:00:00,18.205906
2012-09-27 14:00:00,14.587893
2012-09-27 15:00:00,19.124481
2012-09-27 16:00:00,15.511532
2012-09-27 17:00:00,13.501992
2012-09-27 18:00:00,15.013493
2012-09-27 19:00:00,16.279165
2012-09-27 20:00:00,16.990692
2012-09-27 21:00:00,8.960339
2012-09-27 22:00:00,8.962859
2012-09-27 23:00:00,11.719591
2012-09-28 00:00:00,11.01086
2012-09-28 01:00:00,12.535169
2012-09-28 02:00:00,8.928925
2012-09-28 03:00:00,11.768
2012-09-28 04:00:00,12.268981
2012-09-28 05:00:00,12.486813
2012-09-28 06:00:00,10.471646
2012-09-28 07:00:00,11.701176
2012-09-28 08:00:00,13.727436
2012-09-28 09:00:00,11.54768
2012-09-28 10:00:00,12.872929
2012-09-28 11:00:00,14.722042
2012-09-28 12:00:00,15.772476
2012-09-28 13:00:00,16.374165
2012-09-28 14:00:00,15.780365
2012-09-28 15:00:00,15.914504
2012-09-28 16:00:00,21.982845
2012-09-28 17:00:00,16.809998
2012-09-28 18:00:00,21.282959
2012-09-28 19:00:00,20.379957
2012-09-28 20:00:00,19.904556
2012-09-28 21:00:00,19.933525
2012-09-28 22:00:00,18.878044
2012-09-28 23:00:00,11.671799
2012-09-29 00:00:00,17.508503
2012-09-29 01:00:00,17.514925
2012-09-29 02:00:00,15.951448
2012-09-29 03:00:00,17.250267
2012-09-29 04:00:00,14.782661
2012-09-29 05:00:00,15.247732
2012-09-29 06:00:00,14.277103
2012-09-29 07:00:00,10.72357
2012-09-29 08:00:00,10.178886
2012-09-29 09:00:00,15.302166
2012-09-29 10:00:00,14.183247
2012-09-29 11:00:00,20.319698
2012-09-29 12:00:00,22.848433
2012-09-29 13:00:00,22.864775
2012-09-29 14:00:00,22.808544
2012-09-29 15:00:00,23.131546
2012-09-29 16:00:00,23.170534
2012-09-29 17:00:00,22.454107
2012-09-29 18:00:00,23.082842
2012-09-29 19:00:00,15.273479
2012-09-29 20:00:00,14.98889
2012-09-29 21:00:00,15.033325
2012-09-29 22:00:00,16.921795
2012-09-29 23:00:00,18.255173
2012-09-30 00:00:00,17.37624
2012-09-30 01:00:00,17.434046
2012-09-30 02:00:00,15.328049
2012-09-30 03:00:00,11.60454
2012-09-30 04:00:00,11.629634
2012-09-30 05:00:00,11.249325
2012-09-30 06:00:00,12.043554
2012-09-30 07:00:00,11.495399
2012-09-30 08:00:00,11.965393
2012-09-30 09:00:00,15.886357
2012-09-30 10:00:00,24.083557
2012-09-30 11:00:00,26.157907
2012-09-30 12:00:00,24.015942
2012-09-30 13:00:00,24.269173
2012-09-30 14:00:00,24.392258
2012-09-30 15:00:00,23.45001
2012-09-30 16:00:00,26.020714
2012-09-30 17:00:00,25.818129
2012-09-30 18:00:00,20.186926
2012-09-30 19:00:00,19.757168
2012-09-30 20:00:00,21.507967
2012-09-30 21:00:00,21.247044
2012-09-30 22:00:00,22.512611
2012-09-30 23:00:00,26.046143
2012-10-20 00:00:00,142.38644
2012-10-20 01:00:00,157.99332
2012-10-20 02:00:00,162.71724
2012-10-20 03:00:00,169.245
2012-10-20 04:00:00,171.65399
2012-10-20 05:00:00,171.33138
2012-10-20 06:00:00,172.04549
2012-10-20 07:00:00,176.11328
2012-10-20 08:00:00,179.97203
2012-10-20 09:00:00,192.10992
2012-10-20 10:00:00,187.05252
2012-10-20 11:00:00,187.71083
2012-10-20 12:00:00,196.22202
2012-10-20 13:00:00,196.53535
2012-10-20 14:00:00,196.09457
2012-10-20 15:00:00,197.69113
2012-10-20 16:00:00,193.26007
2012-10-20 17:00:00,194.08958
2012-10-20 18:00:00,191.98892
2012-10-20 19:00:00,196.72644
2012-10-20 20:00:00,191.59433
2012-10-20 21:00:00,194.83054
2012-10-20 22:00:00,195.27478
2012-10-20 23:00:00,192.47687
2012-10-21 00:00:00,195.8023
2012-10-21 01:00:00,192.23491
2012-10-21 02:00:00,186.79773
2012-10-21 03:00:00,184.3062
2012-10-21 04:00:00,188.4252
2012-10-21 05:00:00,184.47296
2012-10-21 06:00:00,186.01453
2012-10-21 07:00:00,186.16318
2012-10-21 08:00:00,182.91837
2012-10-21 09:00:00,196.74376
2012-10-21 10:00:00,193.42136
2012-10-21 11:00:00,194.90729
2012-10-21 12:00:00,192.07376
2012-10-21 13:00:00,194.9242
2012-10-21 14:00:00,195.69865
2012-10-21 15:00:00,195.51129
2012-10-21 16:00:00,193.8567
2012-10-21 17:00:00,191.33563
2012-10-21 18:00:00,192.2523
2012-10-21 19:00:00,194.03069
2012-10-21 20:00:00,194.59811
2012-10-21 21:00:00,195.83218
2012-10-21 22:00:00,196.33994
2012-10-21 23:00:00,196.78181
2012-10-22 00:00:00,185.62027
2012-10-22 01:00:00,171.20538
2012-10-22 02:00:00,163.60638
2012-10-22 03:00:00,185.39052
2012-10-22 04:00:00,165.16254
2012-10-22 05:00:00,140.82068
2012-10-22 06:00:00,141.83388
2012-10-22 07:00:00,165.63057
2012-10-22 08:00:00,184.12518
2012-10-22 09:00:00,197.45294
2012-10-22 10:00:00,201.39209
2012-10-22 11:00:00,207.5779
2012-10-22 12:00:00,210.89409
2012-10-22 13:00:00,210.15921
2012-10-22 14:00:00,209.64868
2012-10-22 15:00:00,207.21487
2012-10-22 16:00:00,208.61855
2012-10-22 17:00:00,213.15207
2012-10-22 18:00:00,195.71751
2012-10-22 19:00:00,199.7991
2012-10-22 20:00:00,204.78575
2012-10-22 21:00:00,194.70064
2012-10-22 22:00:00,174.53491
2012-10-22 23:00:00,174.68518
2012-10-23 00:00:00,169.97675
2012-10-23 01:00:00,181.06396
2012-10-23 02:00:00,165.53375
2012-10-23 03:00:00,178.55505
2012-10-23 04:00:00,179.02924
2012-10-23 05:00:00,180.17178
2012-10-23 06:00:00,163.306
2012-10-23 07:00:00,187.6299
2012-10-23 08:00:00,195.77866
2012-10-23 09:00:00,200.75063
2012-10-23 10:00:00,190.6768
2012-10-23 11:00:00,215.25241
2012-10-23 12:00:00,217.95955
2012-10-23 13:00:00,216.79672
2012-10-23 14:00:00,209.9046
2012-10-23 15:00:00,204.79442
2012-10-23 16:00:00,211.60405
2012-10-23 17:00:00,213.02536
2012-10-23 18:00:00,214.80415
2012-10-23 19:00:00,213.48798
2012-10-23 20:00:00,199.89816
2012-10-23 21:00:00,202.56183
2012-10-23 22:00:00,209.47206
2012-10-23 23:00:00,201.74342
2012-10-24 00:00:00,198.85895
2012-10-24 01:00:00,196.89114
2012-10-24 02:00:00,196.92453
2012-10-24 03:00:00,187.48465
2012-10-24 04:00:00,187.49182
2012-10-24 05:00:00,177.21695
2012-10-24 06:00:00,177.34402
2012-10-24 07:00:00,174.82466
2012-10-24 08:00:00,185.3103
2012-10-24 09:00:00,194.35095
2012-10-24 10:00:00,196.83467
2012-10-24 11:00:00,195.82898
2012-10-24 12:00:00,211.22047
2012-10-24 13:00:00,212.55063
2012-10-24 14:00:00,206.73773
2012-10-24 15:00:00,211.02965
2012-10-24 16:00:00,209.24908
2012-10-24 17:00:00,215.2659
2012-10-24 18:00:00,213.81041
2012-10-24 19:00:00,215.32263
2012-10-24 20:00:00,213.74408
2012-10-24 21:00:00,214.57489
2012-10-24 22:00:00,210.39392
2012-10-24 23:00:00,211.17935
2012-10-25 00:00:00,211.39433
2012-10-25 01:00:00,204.16035
2012-10-25 02:00:00,191.37677
2012-10-25 03:00:00,185.46103
2012-10-25 04:00:00,184.09384
2012-10-25 05:00:00,185.44176
2012-10-25 06:00:00,184.84247
2012-10-25 07:00:00,184.8476
2012-10-25 08:00:00,187.49973
2012-10-25 09:00:00,184.02228
2012-10-25 10:00:00,190.94312
2012-10-25 11:00:00,190.5156
2012-10-25 12:00:00,193.93338
2012-10-25 13:00:00,188.99939
2012-10-25 14:00:00,209.47806
2012-10-25 15:00:00,211.16682
2012-10-25 16:00:00,211.28456
2012-10-25 17:00:00,211.28903
2012-10-25 18:00:00,185.6181
2012-10-25 19:00:00,183.31439
2012-10-25 20:00:00,185.62308
2012-10-25 21:00:00,185.63245
2012-10-25 22:00:00,151.89609
2012-10-25 23:00:00,110.75816
2012-10-26 00:00:00,75.35263
2012-10-26 01:00:00,36.645607
2012-10-26 02:00:00,16.883007
2012-10-26 03:00:00,16.409151
2012-10-26 04:00:00,16.410532
2012-10-26 05:00:00,16.887403
2012-10-26 06:00:00,17.429527
2012-10-26 07:00:00,16.895515
2012-10-26 08:00:00,17.528746
2012-10-26 09:00:00,17.530205
2012-10-26 10:00:00,17.315533
2012-10-26 11:00:00,16.856716
2012-10-26 12:00:00,17.408607
2012-10-26 13:00:00,20.941723
2012-10-26 14:00:00,23.107723
2012-10-26 15:00:00,25.92928
2012-10-26 16:00:00,18.254536
2012-10-26 17:00:00,17.513117
2012-10-26 18:00:00,18.01128
2012-10-26 19:00:00,17.797007
2012-10-26 20:00:00,17.798618
2012-10-26 21:00:00,18.916609
2012-10-26 22:00:00,18.045277
2012-10-26 23:00:00,18.057735
2012-10-27 00:00:00,22.248264
2012-10-27 01:00:00,23.05465
2012-10-27 02:00:00,22.73763
2012-10-27 03:00:00,22.361229
2012-10-27 04:00:00,22.81629
2012-10-27 05:00:00,24.219357
2012-10-27 06:00:00,24.222916
2012-10-27 07:00:00,23.030937
2012-10-27 08:00:00,23.373844
2012-10-27 09:00:00,23.375666
2012-10-27 10:00:00,23.789005
2012-10-27 11:00:00,20.319088
2012-10-27 12:00:00,29.645184
2012-10-27 13:00:00,30.597698
2012-10-27 14:00:00,30.766613
2012-10-27 15:00:00,22.32285
2012-10-27 16:00:00,19.441376
2012-10-27 17:00:00,19.443195
2012-10-27 18:00:00,19.44504
2012-10-27 19:00:00,24.706957
2012-10-27 20:00:00,24.709192
2012-10-27 21:00:00,24.700962
2012-10-27 22:00:00,24.052
2012-10-27 23:00:00,23.975895
2012-10-28 00:00:00,20.823103
2012-10-28 01:00:00,21.00894
2012-10-28 02:00:00,22.063557
2012-10-28 03:00:00,23.789425
2012-10-28 04:00:00,23.919855
2012-10-28 05:00:00,24.40012
2012-10-28 06:00:00,25.483604
2012-10-28 07:00:00,26.02398
2012-10-28 08:00:00,24.731071
2012-10-28 09:00:00,23.705795
2012-10-28 10:00:00,24.862686
2012-10-28 11:00:00,23.417377
2012-10-28 12:00:00,27.871292
2012-10-28 13:00:00,27.74987
2012-10-28 14:00:00,26.5399
2012-10-28 15:00:00,24.09563
2012-10-28 16:00:00,22.64972
2012-10-28 17:00:00,21.983984
2012-10-28 18:00:00,22.618793
2012-10-28 19:00:00,21.711031
2012-10-28 20:00:00,22.325817
2012-10-28 21:00:00,22.828045
2012-10-28 22:00:00,22.94071
2012-10-28 23:00:00,21.758286
2012-10-29 00:00:00,20.405294
2012-10-30 13:00:00,21.60571
2012-10-30 14:00:00,21.624184
2012-10-30 15:00:00,18.590267
2012-10-30 16:00:00,18.618881
2012-10-30 17:00:00,17.605038
2012-10-30 18:00:00,17.679482
2012-10-30 19:00:00,18.12659
2012-10-30 20:00:00,18.516712
2012-10-30 21:00:00,17.723837
2012-10-30 22:00:00,17.024282
2012-10-30 23:00:00,17.072933
2012-10-31 00:00:00,18.017735
2012-10-31 01:00:00,19.081142
2012-10-31 02:00:00,17.98443
2012-10-31 03:00:00,18.292496
2012-10-31 04:00:00,15.724474
2012-10-31 05:00:00,18.368816
2012-10-31 06:00:00,17.15754
2012-10-31 07:00:00,16.534632
2012-10-31 08:00:00,18.663143
2012-10-31 09:00:00,20.217127
2012-10-31 10:00:00,20.589312
2012-10-31 11:00:00,21.539803
2012-10-31 12:00:00,25.215267
2012-10-31 13:00:00,25.074986
2012-10-31 14:00:00,24.714119
2012-10-31 15:00:00,26.229406
2012-10-31 16:00:00,23.492706
2012-10-31 17:00:00,24.803883
2012-10-31 18:00:00,25.27314
2012-10-31 19:00:00,25.54776
2012-10-31 20:00:00,27.176376
2012-10-31 21:00:00,30.222242
2012-10-31 22:00:00,34.727833
2012-10-31 23:00:00,40.114235
2012-11-20 00:00:00,60.85437
2012-11-20 01:00:00,90.937744
2012-11-20 02:00:00,113.6696
2012-11-20 03:00:00,127.856094
2012-11-20 04:00:00,132.88263
2012-11-20 05:00:00,136.60211
2012-11-20 06:00:00,142.85742
2012-11-20 07:00:00,128.87662
2012-11-20 08:00:00,140.19833
2012-11-20 09:00:00,171.78647
2012-11-20 10:00:00,182.5971
2012-11-20 11:00:00,193.76381
2012-11-20 12:00:00,190.87244
2012-11-20 13:00:00,199.57986
2012-11-20 14:00:00,203.59988
2012-11-20 15:00:00,214.8997
2012-11-20 16:00:00,204.70435
2012-11-20 17:00:00,189.53989
2012-11-20 18:00:00,191.0014
2012-11-20 19:00:00,195.3638
2012-11-20 20:00:00,179.52579
2012-11-20 21:00:00,166.79071
2012-11-20 22:00:00,168.05624
2012-11-20 23:00:00,149.41132
2012-11-21 00:00:00,147.76611
2012-11-21 01:00:00,157.47354
2012-11-21 02:00:00,145.10931
2012-11-21 03:00:00,145.38544
2012-11-21 04:00:00,145.48093
2012-11-21 05:00:00,145.85364
2012-11-21 06:00:00,143.63174
2012-11-21 07:00:00,142.69406
2012-11-21 08:00:00,146.73193
2012-11-21 09:00:00,153.17307
2012-11-21 10:00:00,207.23401
2012-11-21 11:00:00,221.85239
2012-11-21 12:00:00,226.9569
2012-11-21 13:00:00,227.73767
2012-11-21 14:00:00,228.48495
2012-11-21 15:00:00,225.95325
2012-11-21 16:00:00,226.95041
2012-11-21 17:00:00,227.61984
2012-11-21 18:00:00,229.10342
2012-11-21 19:00:00,224.93652
2012-11-21 20:00:00,205.29796
2012-11-21 21:00:00,216.30121
2012-11-21 22:00:00,212.93536
2012-11-21 23:00:00,199.4191
2012-11-22 00:00:00,191.08752
2012-11-22 01:00:00,180.48257
2012-11-22 02:00:00,175.12143
2012-11-22 03:00:00,176.69379
2012-11-22 04:00:00,182.32579
2012-11-22 05:00:00,176.8807
2012-11-22 06:00:00,177.53511
2012-11-22 07:00:00,181.57169
2012-11-22 08:00:00,181.60738
2012-11-22 09:00:00,183.39081
2012-11-22 10:00:00,204.99329
2012-11-22 11:00:00,206.93015
2012-11-22 12:00:00,207.45438
2012-11-22 13:00:00,207.5386
2012-11-22 14:00:00,210.08206
2012-11-22 15:00:00,210.12471
2012-11-22 16:00:00,207.74904
2012-11-22 17:00:00,207.63162
2012-11-22 18:00:00,204.89294
2012-11-22 19:00:00,192.9613
2012-11-22 20:00:00,189.2738
2012-11-22 21:00:00,203.83177
2012-11-22 22:00:00,201.77055
2012-11-22 23:00:00,182.52916
2012-11-23 00:00:00,161.43369
2012-11-23 01:00:00,165.98257
2012-11-23 02:00:00,158.30478
2012-11-23 03:00:00,156.0983
2012-11-23 04:00:00,159.01192
2012-11-23 05:00:00,156.24603
2012-11-23 06:00:00,156.28053
2012-11-23 07:00:00,156.3292
2012-11-23 08:00:00,157.06549
2012-11-23 09:00:00,167.8936
2012-11-23 10:00:00,207.53467
2012-11-23 11:00:00,223.35612
2012-11-23 12:00:00,227.98514
2012-11-23 13:00:00,227.81487
2012-11-23 14:00:00,227.25223
2012-11-23 15:00:00,228.16953
2012-11-23 16:00:00,230.75006
2012-11-23 17:00:00,228.02423
2012-11-23 18:00:00,226.48828
2012-11-23 19:00:00,228.3897
2012-11-23 20:00:00,228.93738
2012-11-23 21:00:00,225.11209
2012-11-23 22:00:00,230.09697
2012-11-23 23:00:00,226.78302
2012-11-24 00:00:00,213.50595
2012-11-24 01:00:00,214.16164
2012-11-24 02:00:00,215.24402
2012-11-24 03:00:00,212.91052
2012-11-24 04:00:00,210.42996
2012-11-24 05:00:00,211.21643
2012-11-24 06:00:00,218.02908
2012-11-24 07:00:00,213.30417
2012-11-24 08:00:00,214.7103
2012-11-24 09:00:00,213.68295
2012-11-24 10:00:00,213.15924
2012-11-24 11:00:00,213.21808
2012-11-24 12:00:00,215.85364
2012-11-24 13:00:00,216.53412
2012-11-24 14:00:00,217.66647
2012-11-24 15:00:00,216.77397
2012-11-24 16:00:00,213.57547
2012-11-24 17:00:00,211.05707
2012-11-24 18:00:00,212.50352
2012-11-24 19:00:00,213.93959
2012-11-24 20:00:00,219.93639
2012-11-24 21:00:00,214.67436
2012-11-24 22:00:00,217.61656
2012-11-24 23:00:00,214.71149
2012-11-25 00:00:00,220.89276
2012-11-25 01:00:00,212.93929
2012-11-25 02:00:00,211.56851
2012-11-25 03:00:00,212.49649
2012-11-25 04:00:00,212.50986
2012-11-25 05:00:00,217.292
2012-11-25 06:00:00,215.28502
2012-11-25 07:00:00,215.55505
2012-11-25 08:00:00,217.80453
2012-11-25 09:00:00,212.29626
2012-11-25 10:00:00,142.75587
2012-11-25 11:00:00,108.70256
2012-11-25 12:00:00,80.54599
2012-11-25 13:00:00,61.03619
2012-11-25 14:00:00,44.933743
2012-11-25 15:00:00,50.098465
2012-11-25 16:00:00,52.266685
2012-11-25 17:00:00,51.6318
2012-11-25 18:00:00,51.22048
2012-11-25 19:00:00,50.37493
2012-11-25 20:00:00,47.17508
2012-11-25 21:00:00,48.883125
2012-11-25 22:00:00,47.178852
2012-11-25 23:00:00,40.392212
2012-11-26 00:00:00,35.391644
2012-11-26 01:00:00,38.770573
2012-11-26 02:00:00,38.774284
2012-11-26 03:00:00,38.77806
2012-11-26 04:00:00,35.406708
2012-11-26 05:00:00,38.4981
2012-11-26 06:00:00,35.414772
2012-11-26 07:00:00,37.370384
2012-11-26 08:00:00,37.383812
2012-11-26 09:00:00,38.297676
2012-11-26 10:00:00,42.37505
2012-11-26 11:00:00,44.894024
2012-11-26 12:00:00,45.49817
2012-11-26 13:00:00,45.504017
2012-11-26 14:00:00,47.58498
2012-11-26 15:00:00,45.01806
2012-11-26 16:00:00,47.874283
2012-11-26 17:00:00,47.95138
2012-11-26 18:00:00,41.521385
2012-11-26 19:00:00,42.62413
2012-11-26 20:00:00,43.34648
2012-11-26 21:00:00,43.352238
2012-11-26 22:00:00,42.981598
2012-11-26 23:00:00,40.841164
2012-11-27 00:00:00,40.38317
2012-11-27 01:00:00,40.46626
2012-11-27 02:00:00,40.13132
2012-11-27 03:00:00,42.080254
2012-11-27 04:00:00,40.88287
2012-11-27 05:00:00,38.44567
2012-11-27 06:00:00,39.197357
2012-11-27 07:00:00,40.80056
2012-11-27 08:00:00,42.623207
2012-11-27 09:00:00,40.37081
2012-11-27 10:00:00,42.615387
2012-11-27 11:00:00,40.535675
2012-11-27 12:00:00,42.28247
2012-11-27 13:00:00,42.34162
2012-11-27 14:00:00,44.222366
2012-11-27 15:00:00,41.90101
2012-11-27 16:00:00,42.13638
2012-11-27 17:00:00,42.408276
2012-11-27 18:00:00,39.44995
2012-11-27 19:00:00,42.598183
2012-11-27 20:00:00,42.704475
2012-11-27 21:00:00,42.815475
2012-11-27 22:00:00,42.7847
2012-11-27 23:00:00,43.57871
2012-11-28 00:00:00,44.040565
2012-11-28 01:00:00,43.988235
2012-11-28 02:00:00,44.989765
2012-11-28 03:00:00,45.883324
2012-11-28 04:00:00,45.16409
2012-11-28 05:00:00,42.184856
2012-11-28 06:00:00,42.15291
2012-11-28 07:00:00,43.772396
2012-11-28 08:00:00,42.531128
2012-11-28 09:00:00,39.555565
2012-11-28 10:00:00,43.837494
2012-11-28 11:00:00,44.750496
2012-11-28 12:00:00,45.122604
2012-11-28 13:00:00,46.869656
2012-11-28 14:00:00,47.776707
2012-11-28 15:00:00,48.523598
2012-11-28 16:00:00,46.74849
2012-11-28 17:00:00,46.05022
2012-11-28 18:00:00,46.635647
2012-11-28 19:00:00,47.421795
2012-11-28 20:00:00,46.918037
2012-11-28 21:00:00,46.562706
2012-11-28 22:00:00,44.392693
2012-11-28 23:00:00,43.313618
2012-11-29 00:00:00,40.15338
2012-11-29 01:00:00,40.937622
2012-11-29 02:00:00,41.74727
2012-11-29 04:00:00,40.156013
2012-11-29 05:00:00,42.01593
2012-11-29 06:00:00,37.30767
2012-11-29 07:00:00,44.081688
2012-11-29 08:00:00,41.730766
2012-11-29 09:00:00,43.291588
2012-11-29 10:00:00,38.27198
2012-11-29 11:00:00,47.831635
2012-11-29 12:00:00,48.499554
2012-11-29 13:00:00,47.68376
2012-11-29 14:00:00,46.486595
2012-11-29 15:00:00,45.338387
2012-11-29 16:00:00,48.77142
2012-11-29 17:00:00,49.529594
2012-11-29 18:00:00,45.072033
2012-11-29 19:00:00,41.515324
2012-11-29 20:00:00,41.90997
2012-11-29 21:00:00,41.836205
2012-11-29 22:00:00,38.899246
2012-11-29 23:00:00,42.65199
2012-11-30 00:00:00,39.70755
2012-11-30 01:00:00,39.39454
2012-11-30 02:00:00,42.174706
2012-11-30 03:00:00,42.328617
2012-11-30 04:00:00,40.57073
2012-11-30 05:00:00,40.38918
2012-11-30 06:00:00,38.604557
2012-11-30 07:00:00,40.959297
2012-11-30 08:00:00,44.313942
2012-11-30 09:00:00,44.16201
2012-11-30 10:00:00,50.428387
2012-11-30 11:00:00,48.538803
2012-11-30 12:00:00,53.900814
2012-11-30 13:00:00,57.559654
2012-11-30 14:00:00,57.146885
2012-11-30 15:00:00,61.204586
2012-11-30 16:00:00,60.644646
2012-11-30 17:00:00,54.367035
2012-11-30 18:00:00,56.00647
2012-11-30 19:00:00,56.516502
2012-11-30 20:00:00,59.22003
2012-11-30 21:00:00,64.55002
2012-11-30 22:00:00,76.76169
2012-11-30 23:00:00,120.36041
2012-12-20 00:00:00,86.3031
2012-12-20 01:00:00,102.62258
2012-12-20 02:00:00,112.30492
2012-12-20 03:00:00,115.93498
2012-12-20 04:00:00,121.83689
2012-12-20 05:00:00,138.18567
2012-12-20 06:00:00,130.93898
2012-12-20 07:00:00,132.32492
2012-12-20 08:00:00,133.77365
2012-12-20 09:00:00,134.91808
2012-12-20 10:00:00,137.06017
2012-12-20 11:00:00,163.90527
2012-12-20 12:00:00,164.527
2012-12-20 13:00:00,169.20096
2012-12-20 14:00:00,164.2898
2012-12-20 15:00:00,169.06189
2012-12-20 16:00:00,178.68454
2012-12-20 17:00:00,145.22177
2012-12-20 18:00:00,150.17383
2012-12-20 19:00:00,142.66286
2012-12-20 20:00:00,145.64618
2012-12-20 21:00:00,146.1755
2012-12-20 22:00:00,155.62921
2012-12-20 23:00:00,164.86395
2012-12-21 00:00:00,173.89648
2012-12-21 01:00:00,169.95695
2012-12-21 02:00:00,171.09822
2012-12-21 03:00:00,171.272
2012-12-21 04:00:00,166.32275
2012-12-21 05:00:00,168.21344
2012-12-21 06:00:00,175.6926
2012-12-21 07:00:00,174.0867
2012-12-21 08:00:00,175.38283
2012-12-21 09:00:00,181.38724
2012-12-21 10:00:00,186.91055
2012-12-21 11:00:00,180.3302
2012-12-21 12:00:00,183.64293
2012-12-21 13:00:00,182.99188
2012-12-21 14:00:00,182.12231
2012-12-21 15:00:00,178.07353
2012-12-21 16:00:00,184.11389
2012-12-21 17:00:00,175.85838
2012-12-21 18:00:00,177.05667
2012-12-21 19:00:00,184.89961
2012-12-21 20:00:00,179.92882
2012-12-21 21:00:00,188.01465
2012-12-21 22:00:00,183.78026
2012-12-21 23:00:00,167.8735
2012-12-22 00:00:00,186.03448
2012-12-22 01:00:00,185.1329
2012-12-22 02:00:00,185.48761
2012-12-22 03:00:00,184.26093
2012-12-22 04:00:00,185.88748
2012-12-22 05:00:00,184.42886
2012-12-22 06:00:00,186.13463
2012-12-22 07:00:00,186.13913
2012-12-22 08:00:00,186.19287
2012-12-22 09:00:00,185.05988
2012-12-22 10:00:00,184.92377
2012-12-22 11:00:00,188.07004
2012-12-22 12:00:00,189.66145
2012-12-22 13:00:00,188.65576
2012-12-22 14:00:00,188.642
2012-12-22 15:00:00,188.85635
2012-12-22 16:00:00,187.62329
2012-12-22 17:00:00,187.22842
2012-12-22 18:00:00,186.39264
2012-12-22 19:00:00,183.40189
2012-12-22 20:00:00,184.27814
2012-12-22 21:00:00,174.20108
2012-12-22 22:00:00,174.229
2012-12-22 23:00:00,173.39076
2012-12-23 00:00:00,179.16034
2012-12-23 01:00:00,177.5639
2012-12-23 02:00:00,172.92404
2012-12-23 03:00:00,172.57657
2012-12-23 04:00:00,178.21246
2012-12-23 05:00:00,180.8281
2012-12-23 06:00:00,179.21909
2012-12-23 07:00:00,179.24637
2012-12-23 08:00:00,176.93817
2012-12-23 09:00:00,183.14432
2012-12-23 10:00:00,176.8621
2012-12-23 11:00:00,183.74622
2012-12-23 12:00:00,184.36093
2012-12-23 13:00:00,184.84863
2012-12-23 14:00:00,190.1108
2012-12-23 15:00:00,187.31989
2012-12-23 16:00:00,188.30777
2012-12-23 17:00:00,181.76056
2012-12-23 18:00:00,182.59796
2012-12-23 19:00:00,181.42766
2012-12-23 20:00:00,177.75897
2012-12-23 21:00:00,183.40326
2012-12-23 22:00:00,195.43596
2012-12-23 23:00:00,183.72021
2012-12-24 00:00:00,148.77985
2012-12-24 01:00:00,148.70584
2012-12-24 02:00:00,146.33688
2012-12-24 03:00:00,146.35147
2012-12-24 05:00:00,144.7482
2012-12-24 06:00:00,146.34071
2012-12-24 07:00:00,146.93533
2012-12-24 08:00:00,148.84401
2012-12-24 09:00:00,165.62674
2012-12-24 10:00:00,150.74951
2012-12-24 11:00:00,168.57153
2012-12-24 12:00:00,148.3464
2012-12-24 13:00:00,157.45067
2012-12-24 14:00:00,162.63293
2012-12-24 15:00:00,154.19046
2012-12-24 16:00:00,154.20267
2012-12-24 17:00:00,152.93079
2012-12-24 18:00:00,161.05031
2012-12-24 19:00:00,155.55008
2012-12-24 20:00:00,157.75128
2012-12-24 21:00:00,156.55887
2012-12-24 22:00:00,161.87762
2012-12-24 23:00:00,162.55078
2012-12-25 00:00:00,174.97037
2012-12-25 01:00:00,173.80658
2012-12-25 02:00:00,173.81741
2012-12-25 04:00:00,172.04948
2012-12-25 05:00:00,167.37079
2012-12-25 06:00:00,167.38054
2012-12-25 07:00:00,170.52174
2012-12-25 08:00:00,170.21585
2012-12-25 09:00:00,169.83762
2012-12-25 10:00:00,172.01334
2012-12-25 11:00:00,166.29007
2012-12-25 12:00:00,166.08957
2012-12-25 13:00:00,185.29155
2012-12-25 14:00:00,184.43332
2012-12-25 15:00:00,174.47478
2012-12-25 16:00:00,179.29211
2012-12-25 17:00:00,178.49527
2012-12-25 18:00:00,178.94452
2012-12-25 19:00:00,175.07428
2012-12-25 20:00:00,177.65652
2012-12-25 21:00:00,179.14973
2012-12-25 22:00:00,176.10721
2012-12-25 23:00:00,184.92654
2012-12-26 00:00:00,168.05463
2012-12-26 01:00:00,170.11485
2012-12-26 02:00:00,170.18619
2012-12-26 03:00:00,166.34967
2012-12-26 04:00:00,163.73392
2012-12-26 05:00:00,161.83789
2012-12-26 06:00:00,162.14838
2012-12-26 07:00:00,155.05904
2012-12-26 08:00:00,155.06131
2012-12-26 09:00:00,155.06738
2012-12-26 10:00:00,154.54407
2012-12-26 11:00:00,151.16663
2012-12-26 12:00:00,157.9317
2012-12-26 13:00:00,157.93802
2012-12-26 14:00:00,154.0367
2012-12-26 15:00:00,161.82156
2012-12-26 16:00:00,161.828
2012-12-26 17:00:00,158.75977
2012-12-26 18:00:00,161.9904
2012-12-26 19:00:00,164.46133
2012-12-26 20:00:00,167.5075
2012-12-26 21:00:00,161.90434
2012-12-26 22:00:00,156.08931
2012-12-26 23:00:00,160.72824
2012-12-27 00:00:00,164.79805
2012-12-27 01:00:00,159.64273
2012-12-27 02:00:00,157.43634
2012-12-27 03:00:00,158.17099
2012-12-27 04:00:00,158.1016
2012-12-27 05:00:00,156.82812
2012-12-27 06:00:00,163.67953
2012-12-27 07:00:00,160.05414
2012-12-27 08:00:00,169.80429
2012-12-27 09:00:00,173.35349
2012-12-27 10:00:00,181.06285
2012-12-27 11:00:00,172.44073
2012-12-27 12:00:00,186.61824
2012-12-27 13:00:00,186.62372
2012-12-27 14:00:00,179.49503
2012-12-27 15:00:00,177.48892
2012-12-27 16:00:00,154.76532
2012-12-27 17:00:00,154.77124
2012-12-27 18:00:00,171.36218
2012-12-27 19:00:00,169.32977
2012-12-27 20:00:00,161.17395
2012-12-27 21:00:00,171.38419
2012-12-27 22:00:00,171.91016
2012-12-27 23:00:00,171.39438
2012-12-28 00:00:00,166.14783
2012-12-28 01:00:00,169.9393
2012-12-28 02:00:00,170.91397
2012-12-28 03:00:00,166.23413
2012-12-28 04:00:00,172.97797
2012-12-28 05:00:00,164.4607
2012-12-28 06:00:00,163.63307
2012-12-28 07:00:00,161.60672
2012-12-28 08:00:00,165.2687
2012-12-28 09:00:00,173.48045
2012-12-28 10:00:00,157.56757
2012-12-28 11:00:00,166.56335
2012-12-28 12:00:00,166.23569
2012-12-28 13:00:00,166.24054
2012-12-28 14:00:00,166.24536
2012-12-28 15:00:00,157.90242
2012-12-28 16:00:00,170.53267
2012-12-28 17:00:00,163.82047
2012-12-28 18:00:00,163.82422
2012-12-28 19:00:00,169.57367
2012-12-28 20:00:00,177.98465
2012-12-28 21:00:00,159.1014
2012-12-28 22:00:00,167.65681
2012-12-28 23:00:00,164.81169
2012-12-29 00:00:00,181.79462
2012-12-29 01:00:00,183.3937
2012-12-29 02:00:00,181.8006
2012-12-29 03:00:00,186.65588
2012-12-29 04:00:00,183.4032
2012-12-29 05:00:00,183.40627
2012-12-29 06:00:00,190.04288
2012-12-29 07:00:00,184.61656
2012-12-29 08:00:00,190.00787
2012-12-29 09:00:00,190.01157
2012-12-29 10:00:00,188.62973
2012-12-29 11:00:00,186.83856
2012-12-29 12:00:00,182.38354
2012-12-29 13:00:00,182.41801
2012-12-29 14:00:00,192.70258
2012-12-29 15:00:00,187.94205
2012-12-29 16:00:00,189.39825
2012-12-29 17:00:00,188.56345
2012-12-29 18:00:00,186.27338
2012-12-29 19:00:00,190.04222
2012-12-29 20:00:00,194.49622
2012-12-29 21:00:00,193.33606
2012-12-29 22:00:00,189.84818
2012-12-29 23:00:00,179.70174
2012-12-30 00:00:00,194.84048
2012-12-30 01:00:00,196.50659
2012-12-30 02:00:00,179.47742
2012-12-30 03:00:00,196.51437
2012-12-30 04:00:00,179.60023
2012-12-30 05:00:00,197.11292
2012-12-30 06:00:00,190.27963
2012-12-30 07:00:00,188.91055
2012-12-30 08:00:00,186.96371
2012-12-30 09:00:00,187.48859
2012-12-30 10:00:00,189.8247
2012-12-30 11:00:00,190.66891
2012-12-30 12:00:00,189.46323
2012-12-30 13:00:00,190.89267
2012-12-30 14:00:00,190.03647
2012-12-30 15:00:00,188.5317
2012-12-30 16:00:00,188.5788
2012-12-30 17:00:00,189.85875
2012-12-30 18:00:00,195.20331
2012-12-30 19:00:00,187.66292
2012-12-30 20:00:00,182.8287
2012-12-30 21:00:00,175.4024
2012-12-30 22:00:00,177.22116
2012-12-30 23:00:00,175.2067
2012-12-31 00:00:00,146.70712
2012-12-31 01:00:00,146.70999
2012-12-31 02:00:00,153.18631
2012-12-31 03:00:00,155.29019
2012-12-31 04:00:00,145.85048
2012-12-31 05:00:00,146.43092
2012-12-31 06:00:00,146.97443
2012-12-31 07:00:00,147.45767
2012-12-31 08:00:00,147.42407
2012-12-31 09:00:00,158.65482
2012-12-31 10:00:00,153.92978
2012-12-31 11:00:00,168.71657
2012-12-31 12:00:00,171.29819
2012-12-31 13:00:00,177.08746
2012-12-31 14:00:00,178.30054
2012-12-31 15:00:00,177.14755
2012-12-31 16:00:00,172.61394
2012-12-31 17:00:00,156.22586
2012-12-31 18:00:00,167.27438
2012-12-31 19:00:00,167.98312
2012-12-31 20:00:00,168.01906
2012-12-31 21:00:00,167.83914
2012-12-31 22:00:00,153.2221
2012-12-31 23:00:00,155.86525
